business_id,district,sector,investment_lakhs,employee_count,power_requirement_kw,land_area_sqm,water_usage_kld,uses_hazardous_material,uses_boiler,is_service_sector,trade_license,gst_registration,factory_license,labour_registration,fire_noc,pollution_noc,environmental_clearance,fssai_license,boiler_license,explosives_license,electricity_noc,building_plan_approval
PB00001,Patiala,Agro-based,118.74,21,23.4,861.5,0.5,0,0,0,1,1,1,1,1,0,0,0,0,0,0,1
PB00002,Jalandhar,Leather Products,226.4,18,33.3,1246.4,19.2,1,0,0,1,1,1,0,1,1,0,0,0,0,1,1
PB00003,Sangrur,Agro-based,224.3,16,29.1,867.6,0.5,0,0,0,1,1,1,1,1,0,0,0,0,0,1,1
PB00004,Mohali,Plastic Products,1341.03,4,186.8,3792.8,13.5,1,0,0,1,1,0,0,1,1,0,0,0,1,1,0
PB00005,Jalandhar,Auto Components,1254.01,38,171.3,3607.4,7.7,0,0,0,1,1,1,1,1,0,0,0,0,0,1,1
PB00006,Mohali,Food Processing,1179.8,63,183.7,5225.5,0.5,0,1,0,1,1,1,1,1,0,0,1,1,0,1,1
PB00007,Hoshiarpur,Chemical,165.78,10,43.2,661.7,15.8,1,0,0,1,1,1,1,1,1,0,0,0,1,1,1
PB00008,Bathinda,Agro-based,709.52,1,113.3,1930.8,2.7,0,0,0,1,1,0,0,1,0,0,0,0,0,1,1
PB00009,Mohali,Rice Milling,431.06,150,60.8,1444.0,19.7,0,1,0,1,1,1,1,1,1,0,1,1,0,1,1
PB00010,Moga,Food Processing,111.55,6,5.4,384.5,1.0,0,1,0,1,1,0,1,1,0,0,1,1,0,0,1
PB00011,Hoshiarpur,Steel Rolling,3163.87,23,462.1,9230.4,5.1,0,0,0,1,1,1,1,1,0,1,0,0,0,1,1
PB00012,Mohali (SAS Nagar),Food Processing,611.27,29,113.7,908.9,14.3,0,0,0,1,1,1,1,1,0,0,1,0,1,1,1
PB00013,Hoshiarpur,Plastic Products,140.35,44,33.7,1951.6,0.5,1,0,0,1,1,1,1,1,1,0,0,0,1,1,1
PB00014,Jalandhar,Furniture/Wood,891.07,62,141.6,1781.6,3.1,0,0,0,1,1,1,1,1,0,0,0,0,0,1,1
PB00015,Jalandhar,Food Processing,510.56,5,80.0,1724.3,0.5,0,0,0,1,1,0,1,1,0,0,1,0,0,1,1
PB00016,Amritsar,Textile Dyeing,477.75,26,148.7,1718.7,29.1,0,0,0,1,1,1,1,1,1,0,0,0,0,1,1
PB00017,Patiala,Rice Milling,45.12,24,2.0,523.8,19.6,0,1,0,1,1,1,1,1,1,0,1,1,0,0,1
PB00018,Fatehgarh Sahib,Pharmaceutical,713.77,8,140.3,1974.2,17.5,1,0,0,1,1,0,1,1,1,1,0,0,1,1,1
PB00019,Sangrur,Textile Dyeing,109.74,20,9.7,50.0,25.6,0,1,0,1,1,1,1,1,1,1,0,1,0,0,0
PB00020,Patiala,Cement,780.46,27,120.0,2927.6,9.3,0,0,0,1,1,1,1,1,0,1,0,0,0,1,1
PB00021,Amritsar,Paper & Pulp,455.47,11,92.9,720.8,32.4,0,1,0,1,1,1,1,1,1,0,0,1,0,1,1
PB00022,Ludhiana,Textile Dyeing,137.1,9,28.2,657.4,7.8,0,1,0,1,1,0,1,1,1,0,0,1,0,1,1
PB00023,Patiala,Rice Milling,299.42,9,83.2,1430.9,5.7,0,1,0,1,1,0,1,1,1,0,1,1,0,1,1
PB00024,Rupnagar,Auto Components,246.79,28,64.2,523.7,6.6,0,0,0,1,1,1,1,1,0,0,0,0,0,1,1
PB00025,Patiala,Chemical,183.04,13,33.7,1286.8,26.9,1,1,0,1,1,0,1,1,1,0,0,1,1,1,1
PB00026,Moga,Rice Milling,338.35,12,59.9,1049.9,27.9,0,1,0,1,1,1,1,1,1,0,1,1,0,1,1
PB00027,Sangrur,Auto Components,153.99,13,3.4,216.4,0.5,0,0,0,1,1,0,1,0,0,0,0,0,0,0,1
PB00028,Jalandhar,Cement,2317.07,32,377.1,7301.3,3.9,0,0,0,1,1,0,1,1,0,1,0,0,0,1,1
PB00029,Ludhiana,Rice Milling,27.18,7,2.0,53.8,22.1,0,0,0,1,1,0,1,0,1,0,1,0,0,0,0
PB00030,Ludhiana,Food Processing,562.61,1,79.0,1428.9,12.1,0,0,0,1,1,0,0,1,0,0,1,0,0,1,1
PB00031,Bathinda,Textile,2372.35,51,338.5,7175.3,7.9,0,0,0,1,1,1,1,1,0,1,0,0,0,1,1
PB00032,Amritsar,Pharmaceutical,2671.67,4,424.9,8202.8,9.0,1,0,0,1,1,0,0,1,1,1,0,0,1,1,1
PB00033,Rupnagar,Textile Dyeing,136.41,25,9.9,50.0,19.1,0,1,0,1,1,1,1,1,1,0,0,1,0,0,0
PB00034,Ludhiana,Chemical,129.18,19,3.9,399.4,22.5,1,0,0,1,1,0,1,1,1,0,0,0,1,0,1
PB00035,Sangrur,Auto Components,350.48,6,20.4,1153.2,0.5,1,0,0,1,1,0,1,1,1,0,0,0,1,0,1
PB00036,Patiala,Leather Products,84.4,139,33.0,50.0,32.7,1,0,0,1,1,1,1,1,1,0,0,0,0,1,0
PB00037,Bathinda,Engineering/Metal Fabrication,197.21,10,17.7,159.6,5.4,0,0,0,1,1,1,1,0,0,0,0,0,0,0,1
PB00038,Rupnagar,Textile,161.73,3,35.1,153.9,9.6,0,0,0,1,1,0,0,0,0,0,0,0,0,1,1
PB00039,Jalandhar,Auto Components,342.61,11,39.4,1408.0,13.9,0,0,0,1,1,1,1,1,0,0,0,0,0,1,1
PB00040,Jalandhar,Paper & Pulp,942.75,17,138.3,3412.1,22.0,0,0,0,1,1,1,1,1,1,1,0,0,0,1,1
PB00041,Mohali (SAS Nagar),Plastic Products,42.87,6,2.0,50.0,5.1,1,0,0,1,1,0,1,1,1,0,0,0,0,0,0
PB00042,Fatehgarh Sahib,Plastic Products,2550.59,22,374.3,7968.2,23.2,1,0,0,1,1,1,1,1,1,1,0,0,1,1,1
PB00043,Ludhiana,IT/Software Services,443.96,7,51.0,233.6,5.4,0,0,1,1,1,0,1,1,0,0,0,0,0,1,1
PB00044,Mohali (SAS Nagar),IT/Software Services,6000.0,3,929.9,18327.2,4.6,0,0,1,1,1,0,0,0,0,1,0,0,0,1,1
PB00045,Fatehgarh Sahib,Plastic Products,207.91,53,18.6,376.0,8.4,1,0,0,1,1,1,1,1,1,0,0,0,1,0,1
PB00046,Patiala,Textile Dyeing,262.9,34,40.9,143.7,9.6,0,1,0,1,1,1,1,1,1,0,0,1,0,1,0
PB00047,Mohali,Steel Rolling,658.48,16,144.3,1160.8,5.9,0,0,0,1,1,1,1,1,0,0,0,0,0,1,1
PB00048,Mohali (SAS Nagar),Furniture/Wood,1397.74,3,223.7,4310.6,19.5,0,0,0,1,1,0,0,1,1,0,0,0,0,1,1
PB00049,Sangrur,Textile,1547.54,2,216.7,4330.6,25.6,0,0,0,1,1,0,0,1,1,0,0,0,0,1,1
PB00050,Bathinda,Pharmaceutical,475.28,9,52.5,591.0,34.1,1,0,0,1,1,0,1,1,1,0,0,0,1,1,1
PB00051,Amritsar,Electronics,269.44,25,43.7,320.3,4.8,0,0,0,1,1,1,1,1,0,0,0,0,0,1,1
PB00052,Amritsar,Cement,582.31,3,98.4,2749.7,10.7,0,0,0,1,1,1,0,1,0,1,0,0,0,1,1
PB00053,Ludhiana,Cement,53.25,5,2.0,172.8,9.1,0,0,0,1,1,0,1,0,0,0,0,0,0,0,1
PB00054,Mohali (SAS Nagar),Leather Products,181.58,17,30.8,848.5,7.8,1,0,0,1,1,1,1,1,1,0,0,0,1,1,1
PB00055,Mohali (SAS Nagar),Auto Components,72.69,11,20.9,484.4,0.5,0,0,0,1,1,1,1,1,0,0,0,0,0,0,1
PB00056,Mohali,Plastic Products,1121.51,33,186.8,3384.4,5.1,1,0,0,1,1,1,1,1,1,0,0,0,1,1,1
PB00057,Mohali,Agro-based,163.83,28,20.7,50.0,10.3,0,0,0,1,1,1,1,1,0,0,0,0,0,0,0
PB00058,Hoshiarpur,Paper & Pulp,963.73,23,106.0,2565.9,28.3,0,0,0,1,1,1,0,1,0,1,0,0,0,1,1
PB00059,Patiala,Agro-based,392.8,9,26.8,1462.3,0.5,0,0,0,1,1,0,0,1,0,0,0,0,0,1,1
PB00060,Moga,Beverages,323.48,13,30.9,646.2,26.4,0,0,0,1,1,1,1,1,1,0,1,0,0,1,1
PB00061,Fatehgarh Sahib,Cement,350.36,10,61.9,1305.2,0.5,0,0,0,1,1,1,1,1,0,0,0,0,0,1,1
PB00062,Moga,Leather Products,756.44,66,149.4,1962.9,16.9,1,0,0,1,1,1,1,1,1,0,0,0,1,1,1
PB00063,Rupnagar,Plastic Products,388.99,82,48.0,1278.9,4.9,1,0,0,1,1,1,1,1,1,0,0,0,1,1,1
PB00064,Sangrur,Plastic Products,1491.05,34,233.8,5006.5,14.4,1,0,0,1,1,1,1,1,1,1,0,0,1,1,1
PB00065,Amritsar,Agro-based,639.11,23,91.4,1919.0,11.5,0,0,0,1,1,1,1,1,0,0,0,0,0,1,1
PB00066,Mohali,Leather Products,78.39,11,15.6,772.0,11.8,1,0,0,1,1,1,1,1,1,0,0,0,0,0,1
PB00067,Patiala,Textile Dyeing,2257.64,15,327.5,7713.5,8.4,0,0,0,1,1,1,1,1,1,1,0,0,0,1,1
PB00068,Mohali,Leather Products,35.92,5,38.6,556.7,18.3,1,0,0,1,1,0,1,1,1,0,0,0,0,1,1
PB00069,Mohali,Rice Milling,338.82,5,43.4,1028.1,14.8,0,0,0,1,1,0,0,1,1,0,1,0,0,1,1
PB00070,Mohali (SAS Nagar),Textile,1131.1,21,168.8,3333.8,0.5,0,0,0,1,1,1,1,1,0,0,0,0,0,1,1
PB00071,Ludhiana,Electronics,482.53,7,72.1,1256.0,0.5,0,0,0,1,1,0,1,1,0,0,0,0,0,1,1
PB00072,Fatehgarh Sahib,Beverages,114.3,9,28.6,1042.6,27.4,1,0,0,1,1,0,1,1,1,0,1,0,1,1,1
PB00073,Patiala,Furniture/Wood,1784.02,24,256.0,5340.0,3.2,0,0,0,1,1,1,1,1,0,0,0,0,0,1,1
PB00074,Amritsar,Paper & Pulp,106.06,25,2.0,50.0,19.9,0,1,0,1,1,1,1,1,1,0,0,1,0,0,0
PB00075,Ludhiana,Steel Rolling,6000.0,23,898.3,17813.4,17.1,0,0,0,1,1,1,1,1,1,1,0,0,0,1,1
PB00076,Hoshiarpur,Chemical,2451.74,4,396.6,6050.3,23.0,1,1,0,1,1,0,0,1,1,1,0,1,1,1,1
PB00077,Jalandhar,Textile,97.11,46,5.2,464.6,4.6,0,0,0,1,1,1,1,1,0,0,0,0,0,0,1
PB00078,Mohali,Auto Components,681.81,25,59.2,2399.0,12.8,0,0,0,1,1,1,1,1,0,0,0,0,0,1,1
PB00079,Bathinda,Textile Dyeing,497.72,7,57.0,2301.1,35.8,1,1,0,1,1,0,1,1,1,0,0,1,1,1,1
PB00080,Fatehgarh Sahib,Steel Rolling,319.11,8,58.0,1257.3,0.5,0,0,0,1,1,0,1,1,0,0,0,0,1,1,1
PB00081,Mohali (SAS Nagar),Leather Products,259.24,21,51.2,848.2,24.0,1,0,0,1,1,1,1,1,1,0,0,0,1,1,1
PB00082,Rupnagar,Electronics,1199.17,13,199.2,4192.2,0.5,0,0,0,1,1,1,1,1,0,0,0,0,1,1,1
PB00083,Mohali,Agro-based,1056.08,2,179.7,4291.3,2.6,0,0,0,1,1,0,0,1,0,0,0,0,0,1,1
PB00084,Mohali,Paper & Pulp,388.32,60,21.8,2329.3,25.8,0,0,0,1,1,1,0,1,0,0,0,0,0,0,1
PB00085,Patiala,Leather Products,327.74,27,48.5,508.0,13.0,1,0,0,1,1,1,1,1,1,0,0,0,1,1,1
PB00086,Hoshiarpur,Auto Components,136.63,6,31.5,1333.2,6.8,0,0,0,1,1,0,1,1,0,0,0,0,0,1,1
PB00087,Fatehgarh Sahib,Electronics,698.97,5,127.8,1946.5,2.8,0,0,0,1,1,0,1,1,0,0,0,0,0,1,1
PB00088,Ludhiana,Leather Products,921.97,29,146.6,2673.3,19.0,1,0,0,1,0,1,1,1,1,0,0,0,1,1,1
PB00089,Hoshiarpur,Textile Dyeing,166.66,71,58.6,223.2,24.6,0,1,0,1,1,1,1,1,1,0,0,1,0,1,1
PB00090,Sangrur,Pharmaceutical,2419.31,20,331.8,7423.4,26.7,1,0,0,1,1,1,1,1,1,1,0,0,1,1,1
PB00091,Bathinda,Plastic Products,745.58,17,122.6,1776.4,6.4,1,0,0,1,1,1,1,1,1,0,0,0,1,1,1
PB00092,Bathinda,Plastic Products,85.19,48,15.6,1415.2,8.1,1,0,0,1,1,1,1,1,1,0,0,0,0,0,1
PB00093,Moga,Textile,53.53,25,2.0,50.0,8.1,0,0,0,1,1,1,1,1,0,0,0,0,0,0,0
PB00094,Bathinda,Beverages,6000.0,11,891.0,17726.9,27.8,1,1,0,1,1,1,1,1,1,1,1,1,1,1,1
PB00095,Bathinda,Furniture/Wood,228.63,38,18.3,861.7,12.6,0,0,0,1,1,1,1,1,0,0,0,0,0,0,0
PB00096,Amritsar,Auto Components,9.71,6,9.8,50.0,4.5,0,0,0,1,1,0,1,0,0,0,0,0,0,0,0
PB00097,Patiala,Food Processing,99.3,28,2.0,50.0,8.9,0,0,0,1,1,1,1,1,0,0,1,0,0,0,0
PB00098,Rupnagar,Textile,130.23,56,11.9,1265.3,11.4,0,0,0,1,1,1,1,1,0,0,0,0,0,0,1
PB00099,Mohali,Auto Components,108.6,15,39.7,50.0,0.5,0,0,0,1,1,1,1,1,0,0,0,0,0,1,0
PB00100,Amritsar,IT/Software Services,247.29,114,25.0,1112.9,7.4,0,0,1,1,1,0,1,1,0,0,0,0,0,0,1
PB00101,Ludhiana,Auto Components,166.88,52,5.4,50.0,10.4,0,0,0,1,1,1,1,1,0,1,0,0,0,0,0
PB00102,Moga,Plastic Products,1441.73,13,213.9,4311.6,9.6,1,0,0,1,1,1,1,1,1,0,0,0,1,1,1
PB00103,Rupnagar,Textile,162.07,19,41.5,50.0,0.5,0,0,0,1,1,1,1,0,0,0,0,0,0,1,0
PB00104,Amritsar,Leather Products,268.84,5,52.4,159.7,21.9,1,0,0,1,1,0,1,1,1,0,0,0,1,1,1
PB00105,Jalandhar,Steel Rolling,253.0,7,67.5,511.2,10.3,0,0,0,1,1,0,1,1,0,0,0,0,0,1,1
PB00106,Ludhiana,Textile Dyeing,1956.22,7,281.0,6038.1,26.5,0,0,0,1,1,0,1,1,1,0,0,0,0,1,1
PB00107,Moga,Beverages,353.17,23,35.2,840.8,25.8,0,1,0,1,1,1,1,1,1,0,1,1,0,0,1
PB00108,Sangrur,Chemical,267.7,10,91.3,521.0,21.5,1,1,0,1,1,1,1,1,1,0,0,1,1,1,1
PB00109,Sangrur,Cement,867.86,38,131.9,3342.3,0.5,0,0,0,1,1,1,1,1,0,1,0,0,0,1,1
PB00110,Patiala,Chemical,326.03,12,54.1,1551.8,17.6,1,1,0,1,1,1,1,1,1,1,0,1,0,1,1
PB00111,Rupnagar,Rice Milling,575.64,14,77.0,929.6,24.1,0,1,0,1,1,1,1,1,1,0,1,1,0,1,1
PB00112,Mohali,Chemical,224.53,6,15.8,851.1,18.2,1,1,0,1,1,0,1,1,1,0,0,1,1,0,1
PB00113,Amritsar,Chemical,58.03,6,13.6,217.8,25.6,1,1,0,1,1,0,1,1,1,0,0,1,0,0,1
PB00114,Moga,Paper & Pulp,448.73,9,99.9,1478.1,15.3,0,0,0,1,1,0,1,1,1,0,0,0,0,1,1
PB00115,Amritsar,Pharmaceutical,117.13,29,50.2,220.9,27.6,1,0,0,1,1,1,1,1,1,0,0,0,1,1,1
PB00116,Mohali (SAS Nagar),Leather Products,189.02,22,11.6,318.3,14.5,1,0,0,1,1,1,1,1,1,0,0,0,1,0,1
PB00117,Bathinda,Textile Dyeing,166.72,2,8.7,397.5,9.1,0,1,0,1,1,0,0,1,1,0,0,1,0,0,1
PB00118,Sangrur,Engineering/Metal Fabrication,302.15,23,23.0,1300.9,2.8,0,0,0,1,1,1,1,1,0,0,0,0,0,0,1
PB00119,Sangrur,Electronics,156.76,45,23.3,621.8,7.9,0,0,0,1,1,1,1,1,0,0,0,0,1,0,1
PB00120,Jalandhar,Pharmaceutical,204.83,22,24.8,698.7,30.5,1,0,0,1,1,1,1,1,1,0,0,0,1,0,1
PB00121,Mohali,Furniture/Wood,208.89,72,36.3,837.4,8.6,0,0,0,1,1,1,1,1,0,0,0,0,0,1,1
PB00122,Hoshiarpur,Leather Products,106.13,25,2.0,206.3,15.2,1,0,0,1,1,1,1,1,1,0,0,0,1,0,1
PB00123,Jalandhar,Electronics,1038.14,22,124.5,2400.4,0.5,0,0,0,1,1,1,1,0,0,1,0,0,0,1,1
PB00124,Jalandhar,Beverages,94.34,26,31.8,784.6,36.5,0,1,0,1,1,1,1,1,1,0,1,1,0,1,1
PB00125,Rupnagar,Beverages,829.79,65,117.3,2886.6,24.5,0,1,0,1,1,1,1,1,1,0,1,1,0,1,1
PB00126,Moga,Electronics,4808.67,39,731.3,14520.8,13.0,0,0,0,1,1,1,1,1,0,1,0,0,0,1,1
PB00127,Hoshiarpur,Chemical,139.48,16,15.8,50.0,23.4,1,1,0,1,1,1,1,1,1,0,0,1,1,0,0
PB00128,Ludhiana,IT/Software Services,472.33,4,19.0,1135.7,23.2,0,0,1,1,1,0,0,1,1,0,0,0,0,0,1
PB00129,Fatehgarh Sahib,Rice Milling,610.99,13,76.1,1735.8,12.9,0,1,0,1,1,1,1,1,1,0,1,1,0,1,1
PB00130,Mohali,Plastic Products,542.14,35,58.0,2152.4,0.5,1,0,0,1,1,1,1,0,1,0,0,0,1,1,1
PB00131,Ludhiana,Chemical,37.83,8,2.0,50.0,18.9,1,1,0,1,1,0,1,1,1,0,0,1,1,0,0
PB00132,Sangrur,Agro-based,439.02,24,44.4,1422.0,18.5,0,0,0,1,1,1,1,1,1,0,0,0,0,1,1
PB00133,Sangrur,Engineering/Metal Fabrication,1277.6,12,176.9,3748.8,13.9,0,0,0,1,1,1,1,1,0,0,0,0,0,0,1
PB00134,Sangrur,Chemical,466.2,6,99.6,1272.0,10.3,1,1,0,1,1,0,1,0,1,0,0,1,1,1,1
PB00135,Ludhiana,Rice Milling,1166.0,70,150.2,3201.8,19.8,0,1,0,1,1,0,1,1,1,0,1,1,0,1,1
PB00136,Bathinda,Steel Rolling,549.04,13,114.3,1927.6,2.6,0,0,0,1,1,1,1,1,0,0,0,0,0,1,1
PB00137,Bathinda,Cement,108.49,18,50.9,1441.1,10.1,0,0,0,1,1,1,1,1,0,0,0,0,0,1,1
PB00138,Amritsar,Textile Dyeing,699.89,1,99.3,2650.1,35.7,0,1,0,1,1,0,0,1,1,0,0,1,0,1,1
PB00139,Bathinda,Paper & Pulp,566.15,11,90.3,1526.9,25.0,0,1,0,1,1,1,1,1,1,1,0,1,0,1,1
PB00140,Rupnagar,Leather Products,268.66,2,103.1,1334.0,21.8,1,0,0,1,1,0,0,1,1,0,0,0,1,1,1
PB00141,Ludhiana,Rice Milling,775.04,1,129.4,2422.5,19.9,0,0,0,1,1,0,0,1,1,0,1,0,0,1,0
PB00142,Mohali (SAS Nagar),Steel Rolling,263.13,48,10.7,879.7,6.2,0,0,0,1,1,1,1,1,0,1,0,0,0,0,1
PB00143,Amritsar,Cement,619.97,33,90.3,1051.0,8.6,0,0,0,1,1,1,1,1,0,1,0,0,1,1,1
PB00144,Moga,Rice Milling,175.73,11,2.0,176.3,24.7,0,0,0,1,1,0,1,0,1,0,1,0,0,0,1
PB00145,Rupnagar,Chemical,178.99,36,2.0,522.9,22.7,1,1,0,1,1,1,0,1,1,0,0,1,1,0,1
PB00146,Bathinda,Electronics,142.27,34,4.0,97.8,2.6,0,0,0,1,1,1,1,1,0,0,0,0,0,0,0
PB00147,Ludhiana,Pharmaceutical,375.36,97,87.7,462.0,24.2,1,0,0,1,1,1,1,1,1,0,0,0,1,1,1
PB00148,Ludhiana,IT/Software Services,164.34,23,22.2,50.0,5.1,0,0,1,1,1,0,1,1,0,0,0,0,0,0,0
PB00149,Bathinda,Electronics,1265.25,15,203.2,3259.8,0.5,0,0,0,1,1,1,1,1,0,0,0,0,0,1,1
PB00150,Moga,Textile Dyeing,991.96,26,160.6,2513.0,20.8,0,1,0,1,1,1,1,1,1,0,0,1,0,1,1
PB00151,Moga,Auto Components,413.52,26,38.4,1797.7,10.7,0,0,0,1,1,1,0,1,0,0,0,0,0,0,1
PB00152,Hoshiarpur,Food Processing,888.92,2,138.4,3161.1,0.5,0,0,0,1,0,0,0,1,0,0,1,0,0,1,1
PB00153,Amritsar,Textile,2536.73,14,366.6,7589.6,9.3,0,0,0,1,1,1,1,1,0,1,0,0,0,1,1
PB00154,Patiala,Plastic Products,427.0,68,43.7,875.6,0.5,1,0,0,1,1,1,1,1,1,0,0,0,1,0,1
PB00155,Mohali (SAS Nagar),Auto Components,68.83,19,50.8,209.9,3.5,0,0,0,1,1,1,1,1,0,0,0,0,0,1,1
PB00156,Rupnagar,Furniture/Wood,272.27,24,48.3,840.8,7.7,0,0,0,1,1,1,1,1,0,0,0,0,0,1,1
PB00157,Rupnagar,Auto Components,644.5,16,83.8,2177.4,19.4,0,0,0,1,1,1,1,1,1,0,0,0,1,0,1
PB00158,Rupnagar,IT/Software Services,327.01,17,22.6,677.3,11.1,0,0,1,1,1,0,0,1,0,0,0,0,0,0,1
PB00159,Ludhiana,Agro-based,180.52,20,2.0,330.3,15.0,0,0,0,1,1,1,1,1,1,0,0,0,0,0,1
PB00160,Mohali (SAS Nagar),Textile,49.02,4,47.0,421.7,26.1,0,0,0,1,1,0,0,1,1,0,0,0,0,1,1
PB00161,Mohali (SAS Nagar),Cement,220.13,6,25.7,882.3,5.1,0,0,0,1,1,0,1,1,0,0,0,0,0,1,1
PB00162,Mohali,Cement,880.6,38,87.9,3853.0,11.9,0,0,0,1,1,1,1,1,1,1,0,0,0,1,1
PB00163,Bathinda,Paper & Pulp,985.49,54,177.5,2715.9,26.8,0,1,0,1,1,1,1,1,1,1,0,1,0,1,1
PB00164,Rupnagar,Furniture/Wood,523.2,63,68.4,695.4,6.1,0,0,0,1,1,1,1,1,0,0,0,0,0,1,1
PB00165,Moga,Rice Milling,107.09,13,10.6,431.5,18.4,0,1,0,1,1,1,1,1,1,0,1,1,0,0,1
PB00166,Patiala,Leather Products,374.4,30,73.1,976.2,19.4,1,0,0,1,1,0,1,1,1,0,0,0,1,1,1
PB00167,Mohali (SAS Nagar),Rice Milling,406.58,9,75.0,1430.2,23.9,0,1,0,1,1,0,1,1,1,0,1,1,0,1,1
PB00168,Amritsar,Textile Dyeing,226.19,17,21.1,177.3,11.2,0,1,0,1,1,1,1,1,1,0,0,1,0,0,1
PB00169,Hoshiarpur,Textile,481.07,25,94.5,2167.5,2.1,0,0,0,1,1,1,1,1,0,0,0,0,0,1,1
PB00170,Sangrur,Pharmaceutical,93.82,64,2.0,50.0,33.6,1,0,0,1,1,1,1,1,1,0,0,0,0,0,0
PB00171,Hoshiarpur,Auto Components,368.07,19,59.2,697.8,17.0,0,0,0,1,0,1,1,1,1,0,0,0,0,1,1
PB00172,Ludhiana,Chemical,1591.66,14,218.6,4127.0,24.1,1,0,0,1,0,1,1,1,1,1,0,0,1,1,1
PB00173,Fatehgarh Sahib,Food Processing,1389.62,12,219.7,3659.0,4.8,0,0,0,1,1,1,1,1,0,1,1,0,0,1,1
PB00174,Amritsar,IT/Software Services,333.02,10,55.2,1146.2,3.1,0,0,1,1,0,0,1,1,0,0,0,0,0,1,1
PB00175,Amritsar,Auto Components,79.36,5,6.5,684.4,0.5,0,0,0,1,1,0,1,1,0,0,0,0,0,0,1
PB00176,Ludhiana,Agro-based,379.82,11,84.2,1304.5,12.2,0,0,0,1,1,1,1,1,0,0,0,0,0,1,1
PB00177,Rupnagar,Agro-based,965.35,16,149.8,2708.0,19.0,0,0,0,1,1,1,1,1,1,0,0,0,0,1,1
PB00178,Ludhiana,Pharmaceutical,131.62,6,3.2,1869.4,30.0,1,0,0,1,1,0,1,1,1,0,0,0,1,0,1
PB00179,Fatehgarh Sahib,IT/Software Services,313.32,7,50.5,2432.6,7.9,0,0,1,1,1,0,1,1,0,0,0,0,0,1,1
PB00180,Hoshiarpur,Leather Products,285.75,69,33.5,906.5,29.0,1,0,0,1,1,1,1,1,1,0,0,0,1,1,1
PB00181,Amritsar,Chemical,5821.94,24,845.7,17183.4,28.2,1,1,0,1,1,1,1,1,1,1,0,1,1,1,1
PB00182,Ludhiana,Furniture/Wood,4012.97,32,601.8,12216.2,4.6,0,0,0,1,1,1,1,1,0,1,0,0,0,1,1
PB00183,Mohali,Textile Dyeing,896.59,7,141.5,2978.3,28.4,0,0,0,1,1,0,1,1,1,0,0,0,0,1,0
PB00184,Moga,Beverages,995.09,12,168.1,3233.4,20.4,0,1,0,1,1,1,1,1,1,0,1,1,0,1,1
PB00185,Rupnagar,Plastic Products,152.38,61,13.8,392.2,9.7,1,0,0,1,1,1,1,1,1,0,0,0,1,0,1
PB00186,Fatehgarh Sahib,Electronics,322.61,48,103.4,1637.0,0.5,0,0,0,1,0,1,1,1,0,0,0,0,0,1,1
PB00187,Mohali,Textile Dyeing,955.79,21,180.7,3422.3,19.3,0,1,0,1,1,1,1,1,1,0,0,1,0,1,1
PB00188,Amritsar,Textile,105.76,46,7.4,871.4,9.8,0,0,0,1,1,1,1,1,0,0,0,0,0,0,1
PB00189,Hoshiarpur,Chemical,1025.56,5,164.9,3389.5,14.4,1,1,0,1,1,0,1,1,1,1,0,1,1,1,1
PB00190,Amritsar,Beverages,765.27,11,143.2,2329.8,8.6,0,1,0,1,1,1,1,1,1,0,1,1,0,1,1
PB00191,Jalandhar,IT/Software Services,362.47,10,78.7,788.6,0.5,0,0,1,1,1,1,1,1,0,0,0,0,0,1,1
PB00192,Mohali,Furniture/Wood,816.14,20,143.3,2520.9,5.2,0,0,0,1,1,1,1,1,0,0,0,0,0,1,1
PB00193,Jalandhar,Pharmaceutical,289.7,1,41.0,1431.4,20.1,1,0,0,1,1,0,0,1,1,0,0,0,1,1,1
PB00194,Bathinda,Electronics,886.16,8,123.2,3273.9,18.5,0,0,0,1,1,0,1,1,1,1,0,0,0,1,1
PB00195,Mohali (SAS Nagar),Paper & Pulp,137.24,258,2.0,255.4,6.8,0,1,0,1,1,1,1,1,1,0,0,1,0,0,1
PB00196,Hoshiarpur,Auto Components,729.73,24,109.5,1682.7,16.9,0,0,0,1,1,1,1,1,1,0,0,0,0,1,1
PB00197,Patiala,Beverages,163.67,2,57.3,50.0,17.4,0,0,0,1,1,0,0,0,1,0,1,0,0,1,0
PB00198,Mohali (SAS Nagar),Plastic Products,830.47,3,115.3,2185.1,13.4,1,0,0,1,1,0,0,1,1,0,0,0,1,1,1
PB00199,Bathinda,Steel Rolling,389.72,7,69.9,276.2,2.1,0,0,0,1,1,0,1,0,0,0,0,0,0,1,1
PB00200,Mohali,IT/Software Services,561.84,5,37.8,1956.4,18.1,0,0,1,1,1,0,1,1,1,0,0,0,0,1,1
PB00201,Moga,Steel Rolling,10.41,4,2.0,549.1,2.8,0,0,0,1,0,0,0,1,0,0,0,0,0,0,1
PB00202,Sangrur,Chemical,1286.75,2,210.3,3414.1,23.2,1,1,0,1,1,0,0,1,1,1,0,1,1,1,1
PB00203,Jalandhar,Engineering/Metal Fabrication,1575.08,7,199.2,5143.0,6.1,0,0,0,1,1,0,1,1,0,0,0,0,0,1,1
PB00204,Ludhiana,Cement,64.37,6,2.0,543.7,6.5,0,0,0,1,1,1,1,1,0,0,0,0,0,0,1
PB00205,Amritsar,Steel Rolling,208.66,6,79.5,736.7,5.2,0,0,0,1,1,0,1,1,0,0,0,0,1,1,1
PB00206,Sangrur,Leather Products,1069.99,9,167.1,2451.4,26.0,1,0,0,1,1,0,1,1,1,0,0,0,1,1,1
PB00207,Hoshiarpur,Plastic Products,324.24,29,71.1,563.5,0.5,1,0,0,1,1,1,1,1,1,0,0,0,1,1,1
PB00208,Sangrur,Engineering/Metal Fabrication,346.12,22,62.6,557.0,0.5,0,0,0,1,0,1,1,1,0,0,0,0,0,1,1
PB00209,Fatehgarh Sahib,Food Processing,1207.4,10,193.9,3526.9,7.6,0,0,0,1,1,1,1,1,0,0,1,0,0,1,1
PB00210,Jalandhar,Pharmaceutical,114.15,7,52.1,808.5,18.1,1,0,0,1,1,0,1,1,1,0,0,0,1,1,1
PB00211,Patiala,Rice Milling,594.52,9,52.8,1918.6,4.7,0,1,0,1,1,0,1,1,1,0,1,1,0,1,1
PB00212,Hoshiarpur,Plastic Products,374.09,8,89.3,1454.6,5.7,1,0,0,1,1,0,1,1,1,0,0,0,1,1,1
PB00213,Amritsar,Furniture/Wood,642.7,106,61.5,2219.2,4.5,0,0,0,1,1,1,1,1,0,0,0,0,0,1,1
PB00214,Ludhiana,Leather Products,662.3,10,107.7,2027.3,15.0,1,0,0,1,1,1,1,1,1,0,0,0,1,1,1
PB00215,Ludhiana,Cement,154.94,9,20.4,85.4,10.1,0,0,0,1,1,0,1,0,0,0,0,0,0,0,0
PB00216,Sangrur,Auto Components,475.26,41,98.2,1794.4,0.5,0,0,0,1,1,1,1,1,0,0,0,0,0,1,1
PB00217,Patiala,Pharmaceutical,244.01,17,38.6,50.0,15.7,1,0,0,1,1,1,1,1,1,0,0,0,1,1,0
PB00218,Jalandhar,Furniture/Wood,549.68,12,70.5,1065.9,0.5,0,0,0,1,1,0,1,1,0,0,0,0,0,1,1
PB00219,Mohali,Electronics,344.35,19,54.7,1528.4,9.3,0,0,0,1,1,1,1,1,0,0,0,0,0,1,1
PB00220,Rupnagar,Cement,1005.82,14,123.6,2132.7,0.5,0,0,0,1,1,1,1,1,0,1,0,0,0,1,1
PB00221,Fatehgarh Sahib,IT/Software Services,325.81,8,69.8,1805.1,1.1,1,0,1,1,1,0,1,1,1,0,0,0,1,1,1
PB00222,Jalandhar,Rice Milling,205.74,11,29.2,526.0,20.2,0,1,0,1,1,1,1,1,1,0,1,1,0,1,1
PB00223,Hoshiarpur,Leather Products,201.7,17,54.5,470.6,15.3,1,0,0,1,1,1,1,1,1,0,0,0,1,1,1
PB00224,Hoshiarpur,IT/Software Services,829.27,16,111.2,1521.7,0.5,0,0,1,1,1,0,1,1,0,0,0,0,0,1,1
PB00225,Amritsar,Furniture/Wood,2263.29,7,350.0,6221.0,9.2,0,0,0,1,1,0,1,1,0,1,0,0,0,1,1
PB00226,Mohali,Auto Components,281.99,20,2.0,1466.4,0.5,0,0,0,1,1,1,1,1,0,0,0,0,0,0,1
PB00227,Mohali,Agro-based,64.26,10,20.8,1407.4,3.4,0,0,0,1,1,1,1,1,0,0,0,0,0,0,1
PB00228,Jalandhar,Auto Components,64.79,47,2.0,1028.0,17.2,0,0,0,1,1,1,1,1,1,0,0,0,0,0,1
PB00229,Mohali,IT/Software Services,112.02,28,24.2,50.0,7.9,0,0,1,1,1,1,1,1,0,0,0,0,0,0,0
PB00230,Moga,Textile,103.75,19,34.3,317.5,27.9,0,0,0,1,1,1,1,1,1,0,0,0,0,1,1
PB00231,Patiala,Furniture/Wood,70.01,36,18.0,761.0,0.5,0,0,0,1,1,1,1,1,0,0,0,0,0,0,1
PB00232,Sangrur,Agro-based,704.75,15,121.6,1108.3,4.9,0,0,0,1,1,1,1,1,1,0,0,0,0,1,1
PB00233,Rupnagar,Plastic Products,1746.57,20,293.2,4696.2,1.5,1,0,0,1,1,1,1,1,1,0,0,0,1,1,1
PB00234,Ludhiana,Leather Products,28.54,74,2.0,50.0,29.1,1,0,0,1,1,1,1,1,1,0,0,0,0,0,0
PB00235,Rupnagar,Engineering/Metal Fabrication,109.94,24,58.2,50.0,2.1,0,0,0,1,1,1,1,1,0,0,0,0,0,1,0
PB00236,Rupnagar,Beverages,637.84,44,105.2,1912.3,15.3,0,1,0,1,1,1,1,1,1,0,1,1,0,1,1
PB00237,Fatehgarh Sahib,Paper & Pulp,186.93,46,29.0,909.3,22.6,0,0,0,1,1,1,1,1,1,0,0,0,0,1,1
PB00238,Sangrur,Steel Rolling,489.33,3,92.3,1397.4,15.7,0,0,0,1,1,0,0,1,1,0,0,0,0,1,1
PB00239,Fatehgarh Sahib,Engineering/Metal Fabrication,2131.71,62,274.5,5927.5,0.5,0,0,0,1,1,1,1,1,0,1,0,0,0,1,1
PB00240,Patiala,Textile,108.54,7,29.8,366.0,0.5,0,0,0,1,1,0,1,1,0,0,0,0,0,1,1
PB00241,Jalandhar,Furniture/Wood,316.13,5,32.3,1034.7,14.6,0,0,0,1,1,0,1,1,0,0,0,0,0,1,1
PB00242,Bathinda,Cement,571.84,24,35.1,2056.6,6.0,0,0,0,1,1,1,1,0,0,1,0,0,0,1,1
PB00243,Amritsar,Leather Products,100.37,65,17.7,50.0,18.1,1,0,0,1,1,1,1,1,1,0,0,0,1,0,0
PB00244,Bathinda,Paper & Pulp,980.62,1,116.9,2886.4,21.0,0,1,0,1,1,1,0,1,1,1,0,1,0,1,1
PB00245,Rupnagar,Agro-based,263.36,11,30.0,162.5,4.0,0,0,0,1,1,1,1,0,0,0,0,0,0,1,1
PB00246,Moga,Furniture/Wood,217.75,26,34.0,1705.1,9.8,1,0,0,1,1,1,1,1,1,0,0,0,1,1,1
PB00247,Bathinda,Auto Components,573.11,18,79.3,1213.2,0.5,1,0,0,1,1,1,1,1,1,1,0,0,1,1,1
PB00248,Fatehgarh Sahib,Textile Dyeing,451.37,65,81.0,891.8,7.2,0,1,0,1,1,1,1,1,1,0,0,1,0,1,1
PB00249,Jalandhar,Auto Components,424.0,17,53.6,585.8,7.6,0,0,0,1,1,1,1,1,0,0,0,0,0,1,1
PB00250,Amritsar,Textile Dyeing,377.25,10,98.1,1649.8,32.3,0,1,0,1,1,1,1,0,1,0,0,1,0,1,1
PB00251,Hoshiarpur,Engineering/Metal Fabrication,1315.02,7,212.0,4774.3,3.6,0,0,0,1,1,0,1,1,0,0,0,0,0,1,1
PB00252,Rupnagar,Engineering/Metal Fabrication,714.69,28,142.8,2472.5,11.6,0,0,0,1,1,1,1,1,0,0,0,0,0,0,1
PB00253,Bathinda,Engineering/Metal Fabrication,432.93,11,47.1,1267.9,11.8,0,0,0,1,1,1,1,0,0,0,0,0,0,1,1
PB00254,Bathinda,Furniture/Wood,4157.32,18,640.1,12185.9,0.5,0,0,0,1,1,1,1,1,0,1,0,0,0,1,1
PB00255,Sangrur,Steel Rolling,70.26,62,2.3,603.3,0.5,0,0,0,1,1,1,1,1,0,0,0,0,1,0,1
PB00256,Mohali (SAS Nagar),Electronics,148.51,4,43.9,50.0,0.5,0,0,0,1,1,0,0,0,0,0,0,0,0,1,0
PB00257,Hoshiarpur,Pharmaceutical,333.99,14,42.1,924.7,35.4,1,0,0,1,1,1,1,1,1,0,0,0,1,0,1
PB00258,Mohali (SAS Nagar),Furniture/Wood,127.41,25,29.8,941.6,0.5,0,0,0,1,1,1,0,1,0,0,0,0,0,1,1
PB00259,Ludhiana,IT/Software Services,954.47,11,151.3,3138.8,8.6,0,0,1,1,1,0,1,1,0,0,0,0,0,1,1
PB00260,Jalandhar,Beverages,162.68,14,31.2,1089.6,26.2,0,0,0,1,1,1,1,1,1,0,1,0,0,1,1
PB00261,Hoshiarpur,Plastic Products,322.43,83,41.4,1492.3,7.7,1,0,0,1,1,1,1,1,1,0,0,0,1,1,1
PB00262,Patiala,Textile Dyeing,279.35,87,36.3,447.6,16.6,0,1,0,1,1,1,1,1,1,0,0,1,0,1,1
PB00263,Patiala,Plastic Products,643.21,17,67.8,1271.7,7.2,1,0,0,1,1,1,1,1,1,0,0,0,1,1,1
PB00264,Mohali,Textile Dyeing,38.63,25,27.2,50.0,1.5,0,0,0,1,1,1,1,1,1,0,0,0,0,1,0
PB00265,Fatehgarh Sahib,Pharmaceutical,183.8,26,34.0,635.4,12.0,1,0,0,1,1,1,1,1,1,0,0,0,1,1,1
PB00266,Fatehgarh Sahib,Steel Rolling,330.41,33,21.1,944.4,0.5,0,0,0,1,1,1,1,1,0,0,0,0,0,0,1
PB00267,Fatehgarh Sahib,Steel Rolling,62.21,25,16.1,309.6,13.2,0,0,0,1,1,1,1,1,0,1,0,0,0,0,1
PB00268,Ludhiana,Rice Milling,294.5,20,17.7,554.0,6.7,0,0,0,1,1,1,1,1,1,0,1,0,0,0,1
PB00269,Mohali (SAS Nagar),Leather Products,571.35,7,89.3,2365.7,24.7,1,0,0,1,1,0,0,1,1,0,0,0,1,1,1
PB00270,Mohali,Paper & Pulp,256.3,6,18.1,74.6,7.2,0,1,0,1,1,0,1,1,1,0,0,1,0,0,0
PB00271,Jalandhar,Engineering/Metal Fabrication,100.39,3,7.4,239.3,1.8,0,0,0,1,1,0,0,0,0,0,0,0,0,0,1
PB00272,Ludhiana,Textile,109.68,21,33.7,50.0,0.5,0,0,0,1,1,1,1,1,0,0,0,0,0,1,0
PB00273,Mohali (SAS Nagar),Paper & Pulp,925.77,156,154.9,3266.0,19.0,0,1,0,1,1,1,1,1,1,1,0,1,0,1,1
PB00274,Moga,Engineering/Metal Fabrication,87.9,10,7.9,50.0,4.6,0,0,0,1,1,1,1,0,0,0,0,0,0,0,0
PB00275,Fatehgarh Sahib,Steel Rolling,120.65,4,3.3,957.9,12.6,1,0,0,1,1,0,0,1,1,0,0,0,1,0,1
PB00276,Amritsar,Textile Dyeing,527.06,18,95.6,1279.8,6.0,0,0,0,1,1,1,1,1,1,0,0,0,0,1,1
PB00277,Ludhiana,Food Processing,1768.42,3,310.4,4966.1,21.8,0,1,0,1,1,0,1,1,1,0,1,1,0,1,1
PB00278,Sangrur,Rice Milling,304.35,17,56.6,1679.6,28.0,0,1,0,1,1,1,0,1,1,0,1,1,0,1,1
PB00279,Jalandhar,Beverages,3289.83,15,488.4,10416.7,23.2,0,1,0,1,1,1,1,1,1,1,1,1,0,1,1
PB00280,Mohali,Auto Components,332.6,26,58.5,857.8,0.5,0,0,0,1,1,1,1,1,0,0,0,0,0,1,1
PB00281,Hoshiarpur,Textile Dyeing,425.91,32,51.7,1459.3,22.5,0,1,0,1,1,1,1,1,1,0,0,1,0,1,1
PB00282,Moga,Auto Components,50.47,13,57.6,50.0,7.8,0,0,0,1,1,1,1,0,0,0,0,0,0,1,0
PB00283,Hoshiarpur,Steel Rolling,307.9,35,66.4,447.5,6.2,0,0,0,1,1,1,1,1,0,0,0,0,0,1,1
PB00284,Mohali (SAS Nagar),Agro-based,471.89,63,68.2,1275.6,18.0,0,0,0,1,1,1,1,1,1,0,0,0,0,1,1
PB00285,Mohali (SAS Nagar),Agro-based,314.94,7,67.3,1106.7,15.3,0,0,0,1,1,0,1,1,1,0,0,0,0,1,1
PB00286,Fatehgarh Sahib,Chemical,97.57,8,57.6,1103.2,19.1,1,1,0,1,1,0,1,1,1,0,0,1,0,1,1
PB00287,Rupnagar,Plastic Products,538.9,11,85.6,1816.5,14.0,1,0,0,1,1,0,1,1,1,0,0,0,1,1,1
PB00288,Mohali,Cement,451.8,28,50.5,897.5,0.5,0,0,0,1,1,1,1,1,0,0,0,0,0,1,1
PB00289,Hoshiarpur,Pharmaceutical,270.58,2,32.8,658.9,25.1,1,0,0,1,1,0,1,1,1,0,0,0,1,1,1
PB00290,Mohali,Textile Dyeing,187.16,9,2.0,1528.8,11.4,0,1,0,1,1,0,1,1,1,0,0,1,0,0,1
PB00291,Mohali (SAS Nagar),Steel Rolling,133.43,3,33.0,50.0,12.9,0,0,0,1,1,0,0,0,0,0,0,0,0,1,0
PB00292,Amritsar,Pharmaceutical,622.34,5,91.4,1287.9,6.5,1,0,0,1,1,0,1,1,1,1,0,0,1,1,1
PB00293,Hoshiarpur,Agro-based,295.9,17,47.5,866.5,5.5,0,0,0,1,1,1,1,1,0,0,0,0,0,1,1
PB00294,Moga,Steel Rolling,20.4,28,10.6,50.0,1.4,0,0,0,1,1,1,1,1,0,0,0,0,0,0,0
PB00295,Sangrur,Cement,209.12,10,40.6,539.9,0.5,0,0,0,1,1,1,1,1,0,0,0,0,0,1,1
PB00296,Ludhiana,Electronics,377.17,10,63.8,2306.0,0.5,0,0,0,1,0,1,0,1,0,0,0,0,0,1,1
PB00297,Moga,Engineering/Metal Fabrication,288.07,31,56.8,955.5,5.1,0,0,0,1,1,1,1,1,0,0,0,0,0,1,1
PB00298,Moga,Textile Dyeing,747.83,75,104.5,1964.4,18.5,0,1,0,1,1,1,1,1,1,0,0,1,0,1,1
PB00299,Bathinda,Agro-based,283.58,16,35.8,50.0,13.7,0,0,0,1,1,1,1,1,0,0,0,0,0,1,0
PB00300,Patiala,Electronics,1089.84,88,171.9,3407.8,5.1,0,0,0,1,1,1,1,1,0,0,0,0,0,1,1
PB00301,Sangrur,Cement,149.83,28,6.1,837.4,2.6,0,0,0,1,1,1,1,1,0,0,0,0,0,0,1
PB00302,Hoshiarpur,Textile,278.58,6,35.9,1104.3,0.5,0,0,0,1,1,0,1,1,0,0,0,0,0,1,1
PB00303,Bathinda,Beverages,214.34,11,25.0,520.7,17.8,0,1,0,1,1,1,0,1,1,0,1,1,0,0,1
PB00304,Moga,Agro-based,527.06,32,109.6,1712.3,0.5,0,0,0,1,1,1,1,1,0,0,0,0,0,1,1
PB00305,Jalandhar,IT/Software Services,1521.22,4,207.1,4626.8,0.5,0,0,1,1,1,0,0,1,0,0,0,0,0,1,1
PB00306,Bathinda,Plastic Products,168.72,4,9.1,77.8,3.9,1,0,0,1,1,1,0,1,1,0,0,0,1,0,0
PB00307,Rupnagar,Auto Components,174.38,41,14.2,973.4,18.6,0,0,0,1,1,1,1,1,1,0,0,0,0,0,1
PB00308,Mohali (SAS Nagar),Textile Dyeing,259.31,35,2.8,863.0,27.6,0,1,0,1,1,1,1,1,1,0,0,1,0,0,1
PB00309,Hoshiarpur,Agro-based,207.83,21,44.2,914.4,1.7,0,0,0,1,1,1,1,1,0,0,0,0,0,1,1
PB00310,Fatehgarh Sahib,IT/Software Services,551.66,12,78.8,1477.7,26.1,0,0,1,1,1,0,1,1,1,0,0,0,0,1,1
PB00311,Fatehgarh Sahib,Agro-based,1459.32,11,218.0,4618.0,27.1,0,0,0,1,1,1,1,1,1,0,0,0,0,1,1
PB00312,Mohali,Food Processing,541.91,3,60.2,2001.9,7.9,0,1,0,1,1,0,0,1,0,0,1,1,0,1,1
PB00313,Amritsar,Electronics,2054.91,13,321.7,6084.9,10.1,0,0,0,1,1,1,1,1,0,1,0,0,0,1,1
PB00314,Mohali,Furniture/Wood,306.41,24,31.6,1469.4,4.9,0,0,0,1,1,1,1,1,0,0,0,0,0,1,1
PB00315,Fatehgarh Sahib,Plastic Products,2409.86,53,411.8,7641.6,13.9,1,0,0,1,1,1,1,1,1,1,0,0,1,1,1
PB00316,Mohali,Beverages,977.74,5,120.0,2157.5,25.3,1,0,0,1,1,0,1,1,1,0,1,0,1,1,1
PB00317,Hoshiarpur,Food Processing,114.32,25,54.5,964.6,10.7,0,1,0,1,1,1,1,1,0,0,1,1,0,1,1
PB00318,Hoshiarpur,Beverages,1184.53,10,164.6,3985.6,19.9,0,1,0,1,1,1,1,1,1,0,1,1,0,1,1
PB00319,Fatehgarh Sahib,Leather Products,230.79,3,39.2,670.0,11.8,1,0,0,1,1,0,0,1,1,0,0,0,1,1,1
PB00320,Patiala,Agro-based,128.0,91,28.7,430.4,0.5,0,0,0,1,1,1,1,1,0,0,0,0,0,1,1
PB00321,Patiala,Cement,481.61,49,69.2,1324.3,0.5,0,0,0,1,1,0,1,1,0,0,0,0,0,1,1
PB00322,Patiala,Textile,201.62,16,26.0,72.8,10.8,0,0,0,1,1,1,1,1,0,0,0,0,0,1,0
PB00323,Ludhiana,Pharmaceutical,355.44,7,66.1,397.2,28.5,1,0,0,1,1,1,1,1,1,0,0,0,1,1,1
PB00324,Sangrur,Rice Milling,372.18,34,59.0,1982.0,13.3,0,1,0,1,1,1,1,1,1,0,1,1,0,1,1
PB00325,Fatehgarh Sahib,Electronics,80.94,3,49.4,307.7,8.2,0,0,0,1,1,0,0,1,0,0,0,0,0,1,1
PB00326,Bathinda,Agro-based,147.89,3,36.1,492.7,2.3,0,0,0,1,1,0,0,1,0,0,0,0,0,1,1
PB00327,Sangrur,Beverages,275.98,25,55.1,408.5,20.5,0,0,0,1,1,1,1,1,1,1,1,0,1,1,1
PB00328,Fatehgarh Sahib,Steel Rolling,43.73,34,23.5,50.0,1.6,0,0,0,1,1,1,1,1,0,1,0,0,0,0,0
PB00329,Hoshiarpur,Furniture/Wood,16.59,22,2.0,50.0,11.4,0,0,0,1,1,1,1,1,0,0,0,0,0,0,0
PB00330,Amritsar,Plastic Products,2025.37,15,319.0,5792.9,0.5,1,0,0,1,1,1,1,1,1,1,0,0,1,0,1
PB00331,Ludhiana,Furniture/Wood,219.58,75,42.3,648.7,5.2,1,0,0,1,1,1,1,1,1,0,0,0,1,1,1
PB00332,Rupnagar,Electronics,142.45,8,16.0,50.0,13.5,0,0,0,1,1,0,1,0,0,0,0,0,0,0,0
PB00333,Moga,Steel Rolling,139.99,22,22.3,50.0,14.7,0,0,0,1,1,1,1,1,0,0,0,0,0,0,0
PB00334,Mohali (SAS Nagar),Textile,1356.3,20,202.5,4185.2,30.8,0,0,0,1,1,0,1,1,1,0,0,0,0,1,1
PB00335,Moga,Steel Rolling,2326.07,16,325.1,6953.3,0.5,0,0,0,1,1,1,1,1,0,1,0,0,0,1,1
PB00336,Mohali (SAS Nagar),Pharmaceutical,679.09,28,109.9,3066.6,22.0,1,0,0,1,1,1,1,0,1,1,0,0,1,1,1
PB00337,Amritsar,Plastic Products,417.33,14,50.8,1396.1,0.5,1,0,0,1,1,1,1,1,1,0,0,0,1,1,1
PB00338,Ludhiana,Beverages,112.74,2,8.8,564.4,2.5,0,0,0,1,1,0,0,1,1,0,1,0,0,0,1
PB00339,Jalandhar,Engineering/Metal Fabrication,811.1,141,129.3,2456.3,2.3,0,0,0,1,1,1,1,1,0,0,0,0,0,1,1
PB00340,Patiala,Auto Components,522.39,7,66.6,671.3,4.8,0,0,0,1,1,0,1,1,0,0,0,0,0,1,1
PB00341,Fatehgarh Sahib,Cement,742.29,39,120.5,2000.6,0.5,0,0,0,1,1,1,1,1,0,1,0,0,0,1,1
PB00342,Amritsar,Beverages,290.41,16,60.9,600.3,19.6,0,1,0,1,1,1,1,1,1,0,1,1,0,1,1
PB00343,Mohali,Auto Components,551.93,13,70.7,1161.7,17.1,0,0,0,1,1,1,1,1,1,0,0,0,0,1,1
PB00344,Bathinda,Beverages,1714.74,26,237.7,5417.3,13.7,0,1,0,1,1,1,1,1,1,0,1,1,1,1,1
PB00345,Mohali (SAS Nagar),Beverages,497.71,15,77.6,1232.1,44.6,0,1,0,1,1,1,1,1,1,0,1,1,1,1,1
PB00346,Rupnagar,Engineering/Metal Fabrication,1801.05,24,254.2,6006.2,9.9,0,0,0,1,1,1,1,1,0,0,0,0,0,1,1
PB00347,Jalandhar,IT/Software Services,45.42,14,20.0,659.1,7.7,0,0,1,1,1,0,1,1,0,1,0,0,0,0,1
PB00348,Hoshiarpur,Agro-based,848.04,20,110.7,2285.0,15.6,0,0,0,1,1,1,1,1,1,0,0,0,0,1,1
PB00349,Amritsar,Agro-based,2515.2,21,389.0,8252.7,8.6,0,0,0,1,1,1,1,1,1,1,0,0,0,1,1
PB00350,Ludhiana,Leather Products,232.44,15,55.4,50.0,20.7,1,0,0,1,1,1,1,1,1,0,0,0,1,1,0
PB00351,Fatehgarh Sahib,Food Processing,2759.9,41,399.2,7612.4,1.9,0,1,0,1,1,1,1,1,0,1,1,1,0,1,1
PB00352,Amritsar,Textile Dyeing,650.64,14,103.8,1624.1,18.1,0,1,0,1,1,1,1,1,1,0,0,1,0,1,1
PB00353,Ludhiana,Paper & Pulp,385.38,40,39.5,1726.0,11.3,0,1,0,1,1,1,1,1,1,0,0,1,0,1,1
PB00354,Sangrur,Auto Components,217.53,11,42.7,623.7,7.0,0,0,0,1,1,1,1,1,0,0,0,0,0,1,1
PB00355,Rupnagar,Engineering/Metal Fabrication,692.1,24,99.0,2591.2,0.5,0,0,0,1,1,0,1,1,0,0,0,0,0,1,1
PB00356,Moga,Chemical,1102.39,3,161.2,2071.4,6.6,1,1,0,1,1,0,0,1,1,1,0,1,1,1,1
PB00357,Hoshiarpur,Cement,901.54,26,149.5,3901.8,22.5,0,0,0,1,1,1,1,1,1,1,0,0,0,1,1
PB00358,Mohali (SAS Nagar),Furniture/Wood,189.54,45,24.7,933.2,7.8,0,0,0,1,1,1,1,1,0,0,0,0,0,0,1
PB00359,Hoshiarpur,Paper & Pulp,99.74,11,2.0,50.0,21.1,0,0,0,1,1,0,1,0,1,0,0,0,0,0,0
PB00360,Fatehgarh Sahib,Auto Components,517.69,17,98.4,1720.3,16.8,0,0,0,1,1,1,1,1,0,0,0,0,0,1,1
PB00361,Bathinda,Auto Components,179.65,16,51.0,630.2,10.0,0,0,0,1,1,1,1,1,0,0,0,0,0,1,1
PB00362,Sangrur,Steel Rolling,297.45,5,28.8,758.3,0.5,0,0,0,1,1,0,1,1,0,0,0,0,0,1,1
PB00363,Bathinda,Leather Products,281.35,10,67.3,829.9,15.9,1,0,0,1,1,1,1,1,1,0,0,0,1,1,1
PB00364,Ludhiana,Agro-based,172.66,17,20.6,761.0,0.5,0,0,0,1,1,1,1,1,0,0,0,0,0,0,1
PB00365,Moga,Agro-based,247.36,9,49.7,430.7,1.6,0,0,0,1,1,0,1,0,0,0,0,0,0,1,1
PB00366,Fatehgarh Sahib,Chemical,1291.84,17,202.9,3997.2,3.3,1,0,0,1,1,1,1,1,1,1,0,0,1,1,1
PB00367,Rupnagar,Electronics,805.65,11,154.7,3150.8,18.4,0,0,0,1,1,1,1,1,1,0,0,0,0,1,1
PB00368,Mohali (SAS Nagar),Beverages,147.21,8,2.0,937.5,21.4,0,0,0,1,1,0,1,1,1,0,1,0,0,0,1
PB00369,Jalandhar,Leather Products,651.47,28,86.0,1780.0,22.1,1,0,0,1,1,1,1,1,1,0,0,0,1,1,1
PB00370,Rupnagar,Paper & Pulp,339.98,9,53.8,1197.3,36.1,0,1,0,1,1,0,1,1,1,0,0,1,0,1,1
PB00371,Rupnagar,Engineering/Metal Fabrication,1602.39,8,266.2,4681.2,11.0,0,0,0,1,1,0,1,1,0,0,0,0,0,1,1
PB00372,Patiala,Auto Components,443.83,7,78.7,1248.8,12.5,0,0,0,1,1,0,1,1,0,0,0,0,0,1,1
PB00373,Jalandhar,Food Processing,1600.06,8,245.5,5008.9,14.5,0,1,0,1,1,0,1,1,0,0,1,1,0,1,1
PB00374,Bathinda,Furniture/Wood,163.95,5,38.6,286.9,11.3,0,0,0,1,0,0,1,0,0,0,0,0,0,1,1
PB00375,Fatehgarh Sahib,IT/Software Services,105.79,56,3.8,772.6,17.6,0,0,1,1,1,0,1,1,1,0,0,0,0,0,1
PB00376,Sangrur,Steel Rolling,666.71,25,84.0,1901.3,0.5,0,0,0,1,1,1,1,1,0,0,0,0,1,1,1
PB00377,Patiala,Leather Products,115.37,12,42.3,838.0,11.0,1,0,0,1,1,1,1,1,1,0,0,0,1,1,1
PB00378,Moga,Pharmaceutical,330.02,17,29.2,384.0,22.6,1,0,0,1,1,1,1,1,1,0,0,0,1,1,1
PB00379,Moga,Textile,4658.5,71,746.8,14193.8,0.5,0,0,0,1,1,1,1,1,0,0,0,0,0,1,1
PB00380,Hoshiarpur,Food Processing,134.23,115,43.0,62.2,0.5,0,0,0,1,1,1,1,1,0,0,1,0,0,1,0
PB00381,Rupnagar,Furniture/Wood,3114.18,46,478.6,8249.3,9.6,0,0,0,1,1,1,1,1,0,1,0,0,0,1,1
PB00382,Bathinda,Chemical,718.11,18,120.8,2422.5,24.4,1,0,0,1,1,1,1,1,1,1,0,0,1,1,1
PB00383,Mohali,Leather Products,671.53,13,75.1,1216.1,22.5,1,0,0,1,1,1,1,1,1,0,0,0,1,1,1
PB00384,Patiala,Engineering/Metal Fabrication,183.29,18,30.5,50.0,11.4,0,0,0,1,1,1,1,1,0,0,0,0,0,1,0
PB00385,Moga,Furniture/Wood,405.2,28,64.9,854.0,12.3,0,0,0,1,1,1,1,1,0,0,0,0,0,1,1
PB00386,Bathinda,Auto Components,257.55,110,34.1,50.0,16.7,0,0,0,1,1,1,1,1,1,0,0,0,0,1,0
PB00387,Jalandhar,Plastic Products,859.82,9,127.8,3171.5,7.7,1,0,0,1,1,0,1,1,1,0,0,0,1,1,1
PB00388,Rupnagar,Furniture/Wood,377.65,21,28.5,912.0,5.9,0,0,0,1,1,1,1,1,0,0,0,0,0,1,1
PB00389,Fatehgarh Sahib,Textile,167.55,42,44.2,1677.2,10.2,0,0,0,1,1,1,1,1,0,0,0,0,0,1,1
PB00390,Rupnagar,Rice Milling,272.68,2,42.9,709.3,28.2,0,0,0,1,1,0,0,1,1,0,1,0,0,1,1
PB00391,Bathinda,Textile,905.85,17,141.8,2862.1,0.5,0,0,0,1,1,1,1,1,0,0,0,0,0,1,1
PB00392,Fatehgarh Sahib,Textile Dyeing,58.33,48,2.0,427.3,25.0,0,1,0,1,1,0,1,1,1,0,0,1,0,0,1
PB00393,Moga,Furniture/Wood,311.12,22,29.3,1482.0,8.5,0,0,0,1,1,1,1,0,1,0,0,0,0,1,1
PB00394,Sangrur,Auto Components,944.37,28,110.7,2641.9,5.0,0,0,0,1,1,1,1,1,0,0,0,0,0,1,1
PB00395,Bathinda,Electronics,1205.14,15,224.2,2743.1,0.5,1,0,0,1,1,1,1,1,1,0,0,0,1,1,1
PB00396,Sangrur,Plastic Products,31.62,29,2.0,192.1,13.2,1,0,0,1,0,1,1,1,1,0,0,0,0,0,1
PB00397,Moga,IT/Software Services,400.18,19,54.1,1994.6,4.4,0,0,1,1,1,0,1,1,0,0,0,0,0,1,1
PB00398,Fatehgarh Sahib,Agro-based,328.58,22,90.6,863.8,3.6,0,0,0,1,1,1,1,1,1,0,0,0,0,1,1
PB00399,Bathinda,Food Processing,144.01,5,19.9,518.9,21.0,0,1,0,1,1,0,1,1,1,0,1,1,0,0,1
PB00400,Mohali (SAS Nagar),Textile Dyeing,244.45,16,56.5,621.4,16.1,0,1,0,1,1,1,1,1,1,0,0,1,0,1,1
PB00401,Sangrur,Steel Rolling,16.7,16,33.8,748.8,8.0,0,0,0,1,1,1,1,1,0,0,0,0,0,1,1
PB00402,Fatehgarh Sahib,Chemical,222.32,11,17.4,50.0,4.9,1,1,0,1,1,1,1,1,1,0,0,1,1,0,0
PB00403,Moga,Chemical,327.11,4,67.2,527.9,27.2,1,1,0,1,1,0,0,1,1,0,0,1,1,1,1
PB00404,Mohali (SAS Nagar),Cement,576.19,23,96.3,1949.7,5.4,0,0,0,1,1,1,1,1,0,1,0,0,0,1,1
PB00405,Sangrur,Agro-based,785.74,12,98.3,2176.2,0.5,0,0,0,1,1,1,0,1,0,0,0,0,0,1,1
PB00406,Mohali (SAS Nagar),Food Processing,704.5,9,68.1,1448.5,18.0,0,0,0,1,1,0,1,1,1,0,1,0,0,1,1
PB00407,Patiala,Steel Rolling,35.55,13,8.0,80.4,3.8,0,0,0,1,1,1,1,0,0,0,0,0,0,0,0
PB00408,Moga,Electronics,422.99,3,70.8,1077.0,6.6,0,0,0,1,1,0,0,1,0,0,0,0,0,1,1
PB00409,Ludhiana,Chemical,224.46,19,51.1,178.6,0.5,1,1,0,1,1,1,1,0,1,0,0,1,1,1,1
PB00410,Bathinda,Electronics,230.35,27,7.0,50.0,1.5,0,0,0,1,1,1,1,1,0,0,0,0,0,0,0
PB00411,Hoshiarpur,IT/Software Services,1666.56,16,231.3,4065.7,17.2,0,0,1,1,1,0,0,1,1,0,0,0,0,1,1
PB00412,Sangrur,Food Processing,1269.06,47,193.1,2655.1,2.1,0,1,0,1,1,1,1,1,0,0,1,1,0,1,1
PB00413,Jalandhar,Cement,1422.96,46,244.1,4274.0,7.2,0,0,0,1,1,1,0,1,0,1,0,0,0,1,1
PB00414,Jalandhar,Auto Components,1446.17,6,238.3,3825.7,8.0,0,0,0,1,1,0,1,1,0,0,0,0,0,1,1
PB00415,Mohali,Food Processing,1332.07,5,191.5,4372.0,3.4,0,1,0,1,1,0,1,1,0,0,1,1,0,1,1
PB00416,Jalandhar,Food Processing,337.0,12,24.8,1201.5,7.8,0,0,0,1,0,1,1,1,0,0,1,0,0,0,1
PB00417,Hoshiarpur,Electronics,592.74,12,91.3,1731.4,20.7,0,0,0,1,1,1,1,1,1,0,0,0,0,1,1
PB00418,Ludhiana,Paper & Pulp,243.83,44,29.0,1326.7,32.6,0,0,0,1,1,1,1,1,1,0,0,0,1,1,1
PB00419,Patiala,Steel Rolling,329.6,6,2.0,939.9,0.5,0,0,0,1,1,0,1,1,0,0,0,0,0,0,1
PB00420,Ludhiana,Pharmaceutical,2835.46,29,403.3,9132.5,21.3,1,0,0,1,1,1,1,1,1,1,0,0,1,1,1
PB00421,Hoshiarpur,Cement,39.45,14,38.3,278.9,0.5,0,0,0,1,1,1,1,0,0,0,0,0,0,1,1
PB00422,Bathinda,Leather Products,1326.18,50,198.9,4464.3,25.4,1,0,0,1,1,1,1,1,1,0,0,0,1,1,1
PB00423,Patiala,Engineering/Metal Fabrication,723.42,35,106.1,2471.6,1.4,0,0,0,1,1,1,1,1,0,0,0,0,0,1,1
PB00424,Rupnagar,Paper & Pulp,3863.0,30,536.4,11812.5,14.9,1,1,0,1,1,1,1,1,1,1,0,1,0,1,1
PB00425,Mohali (SAS Nagar),Cement,782.3,10,95.6,3404.0,5.9,0,0,0,1,1,1,1,1,0,1,0,0,0,1,1
PB00426,Bathinda,Furniture/Wood,469.77,24,95.6,1729.6,2.3,0,0,0,1,1,1,1,1,0,0,0,0,0,1,1
PB00427,Jalandhar,Textile Dyeing,1726.07,6,238.9,4998.4,12.6,0,1,0,1,1,0,1,1,1,0,0,1,0,1,1
PB00428,Moga,Cement,315.19,3,38.8,1196.8,0.5,0,0,0,1,1,0,0,1,0,0,0,0,0,1,1
PB00429,Mohali,Chemical,296.85,104,37.4,945.2,30.4,1,1,0,1,1,1,1,1,1,0,0,1,1,1,1
PB00430,Amritsar,Auto Components,752.25,177,124.8,2281.4,10.8,0,0,0,1,1,1,1,1,0,0,0,0,0,1,1
PB00431,Patiala,Textile Dyeing,132.45,20,43.9,331.0,17.7,0,1,0,1,1,1,1,1,1,1,0,1,0,0,1
PB00432,Hoshiarpur,Cement,686.93,12,72.1,2192.9,4.7,0,0,0,1,1,0,1,1,0,1,0,0,0,1,1
PB00433,Bathinda,Plastic Products,877.3,20,144.1,2081.4,6.4,1,0,0,1,1,1,1,1,1,0,0,0,1,1,1
PB00434,Moga,Paper & Pulp,180.47,188,43.2,663.6,20.7,0,1,0,1,0,1,1,1,1,0,0,1,0,1,1
PB00435,Hoshiarpur,Cement,3150.96,16,456.6,8879.3,13.7,0,0,0,1,1,1,1,1,1,1,0,0,0,1,1
PB00436,Rupnagar,Food Processing,215.23,4,37.4,1591.8,0.5,0,1,0,1,1,0,0,1,0,0,1,1,0,1,1
PB00437,Sangrur,Pharmaceutical,422.63,3,54.2,1572.7,34.4,1,0,0,1,1,0,0,1,1,0,0,0,1,1,1
PB00438,Hoshiarpur,Textile,93.68,24,48.8,151.0,0.5,0,0,0,1,1,1,1,1,0,0,0,0,0,1,1
PB00439,Moga,Beverages,60.21,95,7.8,50.0,23.3,0,1,0,1,1,0,1,1,1,0,1,1,0,0,0
PB00440,Mohali (SAS Nagar),Cement,1456.56,12,211.3,4093.5,0.5,0,0,0,1,0,1,1,1,0,1,0,0,0,1,1
PB00441,Moga,Chemical,4340.36,3,641.0,13301.4,7.2,1,1,0,1,1,0,0,1,1,1,0,1,1,1,1
PB00442,Fatehgarh Sahib,Textile Dyeing,145.51,43,8.3,370.1,32.9,1,1,0,1,1,1,1,1,1,0,0,1,1,0,1
PB00443,Fatehgarh Sahib,Electronics,2817.84,6,405.6,8734.7,10.3,0,0,0,1,1,0,1,1,0,1,0,0,0,1,1
PB00444,Mohali (SAS Nagar),Engineering/Metal Fabrication,246.91,57,10.1,239.0,2.3,0,0,0,1,1,1,1,1,0,0,0,0,0,0,1
PB00445,Sangrur,Textile,683.5,61,115.4,2127.4,3.5,0,0,0,1,0,1,1,1,0,1,0,0,0,1,1
PB00446,Rupnagar,Textile Dyeing,352.04,3,42.5,50.0,18.4,0,1,0,1,1,0,0,1,1,0,0,1,0,1,0
PB00447,Patiala,Steel Rolling,150.56,43,18.4,50.0,7.2,0,0,0,1,1,1,1,1,0,0,0,0,0,0,0
PB00448,Fatehgarh Sahib,IT/Software Services,199.86,8,6.0,50.0,23.1,0,0,1,1,1,1,1,0,1,0,0,0,0,0,0
PB00449,Jalandhar,Beverages,862.64,11,132.2,2565.4,12.6,0,1,0,1,1,1,1,1,1,0,1,1,0,1,1
PB00450,Mohali,Chemical,356.01,200,32.6,391.2,25.9,1,0,0,1,1,1,0,1,1,0,0,0,1,1,1
PB00451,Hoshiarpur,Textile,654.64,3,103.1,2829.6,14.9,0,0,0,1,1,0,0,1,0,0,0,0,0,1,1
PB00452,Fatehgarh Sahib,Engineering/Metal Fabrication,204.73,37,32.2,1643.1,0.5,0,0,0,1,1,1,1,1,0,0,0,0,0,1,1
PB00453,Fatehgarh Sahib,Beverages,138.74,77,40.3,50.0,14.7,0,1,0,1,1,1,1,1,0,0,1,1,0,1,0
PB00454,Sangrur,Electronics,226.49,22,35.6,1420.6,0.5,0,0,0,1,1,1,1,1,0,0,0,0,0,1,1
PB00455,Rupnagar,Engineering/Metal Fabrication,312.18,26,51.4,112.1,9.6,0,0,0,1,1,1,1,1,0,0,0,0,0,1,0
PB00456,Rupnagar,Textile Dyeing,156.55,65,47.7,157.0,14.2,0,0,0,1,1,1,1,1,1,0,0,0,1,1,1
PB00457,Ludhiana,Paper & Pulp,82.54,18,2.0,50.0,14.3,0,1,0,1,1,0,1,1,1,1,0,1,0,0,0
PB00458,Ludhiana,Beverages,601.61,7,80.6,2070.2,14.7,1,1,0,1,1,0,1,1,1,0,1,1,1,1,1
PB00459,Ludhiana,Textile Dyeing,558.07,5,89.3,696.9,14.2,0,1,0,1,1,0,1,0,1,0,0,1,0,1,1
PB00460,Mohali,Textile Dyeing,281.37,12,44.2,1489.9,16.1,0,0,0,1,1,1,1,1,1,0,0,0,0,1,1
PB00461,Sangrur,Paper & Pulp,1079.05,3,152.6,4458.3,19.8,0,0,0,1,1,0,0,1,1,1,0,0,0,0,1
PB00462,Amritsar,Engineering/Metal Fabrication,1794.49,12,274.7,5525.7,10.3,0,0,0,1,1,1,1,1,0,0,0,0,0,1,1
PB00463,Moga,Steel Rolling,395.85,11,27.1,1230.1,6.8,0,0,0,1,1,1,1,1,0,0,0,0,0,1,1
PB00464,Hoshiarpur,Textile Dyeing,134.86,10,2.0,1301.7,23.0,0,1,0,1,1,0,1,1,1,0,0,1,0,0,1
PB00465,Mohali (SAS Nagar),Chemical,234.66,6,61.7,1648.8,24.9,1,1,0,1,1,0,1,1,1,0,0,1,1,1,1
PB00466,Patiala,Furniture/Wood,615.61,39,118.8,1492.1,4.3,0,0,0,1,1,1,1,1,0,0,0,0,0,1,1
PB00467,Mohali (SAS Nagar),Cement,1100.9,24,163.9,2451.9,0.5,0,0,0,1,1,1,1,1,0,1,0,0,0,1,1
PB00468,Hoshiarpur,IT/Software Services,496.0,43,121.7,768.6,3.2,1,0,1,1,1,0,1,1,1,0,0,0,1,1,1
PB00469,Rupnagar,Plastic Products,210.58,24,2.0,860.3,1.9,1,0,0,1,1,1,1,1,1,0,0,0,1,0,1
PB00470,Jalandhar,Beverages,174.4,49,8.3,256.1,21.7,0,1,0,1,1,1,1,1,1,0,1,1,0,0,1
PB00471,Jalandhar,Rice Milling,826.24,15,131.5,2005.7,23.7,0,0,0,1,1,1,1,1,1,0,1,0,0,1,0
PB00472,Sangrur,Food Processing,353.34,10,18.4,1113.3,4.2,0,1,0,1,1,1,1,0,0,0,1,1,0,0,1
PB00473,Mohali (SAS Nagar),Agro-based,71.45,17,20.3,50.0,4.2,0,0,0,1,1,1,1,1,0,0,0,0,0,0,0
PB00474,Bathinda,IT/Software Services,118.79,25,3.8,237.5,8.7,0,0,1,1,1,0,1,1,0,0,0,0,0,0,1
PB00475,Hoshiarpur,Paper & Pulp,306.65,5,37.7,936.1,31.7,0,1,0,1,1,1,1,1,1,0,0,1,0,1,1
PB00476,Ludhiana,Paper & Pulp,293.1,79,61.2,1163.4,28.7,0,1,0,1,1,1,1,1,1,0,0,1,0,1,1
PB00477,Fatehgarh Sahib,Paper & Pulp,1893.69,25,276.4,5871.0,22.3,0,1,0,1,1,1,1,1,1,1,0,1,0,1,1
PB00478,Amritsar,Textile Dyeing,910.05,19,126.6,2486.5,11.8,0,1,0,1,1,1,1,1,1,0,0,1,0,1,1
PB00479,Bathinda,Textile Dyeing,993.98,13,155.0,3815.6,3.0,0,1,0,1,1,1,1,1,1,0,0,1,0,1,1
PB00480,Hoshiarpur,Electronics,635.86,13,88.0,1912.9,0.5,0,0,0,1,0,1,1,1,0,0,0,0,0,1,1
PB00481,Jalandhar,Cement,728.76,27,154.3,1732.5,14.3,0,0,0,1,1,1,1,1,0,1,0,0,0,1,1
PB00482,Sangrur,Paper & Pulp,607.59,3,114.9,2668.9,1.4,0,1,0,1,1,0,0,1,1,1,0,1,0,1,1
PB00483,Jalandhar,Steel Rolling,77.86,16,8.2,50.0,8.5,0,0,0,1,1,0,1,1,0,0,0,0,0,0,0
PB00484,Hoshiarpur,Pharmaceutical,176.65,12,2.0,50.0,26.7,1,0,0,1,0,0,1,1,1,0,0,0,1,0,0
PB00485,Moga,Engineering/Metal Fabrication,1633.39,32,223.3,5230.6,5.8,0,0,0,1,1,1,1,1,0,0,0,0,0,1,1
PB00486,Sangrur,Textile,4889.61,40,727.4,14335.3,17.5,0,0,0,1,1,1,1,1,1,1,0,0,0,1,1
PB00487,Mohali (SAS Nagar),Auto Components,62.98,9,2.0,50.0,11.2,1,0,0,1,1,0,1,1,1,0,0,0,0,0,0
PB00488,Jalandhar,IT/Software Services,153.21,8,2.0,439.0,0.5,1,0,1,1,1,0,1,1,1,0,0,0,1,0,1
PB00489,Rupnagar,Agro-based,39.61,54,2.0,700.5,13.6,0,0,0,1,1,1,1,1,0,0,0,0,0,0,1
PB00490,Mohali (SAS Nagar),Furniture/Wood,98.04,16,2.0,260.5,0.5,0,0,0,1,1,0,1,1,0,0,0,0,0,0,1
PB00491,Hoshiarpur,Cement,1361.42,12,230.1,3441.9,10.4,0,0,0,1,1,1,1,1,0,1,0,0,0,1,1
PB00492,Bathinda,Cement,2467.5,21,393.2,7492.3,0.9,1,0,0,1,1,1,1,1,1,1,0,0,1,1,1
PB00493,Patiala,Textile,519.6,18,62.9,2530.9,1.2,0,0,0,1,1,1,1,1,0,0,0,0,0,1,1
PB00494,Rupnagar,Beverages,390.22,8,92.7,2140.2,26.8,0,0,0,1,1,0,0,1,1,0,1,0,0,1,1
PB00495,Fatehgarh Sahib,Rice Milling,40.84,30,2.0,50.0,16.8,0,0,0,1,1,1,1,1,1,0,1,0,0,0,0
PB00496,Patiala,Chemical,106.11,25,2.0,510.8,26.1,1,1,0,1,1,1,1,0,1,1,0,1,1,0,1
PB00497,Ludhiana,Paper & Pulp,226.07,21,36.3,742.3,20.3,0,1,0,1,1,1,1,1,1,0,0,1,0,1,1
PB00498,Mohali (SAS Nagar),Plastic Products,4419.15,13,680.1,13063.2,0.5,1,0,0,1,1,1,1,1,1,1,0,0,1,1,1
PB00499,Hoshiarpur,Furniture/Wood,408.87,15,35.9,650.1,12.7,0,0,0,1,1,1,1,1,1,0,0,0,0,1,1
PB00500,Bathinda,Engineering/Metal Fabrication,625.71,4,107.2,1811.1,0.5,0,0,0,1,1,0,0,1,0,0,0,0,0,1,0
PB00501,Jalandhar,Beverages,76.48,26,2.0,50.0,5.0,0,1,0,1,1,1,1,1,1,0,1,1,0,0,0
PB00502,Moga,Rice Milling,318.32,15,102.2,123.9,25.0,0,1,0,1,1,1,1,1,1,0,1,1,0,1,0
PB00503,Patiala,Chemical,1864.16,16,261.5,5433.5,22.9,1,1,0,1,1,1,1,1,1,1,0,1,1,1,1
PB00504,Sangrur,Furniture/Wood,72.44,14,53.0,50.0,10.6,0,0,0,1,1,1,1,0,0,0,0,0,0,1,0
PB00505,Hoshiarpur,Beverages,805.01,18,132.7,2799.5,13.9,0,1,0,1,1,1,1,1,1,0,1,1,0,1,1
PB00506,Hoshiarpur,Paper & Pulp,747.51,41,129.2,2571.5,26.3,0,0,0,1,1,1,1,1,1,1,0,0,0,1,1
PB00507,Amritsar,Chemical,1830.0,22,298.2,5007.6,16.7,1,1,0,1,1,1,1,1,1,1,0,1,1,1,1
PB00508,Jalandhar,Paper & Pulp,181.87,31,68.4,247.4,8.4,0,0,0,1,1,1,1,1,1,0,0,0,0,1,1
PB00509,Patiala,Beverages,723.16,4,106.1,2888.7,15.5,0,1,0,1,1,0,0,1,1,0,1,1,0,1,1
PB00510,Sangrur,IT/Software Services,1484.27,45,232.1,3757.7,13.3,0,0,1,1,1,0,1,1,0,0,0,0,0,1,1
PB00511,Ludhiana,IT/Software Services,39.76,25,2.0,50.0,1.3,0,0,1,1,1,0,1,1,0,1,0,0,0,0,0
PB00512,Mohali (SAS Nagar),Rice Milling,377.5,42,76.0,1492.1,34.6,0,1,0,1,1,1,1,1,1,0,1,1,0,1,1
PB00513,Ludhiana,Electronics,343.14,9,69.0,1068.6,6.5,0,0,0,1,1,0,1,1,0,0,0,0,0,1,1
PB00514,Jalandhar,Furniture/Wood,161.14,8,51.5,1466.9,4.7,0,0,0,1,1,0,1,1,0,0,0,0,0,1,1
PB00515,Sangrur,Plastic Products,93.87,30,34.7,50.0,0.5,1,0,0,1,1,1,1,1,1,0,0,0,0,1,0
PB00516,Mohali,Auto Components,173.15,15,30.7,861.9,0.5,0,0,0,1,1,1,1,1,0,0,0,0,0,1,1
PB00517,Moga,Pharmaceutical,1547.53,69,277.0,4353.1,39.8,1,0,0,1,1,1,1,0,1,1,0,0,0,1,1
PB00518,Mohali (SAS Nagar),Plastic Products,120.73,9,26.3,788.0,0.5,1,0,0,1,1,0,1,1,1,0,0,0,1,1,1
PB00519,Mohali (SAS Nagar),Rice Milling,1706.63,35,262.1,5004.4,10.5,0,0,0,1,1,1,1,1,1,0,1,0,0,1,1
PB00520,Sangrur,Pharmaceutical,3421.66,97,504.4,10867.5,21.2,1,0,0,1,1,1,1,1,1,1,0,0,1,1,1
PB00521,Fatehgarh Sahib,Food Processing,284.95,21,51.5,1271.4,15.3,0,1,0,1,1,1,1,1,1,0,1,1,0,1,1
PB00522,Sangrur,Cement,439.57,14,62.3,932.6,18.3,0,0,0,1,1,0,1,1,1,0,0,0,0,1,1
PB00523,Amritsar,IT/Software Services,809.44,17,106.0,3145.5,0.5,1,0,1,1,1,0,1,1,1,0,0,0,1,1,1
PB00524,Sangrur,Engineering/Metal Fabrication,14.38,24,2.0,50.0,7.4,0,0,0,1,1,1,1,1,0,0,0,0,0,0,0
PB00525,Fatehgarh Sahib,Furniture/Wood,366.17,14,50.7,1408.8,9.1,0,0,0,1,1,1,1,1,0,0,0,0,0,0,1
PB00526,Mohali,Steel Rolling,70.12,23,2.0,50.0,9.8,0,0,0,1,1,1,1,1,0,0,0,0,0,0,0
PB00527,Patiala,Chemical,64.71,12,29.6,677.7,26.3,1,1,0,1,1,1,1,1,1,0,0,1,0,1,1
PB00528,Jalandhar,Leather Products,228.93,34,4.1,698.0,1.8,1,0,0,1,1,1,1,1,1,0,0,0,1,0,1
PB00529,Rupnagar,Pharmaceutical,625.07,72,90.1,2200.3,13.0,1,0,0,1,1,1,1,1,1,1,0,0,1,1,1
PB00530,Amritsar,IT/Software Services,370.72,1,69.0,1604.9,0.5,0,0,1,1,1,0,0,1,0,0,0,0,0,1,1
PB00531,Jalandhar,Cement,2436.05,40,351.6,7390.7,12.6,0,0,0,1,1,1,1,1,0,1,0,0,0,1,1
PB00532,Mohali,Textile,188.65,93,29.2,1157.9,7.5,0,0,0,1,1,1,1,1,0,0,0,0,0,1,1
PB00533,Hoshiarpur,Auto Components,74.74,5,30.7,660.6,7.9,0,0,0,1,1,0,1,1,0,0,0,0,0,1,1
PB00534,Amritsar,Furniture/Wood,60.75,4,2.0,161.0,0.5,0,0,0,1,1,0,1,0,0,0,0,0,0,0,1
PB00535,Fatehgarh Sahib,Agro-based,360.26,45,31.0,50.0,0.5,0,0,0,1,1,1,1,1,0,0,0,0,0,1,0
PB00536,Rupnagar,Rice Milling,1242.25,25,203.7,3980.3,18.0,0,0,0,1,1,1,1,1,1,0,1,0,0,1,1
PB00537,Ludhiana,Textile Dyeing,1343.54,266,201.0,4337.7,23.8,0,0,0,1,1,1,1,1,1,0,0,0,0,1,1
PB00538,Rupnagar,Paper & Pulp,516.78,3,104.8,1808.9,41.3,0,1,0,1,1,0,0,1,1,1,0,1,0,1,1
PB00539,Patiala,Beverages,29.88,6,2.0,50.0,9.8,0,1,0,1,1,0,1,1,1,0,1,1,0,0,0
PB00540,Bathinda,Beverages,1398.05,16,232.1,4008.1,16.2,0,1,0,1,1,1,0,1,1,0,1,1,0,1,1
PB00541,Mohali,Furniture/Wood,184.54,10,40.8,50.0,0.5,0,0,0,1,1,1,1,0,0,0,0,0,0,1,0
PB00542,Bathinda,Plastic Products,509.75,5,94.2,2036.4,10.2,1,0,0,1,1,0,1,1,1,0,0,0,1,1,1
PB00543,Ludhiana,IT/Software Services,500.49,9,92.7,2136.1,0.5,0,0,1,1,1,0,1,1,0,0,0,0,0,1,1
PB00544,Mohali (SAS Nagar),Steel Rolling,1720.14,7,253.9,4849.6,4.2,0,0,0,1,1,0,1,0,0,0,0,0,0,1,1
PB00545,Sangrur,Engineering/Metal Fabrication,508.27,28,90.4,1454.5,0.5,0,0,0,1,1,1,1,1,0,0,0,0,0,1,1
PB00546,Rupnagar,Plastic Products,780.08,30,109.6,1447.5,5.1,1,0,0,1,1,1,1,1,1,0,0,0,1,1,1
PB00547,Amritsar,Food Processing,1075.43,13,155.5,3448.4,11.5,0,0,0,1,1,1,1,1,0,0,1,0,0,1,1
PB00548,Hoshiarpur,Paper & Pulp,782.68,15,139.4,1880.4,16.4,0,1,0,1,1,1,1,1,1,1,0,1,0,1,1
PB00549,Moga,Steel Rolling,161.26,8,8.3,579.7,3.7,0,0,0,1,1,0,1,1,0,0,0,0,0,0,1
PB00550,Hoshiarpur,Furniture/Wood,219.02,9,20.8,1048.0,10.3,0,0,0,1,1,0,1,1,0,0,0,0,0,0,1
PB00551,Fatehgarh Sahib,Textile Dyeing,522.15,31,41.2,2137.0,18.5,0,1,0,1,1,1,1,1,1,1,0,1,0,1,1
PB00552,Sangrur,Furniture/Wood,2415.79,55,383.7,6890.1,13.4,0,0,0,1,1,1,1,1,0,1,0,0,0,1,1
PB00553,Mohali (SAS Nagar),Paper & Pulp,341.71,7,101.8,481.8,20.4,0,0,0,1,1,0,1,1,1,0,0,0,0,1,1
PB00554,Sangrur,Engineering/Metal Fabrication,951.15,76,153.1,3002.1,1.3,0,0,0,1,1,1,1,1,0,0,0,0,0,1,1
PB00555,Mohali (SAS Nagar),Chemical,68.47,36,2.0,520.2,18.3,1,1,0,1,1,1,1,1,1,0,0,1,0,0,1
PB00556,Amritsar,Chemical,1725.8,23,235.4,5733.7,19.4,1,1,0,1,1,1,1,1,1,1,0,1,1,1,0
PB00557,Mohali,Engineering/Metal Fabrication,298.24,10,31.0,1128.6,15.5,1,0,0,1,1,1,1,1,1,0,0,0,1,1,1
PB00558,Sangrur,Rice Milling,1462.95,9,264.9,4239.7,13.1,1,1,0,1,1,0,1,1,1,0,1,1,1,1,1
PB00559,Mohali,Rice Milling,82.41,24,20.6,50.0,29.0,0,0,0,1,1,1,1,1,1,0,1,0,0,0,0
PB00560,Amritsar,Food Processing,978.61,55,188.8,2915.2,22.3,1,1,0,1,1,1,1,1,1,0,1,1,1,1,1
PB00561,Fatehgarh Sahib,Food Processing,149.75,6,27.3,50.0,2.9,0,1,0,1,1,0,1,1,0,0,1,1,0,1,1
PB00562,Amritsar,Beverages,6000.0,8,904.4,18229.6,17.6,0,1,0,1,1,0,1,1,1,1,1,1,0,1,1
PB00563,Sangrur,Chemical,1048.68,93,147.6,3173.7,26.4,1,1,0,1,1,1,1,1,1,1,0,1,1,1,1
PB00564,Sangrur,Plastic Products,378.57,4,48.0,1291.5,3.3,1,0,0,1,1,0,0,1,1,0,0,0,1,1,1
PB00565,Bathinda,Plastic Products,259.98,15,36.2,50.0,13.7,1,0,0,1,1,1,1,1,1,0,0,0,1,1,0
PB00566,Patiala,Agro-based,314.24,15,42.3,1944.3,6.8,0,0,0,1,1,1,1,1,0,0,0,0,0,1,1
PB00567,Mohali,Furniture/Wood,1733.62,34,276.4,3488.2,8.6,0,0,0,1,1,1,1,1,0,0,0,0,0,1,1
PB00568,Mohali (SAS Nagar),Cement,1042.28,16,149.1,3600.6,10.4,0,0,0,1,1,1,1,1,0,1,0,0,0,1,1
PB00569,Moga,Food Processing,594.85,3,86.7,1042.3,0.5,0,1,0,1,1,0,1,1,0,0,1,1,0,1,0
PB00570,Rupnagar,Beverages,151.43,8,5.3,525.6,4.6,0,0,0,1,1,0,1,1,1,0,1,0,0,0,1
PB00571,Rupnagar,Electronics,447.97,10,69.7,1074.4,8.0,0,0,0,1,1,1,1,1,0,0,0,0,0,1,1
PB00572,Rupnagar,Engineering/Metal Fabrication,1724.61,45,235.1,5383.2,4.9,0,0,0,1,1,1,1,1,0,0,0,0,0,1,1
PB00573,Jalandhar,Steel Rolling,548.53,13,84.3,1538.6,0.5,0,0,0,1,1,1,1,1,0,1,0,0,0,1,1
PB00574,Patiala,Leather Products,6000.0,23,913.6,17586.5,21.3,1,0,0,1,1,1,1,1,1,1,0,0,1,1,1
PB00575,Ludhiana,Chemical,230.47,1,35.3,1085.4,41.4,1,1,0,1,1,0,0,1,1,0,0,1,1,1,1
PB00576,Jalandhar,Agro-based,252.94,46,29.2,1390.5,0.5,0,0,0,1,1,1,1,1,0,0,0,0,0,1,1
PB00577,Amritsar,Paper & Pulp,854.55,38,140.3,2358.6,19.4,0,0,0,1,1,1,1,1,1,1,0,0,0,1,1
PB00578,Mohali (SAS Nagar),Plastic Products,445.96,4,84.0,1381.5,8.0,1,0,0,1,1,0,0,1,1,0,0,0,1,1,1
PB00579,Ludhiana,Cement,561.25,14,95.0,2129.3,3.8,0,0,0,1,1,1,1,1,0,1,0,0,0,1,1
PB00580,Patiala,Pharmaceutical,169.68,11,69.2,385.8,25.9,1,0,0,1,1,1,1,1,1,0,0,0,1,1,1
PB00581,Rupnagar,Agro-based,750.87,18,81.4,2615.2,2.2,0,0,0,1,1,1,1,1,0,0,0,0,1,0,1
PB00582,Hoshiarpur,Textile Dyeing,942.26,100,120.5,3066.7,27.2,0,1,0,1,1,1,1,1,1,0,0,1,0,1,1
PB00583,Rupnagar,Rice Milling,472.54,55,79.6,2065.7,11.9,0,0,0,1,1,1,1,1,1,0,1,0,0,1,1
PB00584,Hoshiarpur,Beverages,1334.35,9,203.9,4382.6,15.1,0,1,0,1,1,0,1,1,1,0,1,1,0,1,1
PB00585,Rupnagar,Chemical,458.33,14,65.5,1920.6,25.6,1,1,0,1,1,1,1,1,1,0,0,1,0,1,1
PB00586,Sangrur,Engineering/Metal Fabrication,629.68,60,108.1,2032.0,6.5,0,0,0,1,1,1,1,1,0,0,0,0,0,1,1
PB00587,Hoshiarpur,Paper & Pulp,338.29,13,51.9,952.4,18.3,0,1,0,1,1,1,1,1,1,0,0,1,0,1,1
PB00588,Sangrur,Food Processing,1419.04,16,218.1,4957.7,25.3,0,1,0,1,1,1,1,1,1,0,1,1,0,1,1
PB00589,Amritsar,Chemical,447.65,9,42.2,755.8,18.8,1,0,0,1,0,0,1,1,1,0,0,0,1,1,1
PB00590,Patiala,Chemical,924.85,13,134.6,2092.3,12.6,1,1,0,1,1,1,1,1,1,1,0,1,1,1,1
PB00591,Mohali,Pharmaceutical,1051.54,24,166.2,3250.0,27.6,1,0,0,1,1,1,1,1,1,1,0,0,1,1,1
PB00592,Rupnagar,Pharmaceutical,952.48,20,166.2,3170.1,18.6,1,0,0,1,1,1,1,1,1,1,0,0,1,1,1
PB00593,Hoshiarpur,Electronics,213.57,21,30.7,687.2,0.6,1,0,0,1,1,1,1,1,1,0,0,0,1,1,1
PB00594,Bathinda,Rice Milling,230.2,4,23.5,457.3,26.8,0,1,0,1,1,0,0,1,1,0,1,1,0,0,1
PB00595,Amritsar,Chemical,331.45,9,39.8,1469.0,16.3,1,1,0,1,1,0,1,1,1,0,0,1,1,1,1
PB00596,Fatehgarh Sahib,Steel Rolling,537.67,17,49.2,1781.8,10.4,0,0,0,1,1,1,1,1,0,0,0,0,0,1,1
PB00597,Mohali (SAS Nagar),Cement,74.0,15,2.0,50.0,0.5,0,0,0,1,1,0,1,1,0,1,0,0,0,0,0
PB00598,Ludhiana,Furniture/Wood,892.1,16,97.2,2238.2,11.8,0,0,0,1,1,1,1,1,0,0,0,0,0,0,1
PB00599,Bathinda,Furniture/Wood,1280.57,27,187.9,3231.3,0.5,0,0,0,1,1,1,1,1,0,0,0,0,0,1,1
PB00600,Mohali (SAS Nagar),Pharmaceutical,375.65,14,52.8,627.9,6.1,1,0,0,1,1,1,1,1,1,0,0,0,1,1,1
PB00601,Jalandhar,Paper & Pulp,1647.46,9,281.4,5512.0,16.2,0,0,0,1,1,0,1,1,1,1,0,0,0,1,1
PB00602,Fatehgarh Sahib,Furniture/Wood,573.52,10,86.1,943.7,6.1,0,0,0,1,1,1,1,1,0,0,0,0,0,1,1
PB00603,Fatehgarh Sahib,Food Processing,6000.0,49,923.5,18593.8,14.3,0,1,0,1,1,1,1,1,0,1,1,1,0,1,1
PB00604,Sangrur,IT/Software Services,393.82,10,69.5,1468.1,0.5,0,0,1,1,1,0,1,1,0,0,0,0,0,1,1
PB00605,Patiala,Beverages,352.18,7,10.4,1680.7,23.5,0,1,0,1,1,0,1,1,1,0,1,1,0,0,1
PB00606,Amritsar,IT/Software Services,92.06,11,2.0,1569.2,8.4,0,0,1,1,1,0,1,1,0,0,0,0,0,1,1
PB00607,Moga,Plastic Products,6000.0,14,919.0,17506.2,0.5,1,0,0,1,0,1,1,1,1,1,0,0,1,1,1
PB00608,Mohali (SAS Nagar),Plastic Products,1102.5,11,194.7,3332.1,3.5,1,0,0,1,1,1,1,1,1,0,0,0,1,1,1
PB00609,Jalandhar,Auto Components,295.52,42,54.4,1782.3,1.5,0,0,0,1,1,1,1,1,0,0,0,0,0,1,1
PB00610,Jalandhar,Auto Components,1020.83,12,167.7,2548.8,11.8,0,0,0,1,1,1,1,1,0,0,0,0,0,1,1
PB00611,Moga,Plastic Products,595.75,5,99.4,2116.0,5.9,1,0,0,1,1,0,1,1,1,0,0,0,1,1,1
PB00612,Amritsar,Textile Dyeing,2460.91,19,324.6,7496.3,20.7,0,0,0,1,1,1,1,1,1,1,0,0,0,1,1
PB00613,Patiala,Textile,359.89,5,85.8,785.8,0.5,0,0,0,1,1,0,1,1,0,0,0,0,0,1,1
PB00614,Mohali (SAS Nagar),Leather Products,814.04,32,138.5,2992.7,20.9,1,0,0,1,1,1,1,1,1,0,0,0,1,1,1
PB00615,Mohali,Leather Products,109.35,29,11.6,78.3,22.3,1,0,0,1,1,1,1,1,1,1,0,0,1,0,0
PB00616,Jalandhar,Paper & Pulp,77.94,6,2.0,969.9,26.4,0,0,0,1,1,0,1,1,1,0,0,0,0,0,1
PB00617,Mohali (SAS Nagar),Beverages,348.44,11,87.6,452.4,0.5,0,0,0,1,1,1,1,1,1,0,1,0,0,1,1
PB00618,Mohali,Auto Components,2394.57,12,382.0,7762.3,3.6,0,0,0,1,1,1,1,1,0,1,0,0,0,1,1
PB00619,Hoshiarpur,Engineering/Metal Fabrication,317.27,12,51.8,586.5,3.4,1,0,0,1,1,1,1,1,1,0,0,0,1,1,1
PB00620,Patiala,Steel Rolling,321.68,5,64.5,1433.8,1.1,0,0,0,1,1,0,1,1,0,0,0,0,0,1,1
PB00621,Fatehgarh Sahib,IT/Software Services,59.88,51,2.0,50.0,0.8,0,0,1,1,1,0,1,1,0,0,0,0,0,0,0
PB00622,Patiala,Paper & Pulp,138.72,7,27.0,782.6,15.9,0,1,0,1,1,0,1,1,1,0,0,1,0,1,1
PB00623,Bathinda,Furniture/Wood,651.15,8,90.8,2014.2,1.0,0,0,0,1,1,0,1,1,0,0,0,0,0,1,1
PB00624,Mohali (SAS Nagar),Cement,842.18,57,120.7,2083.6,7.0,0,0,0,1,1,1,1,1,0,1,0,0,0,1,1
PB00625,Bathinda,Cement,37.63,11,25.3,50.0,18.9,0,0,0,1,1,1,1,1,1,0,0,0,0,1,0
PB00626,Rupnagar,Paper & Pulp,646.69,74,87.9,2094.8,25.6,0,0,0,1,1,1,1,1,1,1,0,0,0,1,1
PB00627,Hoshiarpur,Textile Dyeing,168.6,36,10.5,50.0,25.6,0,1,0,1,1,1,0,1,1,0,0,1,0,0,0
PB00628,Mohali (SAS Nagar),Textile,2467.24,24,355.1,5831.0,11.4,0,0,0,1,1,1,1,1,0,1,0,0,0,1,1
PB00629,Moga,Pharmaceutical,343.82,22,31.8,957.9,18.4,1,0,0,1,1,1,1,1,1,0,0,0,1,1,1
PB00630,Sangrur,Plastic Products,494.38,38,68.2,1713.3,3.9,1,0,0,1,1,1,1,1,1,1,0,0,1,1,1
PB00631,Rupnagar,Leather Products,468.83,20,98.9,1644.6,32.2,1,0,0,1,1,1,1,1,1,0,0,0,1,1,1
PB00632,Mohali,IT/Software Services,254.43,34,35.6,1580.6,2.3,0,0,1,1,1,0,1,1,0,0,0,0,0,1,1
PB00633,Amritsar,Chemical,1456.72,68,204.8,4770.8,26.1,1,1,0,1,1,1,1,1,1,1,0,1,1,1,1
PB00634,Moga,Agro-based,1313.9,7,192.0,3576.3,3.9,0,0,0,1,1,0,1,1,0,0,0,0,0,1,1
PB00635,Amritsar,Engineering/Metal Fabrication,485.99,8,106.9,1870.4,0.5,0,0,0,1,1,0,1,1,0,0,0,0,0,1,1
PB00636,Amritsar,Pharmaceutical,39.94,18,14.0,1014.5,23.8,1,0,0,1,1,1,1,1,1,0,0,0,0,0,1
PB00637,Sangrur,Beverages,329.67,14,19.8,1564.8,19.2,0,1,0,1,1,1,1,1,1,0,1,1,0,0,1
PB00638,Sangrur,Agro-based,420.44,37,52.7,462.5,16.9,0,0,0,1,1,1,1,1,1,0,0,0,0,1,1
PB00639,Mohali,Steel Rolling,521.46,60,65.2,1598.7,0.5,0,0,0,1,1,1,1,1,0,0,0,0,0,1,1
PB00640,Hoshiarpur,Agro-based,192.6,18,18.9,407.3,13.2,0,0,0,1,1,1,1,1,0,0,0,0,1,0,1
PB00641,Amritsar,Food Processing,248.29,21,41.2,1351.0,2.8,0,0,0,1,1,1,1,1,0,0,1,0,0,1,1
PB00642,Mohali,Furniture/Wood,139.75,17,34.2,835.9,9.8,0,0,0,1,1,1,1,1,0,0,0,0,0,1,1
PB00643,Patiala,Engineering/Metal Fabrication,285.96,8,17.8,1046.6,5.9,0,0,0,1,1,0,1,1,0,0,0,0,0,0,1
PB00644,Hoshiarpur,Agro-based,474.06,36,98.5,959.3,19.1,1,0,0,1,1,1,1,1,1,0,0,0,1,1,1
PB00645,Bathinda,Rice Milling,113.43,67,7.4,940.3,15.2,0,1,0,1,1,1,1,1,1,1,1,1,0,0,1
PB00646,Hoshiarpur,Steel Rolling,1458.91,3,226.7,4332.1,17.9,0,0,0,1,1,0,0,1,1,0,0,0,0,1,1
PB00647,Fatehgarh Sahib,Cement,486.69,15,67.8,2097.3,0.5,0,0,0,1,1,1,0,1,0,0,0,0,0,1,1
PB00648,Ludhiana,Steel Rolling,1117.44,32,158.9,3663.6,10.2,0,0,0,1,1,1,1,0,0,0,0,0,0,1,1
PB00649,Bathinda,Beverages,1133.26,4,140.1,3490.2,16.1,0,1,0,1,1,0,0,1,1,0,1,1,0,1,1
PB00650,Hoshiarpur,Electronics,202.4,11,2.0,117.6,4.9,0,0,0,1,1,0,1,0,0,0,0,0,0,0,0
PB00651,Rupnagar,Furniture/Wood,249.97,5,41.9,512.2,0.5,0,0,0,1,1,0,1,1,0,0,0,0,0,1,1
PB00652,Hoshiarpur,Textile,120.85,9,2.0,50.0,0.5,0,0,0,1,1,0,1,0,0,0,0,0,0,0,0
PB00653,Mohali,Rice Milling,242.5,12,59.2,780.7,13.3,0,1,0,1,1,1,1,1,1,0,1,1,0,1,1
PB00654,Jalandhar,Furniture/Wood,873.26,8,116.8,2684.8,0.5,0,0,0,1,1,0,1,1,0,0,0,0,0,1,1
PB00655,Moga,Paper & Pulp,1320.73,15,195.5,3193.9,17.7,0,1,0,1,1,1,1,1,1,1,0,1,0,1,1
PB00656,Sangrur,Agro-based,134.69,10,7.5,1765.6,9.9,0,0,0,1,1,1,1,1,0,0,0,0,0,0,1
PB00657,Hoshiarpur,Agro-based,312.08,21,42.9,1669.0,9.7,0,0,0,1,1,1,1,1,0,0,0,0,0,1,1
PB00658,Jalandhar,Leather Products,614.91,13,103.9,2150.2,20.3,1,0,0,1,1,1,1,1,1,0,0,0,1,1,1
PB00659,Ludhiana,Cement,261.24,21,67.7,1490.6,4.8,0,0,0,1,1,1,1,1,0,0,0,0,0,1,1
PB00660,Patiala,Cement,470.24,12,61.6,1676.6,0.5,0,0,0,1,1,1,1,1,0,0,0,0,0,1,1
PB00661,Mohali (SAS Nagar),Auto Components,586.8,106,84.0,1343.0,0.5,0,0,0,1,1,1,1,1,0,0,0,0,0,1,1
PB00662,Bathinda,Textile,920.58,12,134.0,2747.4,1.8,0,0,0,1,1,1,1,1,0,0,0,0,0,1,1
PB00663,Fatehgarh Sahib,Beverages,745.88,11,87.4,1791.3,33.9,0,1,0,1,1,1,1,1,1,0,1,1,0,1,1
PB00664,Rupnagar,Pharmaceutical,615.62,6,80.1,857.4,36.2,1,0,0,1,1,0,1,1,1,1,0,0,1,1,1
PB00665,Amritsar,Paper & Pulp,1001.77,14,115.1,2879.8,12.2,0,1,0,1,1,1,1,1,1,1,0,1,0,1,1
PB00666,Bathinda,Plastic Products,440.34,11,80.9,1234.2,8.3,1,0,0,1,1,1,1,1,1,0,0,0,1,1,1
PB00667,Rupnagar,Cement,652.55,12,81.4,1626.3,8.3,0,0,0,1,1,1,1,1,0,1,0,0,0,0,1
PB00668,Amritsar,Textile Dyeing,311.42,2,47.3,1070.1,32.7,0,1,0,1,1,0,0,1,1,0,0,1,0,1,1
PB00669,Patiala,Auto Components,266.95,13,47.3,1905.4,7.3,0,0,0,1,1,1,1,0,0,0,0,0,0,1,1
PB00670,Amritsar,Rice Milling,706.07,7,139.2,3118.7,27.2,0,1,0,1,1,0,1,1,1,0,1,1,0,1,1
PB00671,Hoshiarpur,Rice Milling,44.66,30,18.0,50.0,7.2,0,1,0,1,1,1,1,1,1,0,1,1,0,0,0
PB00672,Sangrur,Steel Rolling,264.4,83,26.4,1178.8,1.3,0,0,0,1,1,1,1,1,0,0,0,0,0,1,1
PB00673,Rupnagar,IT/Software Services,268.25,30,33.4,964.3,6.8,0,0,1,1,1,0,1,1,0,0,0,0,0,1,1
PB00674,Ludhiana,IT/Software Services,40.78,7,10.9,50.0,22.8,0,0,1,1,1,0,1,0,1,0,0,0,0,0,0
PB00675,Hoshiarpur,Leather Products,211.49,28,36.2,50.0,24.4,1,0,0,1,1,1,1,1,1,0,0,0,1,0,0
PB00676,Bathinda,Engineering/Metal Fabrication,664.83,47,68.4,1803.9,8.3,0,0,0,1,1,1,1,1,0,0,0,0,0,1,1
PB00677,Hoshiarpur,Food Processing,512.55,144,116.5,834.6,0.5,0,0,0,1,1,1,1,1,0,0,1,0,0,1,0
PB00678,Moga,Cement,968.05,3,165.3,3198.0,0.5,0,0,0,1,1,0,0,1,0,1,0,0,0,1,1
PB00679,Amritsar,Engineering/Metal Fabrication,293.22,8,31.1,50.0,0.5,0,0,0,1,1,0,1,0,0,0,0,0,0,1,0
PB00680,Mohali (SAS Nagar),Textile,313.35,21,34.0,516.5,5.2,0,0,0,1,0,1,1,1,0,1,0,0,0,1,1
PB00681,Hoshiarpur,Chemical,95.25,30,46.6,73.2,14.1,1,1,0,1,1,1,1,1,1,0,0,1,0,1,0
PB00682,Mohali (SAS Nagar),Agro-based,364.59,27,57.6,499.0,9.9,0,0,0,1,1,1,1,1,0,0,0,0,0,1,1
PB00683,Fatehgarh Sahib,IT/Software Services,687.6,12,153.7,1948.9,3.2,0,0,1,1,1,0,1,1,0,0,0,0,0,1,1
PB00684,Bathinda,Plastic Products,167.89,6,52.1,1069.4,0.5,1,0,0,1,1,0,1,0,1,0,0,0,1,1,1
PB00685,Patiala,Plastic Products,744.55,3,131.8,2886.8,9.4,1,0,0,1,1,0,0,1,1,0,0,0,1,1,1
PB00686,Mohali (SAS Nagar),Steel Rolling,144.31,7,28.3,562.5,0.5,0,0,0,1,1,0,1,1,0,0,0,0,0,1,1
PB00687,Mohali (SAS Nagar),Electronics,109.52,16,9.9,972.5,0.5,0,0,0,1,1,1,1,1,1,0,0,0,0,0,1
PB00688,Sangrur,Rice Milling,528.6,12,111.0,1785.8,21.3,0,0,0,1,1,1,1,1,1,0,1,0,0,1,1
PB00689,Amritsar,Steel Rolling,997.2,22,153.2,2513.5,0.5,0,0,0,1,1,1,1,1,0,0,0,0,0,1,1
PB00690,Amritsar,Agro-based,1586.91,14,224.4,4070.0,0.5,0,0,0,1,1,1,1,1,0,0,0,0,0,1,1
PB00691,Hoshiarpur,Pharmaceutical,114.3,1,13.9,1069.9,31.2,1,0,0,1,1,0,0,1,1,0,0,0,1,0,1
PB00692,Bathinda,Textile Dyeing,576.21,96,58.3,1064.9,10.7,0,1,0,1,1,1,1,1,1,0,0,1,0,1,1
PB00693,Amritsar,Leather Products,74.81,4,10.6,57.2,20.5,1,0,0,1,1,0,0,1,1,0,0,0,0,0,0
PB00694,Sangrur,Beverages,259.46,84,40.9,217.5,11.3,0,0,0,1,1,1,1,1,1,0,1,0,0,1,1
PB00695,Rupnagar,Agro-based,109.99,1,15.7,455.0,0.5,0,0,0,1,1,0,1,1,1,1,0,0,0,0,1
PB00696,Fatehgarh Sahib,Electronics,468.37,2,97.3,780.5,1.6,0,0,0,1,1,0,0,1,0,0,0,0,0,1,1
PB00697,Moga,Pharmaceutical,262.79,16,28.3,1579.0,11.9,1,0,0,1,1,1,1,1,1,0,0,0,1,1,1
PB00698,Jalandhar,Food Processing,434.17,29,87.4,1155.4,9.4,0,1,0,1,1,1,1,1,0,0,1,1,0,1,1
PB00699,Moga,Pharmaceutical,1314.59,11,225.8,4465.7,36.3,1,0,0,1,1,1,1,1,1,1,0,0,1,1,1
PB00700,Mohali (SAS Nagar),Food Processing,634.28,152,74.1,1428.3,2.7,0,1,0,1,1,1,1,1,0,0,1,1,0,1,1
PB00701,Bathinda,Plastic Products,553.99,49,90.7,1984.6,12.1,1,0,0,1,1,1,1,1,1,0,0,0,1,1,1
PB00702,Patiala,Cement,3478.72,81,528.0,10787.1,0.5,0,0,0,1,1,1,1,1,0,1,0,0,0,1,1
PB00703,Mohali (SAS Nagar),Steel Rolling,184.32,18,2.0,570.1,17.5,0,0,0,1,1,0,1,1,1,0,0,0,0,0,1
PB00704,Moga,Engineering/Metal Fabrication,185.98,14,19.8,145.9,13.1,0,0,0,1,1,1,1,0,0,0,0,0,0,0,0
PB00705,Sangrur,Beverages,143.01,32,22.1,562.9,14.4,0,1,0,1,1,1,1,1,1,0,1,1,0,0,1
PB00706,Mohali (SAS Nagar),Textile Dyeing,597.83,18,78.9,953.7,13.2,0,1,0,1,1,1,1,1,1,0,0,1,0,1,1
PB00707,Moga,Paper & Pulp,662.42,19,108.5,2204.1,5.8,0,1,0,1,1,1,1,1,1,1,0,1,0,1,1
PB00708,Ludhiana,Engineering/Metal Fabrication,812.86,12,117.7,2084.8,9.4,0,0,0,1,0,1,1,1,0,0,0,0,0,1,1
PB00709,Ludhiana,Plastic Products,598.73,6,126.8,1142.4,7.2,1,0,0,1,1,0,1,1,1,0,0,0,1,1,1
PB00710,Amritsar,Steel Rolling,2260.95,14,371.1,7119.4,7.4,0,0,0,1,1,1,1,1,0,1,0,0,0,1,1
PB00711,Hoshiarpur,Pharmaceutical,749.35,14,110.9,2904.8,14.4,1,0,0,1,1,1,1,1,1,1,0,0,1,1,1
PB00712,Mohali,Engineering/Metal Fabrication,3135.74,30,438.2,9267.4,4.0,1,0,0,1,1,1,1,1,1,1,0,0,1,1,1
PB00713,Sangrur,Electronics,156.6,11,32.5,1124.1,6.6,0,0,0,1,1,1,1,1,0,0,0,0,0,1,1
PB00714,Mohali (SAS Nagar),Furniture/Wood,190.03,19,26.8,50.0,5.7,0,0,0,1,1,1,1,1,0,0,0,0,0,1,0
PB00715,Mohali (SAS Nagar),Plastic Products,195.04,46,35.8,50.0,14.9,1,0,0,1,1,1,1,1,1,0,0,0,1,1,0
PB00716,Mohali (SAS Nagar),Chemical,1166.06,20,202.3,2990.3,19.8,1,1,0,1,1,1,1,1,1,1,0,1,1,1,1
PB00717,Patiala,Steel Rolling,1319.52,16,191.2,4241.4,7.2,0,0,0,1,1,1,1,1,0,0,0,0,0,1,1
PB00718,Bathinda,Auto Components,1253.23,19,195.9,4432.0,12.4,0,0,0,1,1,1,1,0,0,0,0,0,0,1,1
PB00719,Rupnagar,Steel Rolling,1639.45,37,232.7,4961.7,0.7,0,0,0,1,1,0,1,1,0,0,0,0,0,1,1
PB00720,Bathinda,Chemical,163.83,22,45.6,170.5,6.5,1,0,0,1,1,1,1,1,0,1,0,0,1,1,1
PB00721,Hoshiarpur,Textile Dyeing,412.41,3,55.5,1313.0,13.5,0,1,0,1,1,0,0,1,0,0,0,1,1,1,1
PB00722,Jalandhar,Beverages,766.4,16,120.6,3266.8,29.6,0,0,0,1,1,1,1,1,1,0,1,0,0,1,1
PB00723,Sangrur,Cement,459.52,23,71.7,1973.4,7.8,0,0,0,1,1,1,1,1,1,0,0,0,0,1,1
PB00724,Mohali,IT/Software Services,376.8,6,19.5,1343.7,20.9,0,0,1,1,1,0,1,1,1,0,0,0,0,0,1
PB00725,Bathinda,Steel Rolling,410.0,23,58.4,1586.9,5.8,0,0,0,1,1,1,1,1,0,0,0,0,0,1,1
PB00726,Bathinda,Leather Products,227.09,34,36.5,217.8,33.4,1,0,0,1,1,1,1,1,1,0,0,0,1,1,1
PB00727,Fatehgarh Sahib,Paper & Pulp,376.73,5,36.5,1500.5,9.9,0,1,0,1,1,0,1,1,1,0,0,1,0,1,1
PB00728,Ludhiana,Leather Products,258.62,36,66.8,1166.4,18.3,1,0,0,1,1,1,1,1,1,0,0,0,1,1,1
PB00729,Fatehgarh Sahib,Chemical,271.14,18,42.4,448.0,22.0,1,0,0,1,1,1,1,1,1,0,0,0,1,1,0
PB00730,Mohali (SAS Nagar),Auto Components,102.85,8,11.0,473.9,0.5,0,0,0,1,1,0,1,1,0,1,0,0,0,0,1
PB00731,Bathinda,IT/Software Services,459.58,5,90.2,2518.4,2.6,0,0,1,1,1,0,1,1,0,0,0,0,0,1,1
PB00732,Jalandhar,Pharmaceutical,196.99,3,16.1,140.8,19.5,1,0,0,1,1,0,0,1,1,0,0,0,1,0,0
PB00733,Rupnagar,Auto Components,202.11,13,64.3,1601.3,0.5,0,0,0,1,0,1,1,1,0,0,0,0,0,1,1
PB00734,Patiala,Cement,457.28,6,78.7,1351.7,1.0,0,0,0,1,1,0,1,1,0,0,0,0,0,1,1
PB00735,Mohali (SAS Nagar),Chemical,210.93,22,56.5,504.4,28.4,1,1,0,1,1,1,1,1,1,0,0,1,1,1,1
PB00736,Sangrur,Paper & Pulp,1139.62,5,163.7,3127.4,13.1,0,1,0,1,1,0,1,1,1,1,0,1,0,1,1
PB00737,Fatehgarh Sahib,Auto Components,126.75,21,2.0,50.0,16.4,0,0,0,1,1,0,1,1,1,0,0,0,0,0,0
PB00738,Mohali (SAS Nagar),Electronics,303.18,8,40.3,165.9,5.7,0,0,0,1,1,0,1,0,0,0,0,0,0,1,1
PB00739,Mohali,Furniture/Wood,404.11,127,59.4,1173.1,13.0,0,0,0,1,1,1,1,1,0,0,0,0,0,1,1
PB00740,Hoshiarpur,Plastic Products,380.66,12,59.2,1027.2,9.0,1,0,0,1,1,1,1,1,1,0,0,0,1,1,1
PB00741,Amritsar,Chemical,204.19,95,8.4,976.2,23.4,1,1,0,1,1,1,1,1,1,0,0,1,1,1,1
PB00742,Amritsar,Chemical,1764.42,17,261.6,6443.2,8.5,1,0,0,1,1,1,1,1,1,1,0,0,1,1,1
PB00743,Fatehgarh Sahib,Furniture/Wood,118.58,24,14.1,116.1,8.1,0,0,0,1,1,1,1,1,1,0,0,0,0,0,0
PB00744,Moga,Paper & Pulp,300.22,41,60.1,758.0,26.2,0,1,0,1,1,1,1,1,1,0,0,1,0,1,1
PB00745,Sangrur,Cement,145.6,38,5.7,1181.9,0.8,0,0,0,1,1,1,1,1,0,0,0,0,0,0,1
PB00746,Jalandhar,Electronics,625.91,7,107.3,2203.1,15.7,0,0,0,1,1,0,1,0,1,0,0,0,0,1,1
PB00747,Mohali (SAS Nagar),Auto Components,1685.57,8,271.5,5962.0,14.7,0,0,0,1,1,0,1,1,0,0,0,0,1,1,1
PB00748,Amritsar,Engineering/Metal Fabrication,453.21,23,83.4,1422.4,3.5,0,0,0,1,1,1,1,1,0,0,0,0,0,1,1
PB00749,Sangrur,Rice Milling,780.64,26,121.1,2554.7,20.3,1,1,0,1,1,1,1,1,1,0,1,1,1,1,1
PB00750,Mohali (SAS Nagar),Textile,66.33,14,14.4,50.0,0.5,0,0,0,1,1,1,1,0,0,0,0,0,0,0,0
PB00751,Moga,Chemical,71.17,7,2.0,83.7,29.7,1,0,0,1,1,0,1,1,1,0,0,0,0,0,0
PB00752,Jalandhar,Beverages,231.37,8,28.5,1216.0,27.5,0,1,0,1,1,0,1,1,1,0,1,1,0,1,1
PB00753,Ludhiana,Agro-based,308.06,4,47.1,1298.6,17.0,0,0,0,1,1,0,0,1,1,0,0,0,0,1,0
PB00754,Moga,Textile,503.47,8,60.3,1899.4,3.8,0,0,0,1,1,0,1,1,0,0,0,0,0,1,1
PB00755,Jalandhar,Rice Milling,2119.94,6,309.7,5632.4,27.8,0,1,0,1,1,0,1,1,0,1,1,1,0,1,1
PB00756,Hoshiarpur,Agro-based,472.37,15,18.9,2044.5,15.0,0,0,0,1,1,1,1,1,0,0,0,0,0,0,1
PB00757,Sangrur,Textile,564.53,120,74.1,2644.7,21.5,0,0,0,1,1,1,1,1,1,0,0,0,0,1,1
PB00758,Amritsar,Paper & Pulp,1806.87,13,268.7,5844.3,26.4,0,0,0,1,1,1,1,1,1,1,0,0,0,1,1
PB00759,Jalandhar,Textile,51.12,22,2.0,50.0,14.0,0,0,0,1,1,1,1,1,0,0,0,0,0,0,0
PB00760,Mohali,Auto Components,385.31,13,79.2,1904.5,8.8,0,0,0,1,1,1,1,1,1,0,0,0,0,1,1
PB00761,Rupnagar,Plastic Products,193.11,41,27.5,154.4,0.5,1,0,0,1,1,1,1,1,1,0,0,0,1,1,1
PB00762,Ludhiana,Textile Dyeing,891.52,7,145.6,2483.9,18.3,0,1,0,1,1,0,1,1,1,0,0,1,0,1,1
PB00763,Rupnagar,Food Processing,573.68,5,105.9,1454.1,3.8,1,1,0,1,1,0,1,1,1,0,1,1,1,1,1
PB00764,Amritsar,Chemical,92.7,30,26.1,987.6,4.4,1,0,0,1,1,1,0,1,1,0,0,0,0,1,1
PB00765,Mohali,Food Processing,124.03,34,32.7,50.0,8.9,0,0,0,1,1,1,1,1,1,0,1,0,0,1,0
PB00766,Mohali,Beverages,583.35,42,36.3,1977.3,18.0,0,1,0,1,1,1,1,1,1,0,1,1,0,1,1
PB00767,Sangrur,Furniture/Wood,114.73,18,72.8,741.8,0.5,0,0,0,1,1,1,1,0,0,0,0,0,0,0,1
PB00768,Fatehgarh Sahib,Pharmaceutical,3095.5,9,476.2,10148.7,7.9,1,0,0,1,1,0,1,1,1,1,0,0,1,1,1
PB00769,Mohali,Plastic Products,358.17,12,67.7,2425.2,8.0,1,0,0,1,1,1,1,1,1,0,0,0,1,1,1
PB00770,Mohali,Plastic Products,4153.8,8,632.2,12187.3,4.6,1,0,0,1,0,0,1,1,1,1,0,0,1,1,1
PB00771,Moga,Steel Rolling,923.09,9,160.2,2960.3,0.5,0,0,0,1,1,0,1,1,0,0,0,0,0,1,1
PB00772,Ludhiana,Chemical,560.95,21,87.3,1049.3,18.4,1,1,0,1,1,1,1,1,1,1,0,1,1,1,1
PB00773,Moga,Furniture/Wood,110.39,24,38.8,708.8,13.7,0,0,0,1,1,1,1,1,0,0,0,0,0,1,1
PB00774,Jalandhar,Auto Components,319.55,11,51.9,1054.4,7.6,0,0,0,1,1,1,1,1,0,0,0,0,0,1,1
PB00775,Rupnagar,Engineering/Metal Fabrication,293.13,31,60.9,1277.6,0.5,0,0,0,1,1,1,1,1,0,0,0,0,0,1,1
PB00776,Mohali (SAS Nagar),Agro-based,2453.49,19,353.2,7107.4,0.5,0,0,0,1,1,1,1,1,0,1,0,0,0,1,1
PB00777,Bathinda,Food Processing,460.01,19,47.8,2010.8,6.4,0,0,0,1,1,1,1,1,0,0,1,0,0,1,1
PB00778,Sangrur,Textile Dyeing,147.58,14,4.5,459.1,20.2,0,1,0,1,1,0,1,1,1,1,0,1,0,0,1
PB00779,Patiala,Textile Dyeing,110.53,67,34.4,1196.8,24.3,0,0,0,1,1,1,1,1,1,0,0,0,0,1,1
PB00780,Hoshiarpur,Electronics,251.39,9,50.0,100.6,6.5,0,0,0,1,1,0,1,0,0,0,0,0,0,1,0
PB00781,Jalandhar,Leather Products,207.99,10,63.8,475.8,24.7,1,0,0,1,1,1,1,1,1,0,0,0,1,1,1
PB00782,Amritsar,Beverages,427.63,6,42.4,932.3,27.8,0,1,0,1,1,0,1,1,1,0,1,1,0,1,1
PB00783,Bathinda,Auto Components,430.88,14,93.8,650.2,16.0,0,0,0,1,1,1,1,1,0,0,0,0,0,1,1
PB00784,Bathinda,Furniture/Wood,115.42,29,53.4,1008.8,0.5,0,0,0,1,1,1,1,1,0,0,0,0,0,1,1
PB00785,Hoshiarpur,Electronics,834.86,26,130.5,2971.3,2.1,0,0,0,1,1,1,1,1,0,0,0,0,0,1,1
PB00786,Fatehgarh Sahib,Paper & Pulp,491.05,11,89.0,1096.9,21.2,0,1,0,1,1,1,1,1,1,0,0,1,0,1,1
PB00787,Ludhiana,Agro-based,12.28,12,2.0,167.3,15.0,0,0,0,1,1,0,1,0,0,0,0,0,0,0,1
PB00788,Moga,Cement,2222.55,17,352.8,6765.1,0.5,0,0,0,1,1,1,1,1,0,1,0,0,0,1,1
PB00789,Moga,Rice Milling,130.36,47,56.7,1137.8,11.3,0,1,0,1,1,1,1,1,1,0,1,1,0,1,1
PB00790,Fatehgarh Sahib,Chemical,92.7,6,24.4,50.0,23.8,1,0,0,1,1,0,1,1,1,0,0,0,0,0,0
PB00791,Hoshiarpur,Plastic Products,447.26,37,48.5,1712.1,7.7,1,0,0,1,1,1,0,1,1,0,0,0,1,1,1
PB00792,Rupnagar,Leather Products,279.49,21,69.2,978.9,26.5,1,0,0,1,1,1,1,1,1,0,0,0,1,1,1
PB00793,Hoshiarpur,Leather Products,114.08,10,55.0,505.0,11.9,1,0,0,1,1,1,1,1,1,0,0,0,1,1,1
PB00794,Amritsar,Electronics,326.68,61,42.4,653.2,8.1,1,0,0,1,1,1,1,0,1,0,0,0,1,1,1
PB00795,Mohali,Steel Rolling,259.75,71,41.0,844.2,3.3,1,0,0,1,1,1,1,1,1,0,0,0,1,1,1
PB00796,Patiala,Chemical,2027.31,41,318.9,6347.2,7.5,1,1,0,1,0,1,1,1,1,1,0,1,1,1,1
PB00797,Rupnagar,Pharmaceutical,471.99,69,80.0,1872.8,21.1,1,0,0,1,1,1,1,1,1,0,0,0,1,1,0
PB00798,Hoshiarpur,Furniture/Wood,848.3,19,128.1,2901.8,0.5,0,0,0,1,1,1,1,1,0,0,0,0,0,1,1
PB00799,Moga,Paper & Pulp,92.26,26,44.9,961.7,25.9,0,1,0,1,1,1,1,1,1,0,0,1,0,1,1
PB00800,Mohali (SAS Nagar),Cement,1928.82,13,302.3,5559.8,18.7,0,0,0,1,1,1,1,1,1,1,0,0,0,1,1
PB00801,Jalandhar,Agro-based,360.01,5,52.4,1228.7,0.5,0,0,0,1,1,0,1,1,0,0,0,0,0,1,1
PB00802,Mohali,Leather Products,233.09,4,43.2,961.9,0.9,1,0,0,1,1,0,0,1,1,0,0,0,0,1,1
PB00803,Moga,Auto Components,199.76,6,37.6,884.8,0.5,0,0,0,1,1,0,1,1,0,0,0,0,0,1,1
PB00804,Hoshiarpur,Agro-based,2148.88,37,313.0,6945.2,2.3,0,0,0,1,1,1,1,0,0,1,0,0,0,1,1
PB00805,Sangrur,Textile Dyeing,328.36,51,56.7,994.2,19.8,0,1,0,1,1,1,1,1,1,0,0,1,0,1,1
PB00806,Jalandhar,Furniture/Wood,184.01,147,39.8,1510.7,11.6,0,0,0,1,1,1,1,1,0,0,0,0,0,1,1
PB00807,Fatehgarh Sahib,IT/Software Services,327.71,51,54.4,1170.8,0.5,0,0,1,1,1,0,1,1,0,0,0,0,0,1,1
PB00808,Rupnagar,Beverages,274.63,43,36.5,1169.9,21.2,0,1,0,1,1,1,1,1,1,0,1,1,0,1,0
PB00809,Rupnagar,Rice Milling,611.09,1,106.2,3128.3,19.9,0,1,0,1,1,1,0,1,1,0,1,1,0,1,1
PB00810,Ludhiana,Textile,301.9,18,37.6,414.4,0.5,0,0,0,1,1,1,1,1,0,0,0,0,0,1,0
PB00811,Jalandhar,Textile,1645.62,26,262.6,4765.6,14.3,0,0,0,1,1,1,1,1,0,0,0,0,0,1,1
PB00812,Fatehgarh Sahib,Paper & Pulp,635.77,15,60.0,1317.9,17.3,0,0,0,1,1,1,1,1,1,1,0,0,0,1,1
PB00813,Ludhiana,Chemical,436.46,43,69.6,1171.4,16.2,1,0,0,1,1,1,1,1,1,0,0,0,1,1,1
PB00814,Hoshiarpur,Agro-based,132.51,27,2.0,1564.0,15.4,0,0,0,1,1,1,1,1,1,0,0,0,0,0,1
PB00815,Mohali (SAS Nagar),Textile,1420.23,3,207.8,3894.3,7.4,0,0,0,1,1,0,0,1,0,0,0,0,0,1,1
PB00816,Mohali,Beverages,329.78,12,67.5,1098.1,27.3,0,1,0,1,1,1,1,1,1,0,1,1,0,1,1
PB00817,Rupnagar,Paper & Pulp,2086.66,12,361.5,6444.2,27.8,1,1,0,1,1,1,1,1,1,1,0,1,1,1,1
PB00818,Sangrur,Agro-based,491.6,26,88.1,2048.3,4.5,0,0,0,1,1,1,1,1,0,0,0,0,0,1,1
PB00819,Sangrur,Electronics,2023.17,43,313.9,5845.2,0.5,0,0,0,1,1,1,1,1,0,1,0,0,0,1,1
PB00820,Bathinda,Cement,210.54,22,2.0,883.3,0.5,0,0,0,1,1,1,0,1,0,1,0,0,0,0,1
PB00821,Mohali,Electronics,367.4,32,31.1,1543.6,18.0,0,0,0,1,1,1,1,1,1,0,0,0,0,1,1
PB00822,Mohali,Cement,187.53,24,2.0,645.0,2.3,0,0,0,1,1,1,1,1,0,0,0,0,0,0,1
PB00823,Mohali,Cement,1360.97,37,206.2,3948.9,0.5,0,0,0,1,1,1,1,1,0,1,0,0,1,1,1
PB00824,Mohali (SAS Nagar),Food Processing,314.71,5,28.9,511.2,4.9,0,1,0,1,1,0,1,1,0,0,1,1,0,1,1
PB00825,Mohali (SAS Nagar),Cement,124.4,13,31.9,50.0,3.3,0,0,0,1,1,1,1,0,0,0,0,0,0,1,0
PB00826,Sangrur,Cement,1790.93,23,273.5,5406.9,11.5,0,0,0,1,1,1,1,1,0,1,0,0,0,1,1
PB00827,Jalandhar,Cement,256.45,42,36.7,1573.8,2.5,0,0,0,1,1,1,1,1,0,0,0,0,0,1,1
PB00828,Mohali (SAS Nagar),Engineering/Metal Fabrication,305.9,7,38.2,1200.8,13.1,0,0,0,1,1,0,1,1,0,0,0,0,0,1,1
PB00829,Hoshiarpur,Food Processing,80.23,15,45.5,1343.1,10.2,0,1,0,1,1,1,1,1,0,0,1,1,0,1,1
PB00830,Jalandhar,Food Processing,137.09,4,29.6,1125.6,0.5,0,1,0,1,1,0,0,1,0,0,1,1,0,1,1
PB00831,Rupnagar,Textile Dyeing,487.76,212,95.2,1416.2,20.3,0,1,0,1,1,1,1,1,1,0,0,1,0,1,1
PB00832,Rupnagar,IT/Software Services,1508.29,14,241.8,5109.6,12.3,0,0,1,1,1,0,1,1,0,0,0,0,0,1,0
PB00833,Bathinda,Textile Dyeing,252.18,19,79.1,556.7,17.9,0,1,0,1,1,1,1,1,1,0,0,1,0,0,1
PB00834,Mohali (SAS Nagar),Agro-based,2212.32,5,338.7,6950.4,11.0,0,0,0,1,1,0,1,1,0,1,0,0,0,1,1
PB00835,Mohali (SAS Nagar),Textile,494.54,39,72.6,2035.0,0.5,0,0,0,1,1,1,1,1,0,0,0,0,0,1,1
PB00836,Hoshiarpur,Pharmaceutical,477.32,15,62.5,1970.5,21.4,1,0,0,1,1,1,1,1,1,0,0,0,1,1,0
PB00837,Fatehgarh Sahib,Pharmaceutical,281.81,8,35.4,239.6,18.8,1,0,0,1,1,0,1,1,1,0,0,0,1,1,1
PB00838,Mohali (SAS Nagar),Textile,138.6,57,2.0,50.0,18.6,0,0,0,1,1,1,1,1,1,0,0,0,0,0,0
PB00839,Fatehgarh Sahib,Steel Rolling,588.31,9,88.6,1024.7,0.5,0,0,0,1,1,0,1,1,0,0,0,0,0,1,1
PB00840,Jalandhar,Chemical,975.91,57,154.3,2511.2,28.5,1,0,0,1,1,1,1,1,1,1,0,0,1,1,1
PB00841,Ludhiana,Electronics,168.64,83,2.0,534.3,8.1,0,0,0,1,1,1,1,1,0,0,0,0,0,0,1
PB00842,Amritsar,Chemical,422.14,4,57.6,50.0,17.6,1,0,0,1,1,0,0,1,1,0,0,0,1,1,0
PB00843,Patiala,IT/Software Services,901.21,10,111.8,3568.7,4.7,0,0,1,1,1,0,0,1,0,0,0,0,0,1,1
PB00844,Fatehgarh Sahib,Plastic Products,677.63,13,120.0,1728.9,18.4,1,0,0,1,1,1,1,1,1,0,0,0,1,1,1
PB00845,Amritsar,Beverages,115.3,58,19.4,697.3,20.0,0,0,0,1,1,1,1,1,1,0,1,0,0,0,1
PB00846,Bathinda,Auto Components,121.71,31,4.3,50.0,8.0,0,0,0,1,1,1,1,1,0,0,0,0,0,0,0
PB00847,Mohali (SAS Nagar),Electronics,1235.57,10,206.8,4262.0,13.7,0,0,0,1,1,1,1,1,0,0,0,0,0,1,1
PB00848,Amritsar,Furniture/Wood,195.16,2,14.2,846.7,0.5,0,0,0,1,1,0,0,1,1,0,0,0,0,0,1
PB00849,Ludhiana,IT/Software Services,576.07,13,46.0,2024.8,0.5,0,0,1,1,1,0,1,1,0,1,0,0,0,1,1
PB00850,Jalandhar,Engineering/Metal Fabrication,103.42,33,25.9,928.2,0.5,0,0,0,1,1,0,1,1,0,0,0,0,0,1,1
PB00851,Moga,IT/Software Services,888.83,12,131.0,2660.9,0.5,0,0,1,1,1,0,1,1,0,0,0,0,0,1,1
PB00852,Moga,Furniture/Wood,263.08,19,49.1,409.6,0.5,0,0,0,1,1,1,1,1,0,0,0,0,0,1,1
PB00853,Jalandhar,Cement,1211.94,63,185.9,3531.2,11.7,0,0,0,1,1,1,1,1,0,1,0,0,0,1,1
PB00854,Bathinda,Chemical,150.01,2,17.2,1039.1,11.0,1,1,0,1,1,0,0,1,1,0,0,1,1,0,1
PB00855,Moga,Cement,292.78,40,57.5,50.0,20.2,0,0,0,1,1,1,1,1,1,0,0,0,1,1,0
PB00856,Ludhiana,Plastic Products,293.79,5,49.3,759.7,7.9,1,0,0,1,1,0,1,1,1,0,0,0,1,1,1
PB00857,Ludhiana,Steel Rolling,878.7,25,118.6,2723.1,0.5,0,0,0,1,1,1,1,1,0,0,0,0,0,1,1
PB00858,Sangrur,Electronics,411.24,13,49.6,1226.2,20.9,0,0,0,1,1,1,1,1,1,1,0,0,0,1,1
PB00859,Fatehgarh Sahib,Textile Dyeing,1904.37,5,292.2,4957.3,23.4,0,1,0,1,1,0,1,1,1,0,0,1,0,1,1
PB00860,Jalandhar,Plastic Products,578.59,9,100.8,992.4,0.5,1,0,0,1,1,0,1,1,1,0,0,0,1,1,1
PB00861,Bathinda,Agro-based,972.97,71,187.8,2849.0,9.3,0,0,0,1,1,1,1,1,0,0,0,0,0,1,1
PB00862,Patiala,Rice Milling,340.28,34,64.0,700.4,12.2,0,1,0,1,1,1,1,1,1,0,1,1,0,1,1
PB00863,Jalandhar,Textile Dyeing,567.89,18,84.3,1232.8,20.0,0,0,0,1,1,1,1,1,1,0,0,0,0,0,1
PB00864,Jalandhar,Textile,198.11,5,67.9,401.1,0.5,0,0,0,1,1,0,1,1,0,0,0,0,0,1,1
PB00865,Moga,Cement,569.13,16,103.9,2346.1,5.2,0,0,0,1,1,1,1,1,0,1,0,0,0,1,1
PB00866,Jalandhar,Cement,614.19,5,43.5,1659.7,4.4,0,0,0,1,1,0,1,1,0,1,0,0,0,1,1
PB00867,Moga,Agro-based,237.38,25,50.7,349.4,11.4,0,0,0,1,1,1,1,1,0,0,0,0,0,1,1
PB00868,Amritsar,Furniture/Wood,148.49,8,66.9,366.4,10.1,0,0,0,1,1,0,1,1,0,0,0,0,0,0,1
PB00869,Bathinda,Auto Components,393.03,21,36.3,1341.5,11.6,0,0,0,1,1,1,1,1,0,0,0,0,0,1,0
PB00870,Mohali (SAS Nagar),Textile,76.98,11,10.0,66.6,0.5,0,0,0,1,1,1,1,0,0,0,0,0,0,1,0
PB00871,Amritsar,Rice Milling,1413.97,41,220.9,4087.7,29.2,0,0,0,1,1,1,1,1,1,0,1,0,0,1,1
PB00872,Amritsar,Cement,460.83,6,59.1,2299.7,7.9,0,0,0,1,1,0,1,1,0,0,0,0,0,1,1
PB00873,Moga,Beverages,677.73,39,90.4,1861.5,23.6,0,1,0,1,1,1,1,1,1,0,1,1,0,1,1
PB00874,Jalandhar,Electronics,56.4,20,21.9,316.5,0.5,0,0,0,1,1,1,1,1,0,0,0,0,0,0,1
PB00875,Mohali (SAS Nagar),Textile Dyeing,1055.97,12,122.5,3143.8,7.7,0,1,0,1,1,1,1,1,1,0,0,1,0,1,1
PB00876,Bathinda,Steel Rolling,4458.88,21,676.6,12974.0,6.2,0,0,0,1,1,1,1,1,0,1,0,0,0,1,1
PB00877,Rupnagar,Leather Products,310.79,2,42.7,189.8,6.9,1,0,0,1,1,0,0,1,1,0,0,0,1,1,1
PB00878,Amritsar,Chemical,1302.03,33,186.1,3693.8,19.7,1,1,0,1,1,1,1,1,1,1,0,1,1,1,1
PB00879,Rupnagar,Engineering/Metal Fabrication,339.35,15,60.6,2071.5,12.1,0,0,0,1,0,1,1,1,0,0,0,0,0,1,1
PB00880,Rupnagar,Textile,365.96,15,53.0,1480.7,0.5,0,0,0,1,1,1,1,1,0,0,0,0,0,1,1
PB00881,Patiala,Steel Rolling,329.66,135,22.4,1325.3,1.2,0,0,0,1,1,1,0,1,0,0,0,0,0,0,1
PB00882,Mohali,Engineering/Metal Fabrication,386.58,15,56.7,578.8,4.8,0,0,0,1,1,1,1,1,0,0,0,0,0,1,1
PB00883,Bathinda,Steel Rolling,251.88,8,42.3,972.1,0.5,0,0,0,1,1,0,1,1,0,0,0,0,0,1,1
PB00884,Hoshiarpur,Paper & Pulp,286.21,13,52.2,623.7,18.5,0,0,0,1,1,1,1,1,1,0,0,0,0,1,1
PB00885,Jalandhar,Furniture/Wood,413.68,8,67.5,830.5,12.6,0,0,0,1,1,0,1,1,0,0,0,0,0,1,1
PB00886,Patiala,IT/Software Services,484.44,21,93.4,852.5,13.0,0,0,1,1,1,0,1,1,0,0,0,0,0,1,1
PB00887,Moga,Engineering/Metal Fabrication,1695.0,50,234.2,5312.0,0.5,0,0,0,1,1,1,1,1,0,0,0,0,0,1,1
PB00888,Patiala,Electronics,162.69,11,43.1,813.5,6.7,0,0,0,1,1,1,1,1,0,0,0,0,0,1,1
PB00889,Amritsar,IT/Software Services,379.43,13,54.2,1105.3,1.1,0,0,1,1,1,0,1,1,0,0,0,0,0,1,1
PB00890,Moga,Engineering/Metal Fabrication,511.2,3,83.8,1857.4,8.9,0,0,0,1,1,0,0,1,0,0,0,0,0,1,1
PB00891,Rupnagar,Cement,207.05,1,39.0,1101.8,5.4,1,0,0,1,1,0,0,1,1,0,0,0,1,1,1
PB00892,Moga,Chemical,209.45,2,19.9,588.4,21.1,1,1,0,1,1,0,1,1,1,0,0,1,1,0,1
PB00893,Hoshiarpur,Textile,480.74,17,69.8,718.5,20.5,0,0,0,1,1,1,1,1,1,0,0,0,0,1,1
PB00894,Bathinda,Auto Components,143.21,8,30.9,135.7,3.9,0,0,0,1,1,0,1,0,0,1,0,0,0,1,0
PB00895,Mohali,Plastic Products,1140.16,23,182.5,2588.9,22.1,1,0,0,1,1,1,1,1,1,0,0,0,1,1,1
PB00896,Moga,Leather Products,65.6,34,49.7,1105.3,22.6,1,0,0,1,1,1,1,1,1,0,0,0,0,1,1
PB00897,Jalandhar,IT/Software Services,227.09,4,56.0,1809.5,8.5,0,0,1,1,1,0,0,1,0,0,0,0,0,1,1
PB00898,Ludhiana,Cement,294.72,31,43.3,78.7,13.4,0,0,0,1,1,1,1,1,0,0,0,0,0,1,0
PB00899,Mohali (SAS Nagar),Pharmaceutical,389.4,18,63.8,1042.1,27.1,1,0,0,1,1,1,1,1,1,1,0,0,1,1,1
PB00900,Hoshiarpur,Electronics,65.49,5,17.7,1075.0,11.2,0,0,0,1,1,0,1,1,0,0,0,0,0,0,1
PB00901,Mohali (SAS Nagar),Cement,540.63,25,96.0,2464.6,14.4,0,0,0,1,1,1,1,1,0,1,0,0,0,1,1
PB00902,Rupnagar,Food Processing,710.26,50,130.1,2698.5,0.5,0,1,0,1,1,1,1,1,0,0,1,1,0,1,1
PB00903,Mohali,Rice Milling,312.04,15,40.4,934.7,15.1,0,1,0,1,1,1,1,1,0,0,1,1,0,1,1
PB00904,Amritsar,Chemical,152.14,28,2.0,909.5,26.7,1,0,0,1,1,1,1,0,1,0,0,0,1,0,0
PB00905,Sangrur,Rice Milling,605.35,16,93.2,1496.5,27.9,0,1,0,1,1,1,0,1,1,0,1,1,0,1,1
PB00906,Jalandhar,Plastic Products,251.18,3,2.3,721.4,0.5,1,0,0,1,1,0,0,1,1,0,0,0,1,0,1
PB00907,Rupnagar,Chemical,161.54,6,2.0,687.2,15.8,1,1,0,1,1,0,1,1,1,0,0,1,1,0,1
PB00908,Amritsar,Plastic Products,23.66,28,2.0,50.0,0.5,1,0,0,1,1,1,1,1,1,0,0,0,0,0,0
PB00909,Moga,Engineering/Metal Fabrication,994.93,6,188.9,3100.6,10.2,0,0,0,1,1,0,1,1,0,0,0,0,0,1,1
PB00910,Patiala,Pharmaceutical,75.2,16,2.0,50.0,26.4,1,0,0,1,1,0,1,1,1,0,0,0,0,0,0
PB00911,Rupnagar,Pharmaceutical,164.54,34,19.0,547.3,17.3,1,0,0,1,1,1,1,1,1,0,0,0,1,0,1
PB00912,Mohali (SAS Nagar),Steel Rolling,586.38,20,111.1,1739.7,12.9,0,0,0,1,1,1,1,0,0,0,0,0,0,1,1
PB00913,Hoshiarpur,Plastic Products,357.54,20,64.9,1122.7,15.7,1,0,0,1,1,1,1,1,1,0,0,0,1,1,1
PB00914,Amritsar,Auto Components,1442.44,8,218.8,5392.9,16.9,0,0,0,1,1,0,1,1,1,0,0,0,0,1,1
PB00915,Rupnagar,Cement,198.08,4,30.2,873.1,10.4,0,0,0,1,1,0,0,1,0,0,0,0,1,1,1
PB00916,Hoshiarpur,Leather Products,441.41,4,28.5,939.9,10.8,1,0,0,1,1,0,0,1,1,0,0,0,1,1,1
PB00917,Mohali,IT/Software Services,512.4,23,73.6,1177.4,5.0,0,0,1,1,1,0,0,1,0,0,0,0,0,1,1
PB00918,Bathinda,Furniture/Wood,346.04,10,43.2,1576.2,0.5,0,0,0,1,1,1,1,0,0,0,0,0,0,1,1
PB00919,Ludhiana,Engineering/Metal Fabrication,662.51,18,147.6,2233.2,0.5,0,0,0,1,1,1,1,1,0,0,0,0,0,1,1
PB00920,Mohali (SAS Nagar),Engineering/Metal Fabrication,1245.3,4,189.8,3782.7,0.5,0,0,0,1,1,0,0,1,0,0,0,0,0,1,1
PB00921,Moga,Electronics,1101.38,22,156.6,2405.5,0.5,1,0,0,1,1,1,1,1,1,0,0,0,1,1,1
PB00922,Moga,IT/Software Services,101.77,24,15.2,228.9,8.9,0,0,1,1,1,0,0,1,0,0,0,0,0,0,0
PB00923,Patiala,Electronics,103.4,29,23.3,50.0,7.3,0,0,0,1,1,1,1,1,0,0,0,0,0,0,1
PB00924,Ludhiana,Agro-based,722.82,21,109.1,1947.2,6.9,0,0,0,1,1,1,1,1,0,0,0,0,0,1,1
PB00925,Bathinda,Textile,132.0,6,17.4,50.0,0.5,0,0,0,1,1,0,1,0,0,0,0,0,0,0,0
PB00926,Amritsar,Electronics,436.44,3,59.0,2143.1,0.5,0,0,0,1,1,0,0,1,0,0,0,0,0,1,1
PB00927,Sangrur,Electronics,784.81,21,109.2,1377.6,0.5,0,0,0,1,1,1,1,1,0,0,0,0,0,1,1
PB00928,Sangrur,IT/Software Services,218.96,9,47.7,1340.9,0.5,0,0,1,1,1,0,1,1,0,0,0,0,0,1,1
PB00929,Moga,Agro-based,472.26,4,86.6,1023.8,14.0,0,0,0,1,1,0,0,1,0,0,0,0,0,1,1
PB00930,Hoshiarpur,Rice Milling,504.02,10,53.5,1895.3,7.4,0,1,0,1,1,1,1,1,1,0,1,1,0,1,1
PB00931,Moga,Steel Rolling,6000.0,19,903.9,17724.0,29.5,0,0,0,1,1,1,1,1,1,1,0,0,0,1,1
PB00932,Bathinda,Rice Milling,146.01,16,7.4,179.2,24.5,0,1,0,1,1,1,1,1,1,0,1,1,0,0,0
PB00933,Bathinda,Auto Components,194.78,23,63.4,1042.7,9.4,0,0,0,1,1,1,1,1,0,0,0,0,1,1,1
PB00934,Moga,Textile,896.19,11,99.5,2130.3,0.5,0,0,0,1,1,1,1,1,0,0,0,0,0,1,0
PB00935,Amritsar,Auto Components,5251.87,23,785.0,15327.4,0.5,0,0,0,1,1,1,1,1,0,1,0,0,0,1,1
PB00936,Sangrur,Pharmaceutical,162.66,22,44.9,1088.0,7.7,1,0,0,1,1,1,1,1,1,0,0,0,1,1,1
PB00937,Bathinda,Rice Milling,1282.51,15,183.2,3882.5,14.9,0,0,0,1,1,1,1,1,1,0,1,0,0,1,1
PB00938,Rupnagar,Textile Dyeing,413.13,4,81.8,1152.0,10.0,0,1,0,1,1,0,0,1,1,0,0,1,0,1,1
PB00939,Moga,Beverages,453.86,23,75.6,1503.9,21.6,0,0,0,1,1,1,1,1,1,0,1,0,0,1,1
PB00940,Jalandhar,Paper & Pulp,2990.16,16,428.8,8685.5,20.3,0,1,0,1,1,1,1,1,1,1,0,1,0,1,1
PB00941,Hoshiarpur,Engineering/Metal Fabrication,712.3,5,117.1,1965.0,7.9,0,0,0,1,1,0,1,1,0,1,0,0,0,1,1
PB00942,Moga,Textile,460.29,37,57.5,943.1,3.7,0,0,0,1,1,1,1,1,0,0,0,0,0,1,1
PB00943,Bathinda,Engineering/Metal Fabrication,521.27,7,87.4,2189.2,6.5,0,0,0,1,1,0,1,0,0,0,0,0,0,1,1
PB00944,Hoshiarpur,Pharmaceutical,95.93,27,2.0,615.9,12.1,1,0,0,1,1,1,1,1,1,0,0,0,0,0,1
PB00945,Ludhiana,Textile,230.83,17,6.4,1701.5,5.2,0,0,0,1,1,1,0,1,0,0,0,0,0,0,1
PB00946,Jalandhar,Paper & Pulp,328.81,22,53.3,2041.6,15.0,0,0,0,1,1,1,1,1,1,0,0,0,0,1,1
PB00947,Amritsar,Rice Milling,162.66,32,19.9,447.9,22.2,0,1,0,1,1,1,1,1,1,0,1,1,0,0,1
PB00948,Moga,Auto Components,540.13,6,97.9,1376.1,0.5,1,0,0,1,1,0,1,1,1,0,0,0,1,1,1
PB00949,Mohali,Furniture/Wood,740.5,5,112.7,2520.2,12.6,0,0,0,1,1,0,1,1,0,0,0,0,0,1,1
PB00950,Bathinda,Engineering/Metal Fabrication,805.23,3,133.8,3147.5,0.5,0,0,0,1,1,0,0,1,0,0,0,0,0,1,1
PB00951,Amritsar,IT/Software Services,48.71,38,12.4,901.7,9.1,0,0,1,1,1,0,1,1,0,0,0,0,0,0,1
PB00952,Bathinda,Leather Products,372.06,13,64.1,800.9,13.4,1,0,0,1,1,1,1,1,1,0,0,0,1,1,1
PB00953,Moga,Textile,574.56,58,74.4,2532.6,0.5,0,0,0,1,1,1,1,1,0,0,0,0,0,1,1
PB00954,Amritsar,Textile Dyeing,310.5,4,71.2,951.0,16.1,0,1,0,1,1,0,0,1,1,0,0,1,0,1,1
PB00955,Ludhiana,Leather Products,870.78,46,121.5,1934.8,20.6,1,0,0,1,1,1,1,1,0,0,0,0,1,1,1
PB00956,Hoshiarpur,Engineering/Metal Fabrication,164.13,79,25.7,194.1,0.5,0,0,0,1,1,1,1,1,0,0,0,0,0,1,1
PB00957,Mohali (SAS Nagar),Furniture/Wood,438.29,46,39.6,958.6,8.5,0,0,0,1,1,1,1,1,0,0,0,0,0,1,1
PB00958,Mohali (SAS Nagar),Agro-based,24.17,4,15.8,50.0,3.7,0,0,0,1,1,0,0,0,0,0,0,0,0,0,0
PB00959,Rupnagar,Cement,670.05,10,135.6,2783.3,5.3,0,0,0,1,1,1,1,1,0,1,0,0,1,1,0
PB00960,Mohali (SAS Nagar),Plastic Products,2184.61,18,336.3,5461.0,2.9,1,0,0,1,1,1,1,1,1,1,0,0,1,1,1
PB00961,Moga,Beverages,2142.9,37,335.0,5912.7,6.3,0,1,0,1,1,1,1,1,1,1,1,1,0,1,1
PB00962,Rupnagar,Furniture/Wood,1561.69,38,273.6,4697.5,4.9,0,0,0,1,1,1,1,1,0,0,0,0,0,1,0
PB00963,Amritsar,Agro-based,233.64,44,45.6,689.5,11.5,0,0,0,1,1,1,1,1,0,0,0,0,0,1,1
PB00964,Amritsar,Beverages,142.91,21,29.0,564.7,19.6,0,1,0,1,1,1,1,1,1,0,1,1,0,1,1
PB00965,Moga,Textile Dyeing,372.59,6,41.3,496.6,16.2,0,0,0,1,1,0,1,1,1,0,0,0,0,1,1
PB00966,Amritsar,Engineering/Metal Fabrication,209.29,23,27.4,50.0,1.0,0,0,0,1,1,1,1,1,0,0,0,0,0,1,0
PB00967,Hoshiarpur,Chemical,173.55,3,7.6,567.6,22.4,1,0,0,1,1,0,0,1,1,0,0,0,1,0,1
PB00968,Mohali,Auto Components,45.73,50,2.0,50.0,0.5,0,0,0,1,1,0,1,1,0,0,0,0,0,0,0
PB00969,Amritsar,Textile,259.24,32,68.6,50.0,5.9,0,0,0,1,1,1,1,1,0,0,0,0,0,1,0
PB00970,Sangrur,Leather Products,59.78,7,8.1,50.0,26.0,1,0,0,1,1,0,1,1,1,0,0,0,0,0,0
PB00971,Hoshiarpur,Textile,519.37,5,87.9,1695.3,5.2,0,0,0,1,1,0,1,1,0,0,0,0,0,1,1
PB00972,Sangrur,Furniture/Wood,1248.77,22,216.5,3737.8,6.5,0,0,0,1,1,1,1,1,0,0,0,0,0,1,1
PB00973,Fatehgarh Sahib,Auto Components,2639.15,158,411.0,8132.7,5.5,0,0,0,1,1,1,1,1,0,1,0,0,0,1,1
PB00974,Sangrur,IT/Software Services,853.31,7,125.7,1809.4,8.2,0,0,1,1,1,0,1,1,0,0,0,0,0,1,1
PB00975,Fatehgarh Sahib,Paper & Pulp,657.55,10,81.1,2260.5,14.5,0,1,0,1,1,0,1,1,1,1,0,1,0,1,1
PB00976,Moga,Rice Milling,1366.32,58,187.7,3544.9,4.9,0,0,0,1,1,1,1,1,1,0,1,0,0,1,1
PB00977,Bathinda,Pharmaceutical,67.98,41,2.0,219.2,13.0,1,0,0,1,1,1,1,1,1,0,0,0,0,0,1
PB00978,Hoshiarpur,Furniture/Wood,360.57,9,71.5,723.8,8.6,0,0,0,1,1,0,1,1,0,0,0,0,0,1,1
PB00979,Moga,Steel Rolling,411.46,6,91.1,2715.5,2.4,0,0,0,1,1,0,1,1,0,0,0,0,0,1,1
PB00980,Mohali,Auto Components,425.16,34,57.5,1321.7,20.3,0,0,0,1,1,1,0,1,1,0,0,0,0,1,1
PB00981,Sangrur,Plastic Products,104.46,17,27.8,244.0,0.5,1,0,0,1,1,1,1,1,1,0,0,0,1,1,1
PB00982,Jalandhar,Chemical,251.13,23,43.6,539.6,18.0,1,1,0,1,1,1,1,1,1,0,0,1,1,1,1
PB00983,Ludhiana,Leather Products,367.43,4,38.9,2053.2,15.8,1,0,0,1,1,0,0,0,1,0,0,0,1,1,1
PB00984,Mohali (SAS Nagar),Rice Milling,3331.6,21,465.4,9450.2,11.4,0,1,0,1,1,1,0,1,1,1,1,1,0,1,1
PB00985,Bathinda,Plastic Products,323.94,22,45.8,509.9,0.5,1,0,0,1,1,1,1,1,1,0,0,0,1,1,1
PB00986,Mohali (SAS Nagar),Paper & Pulp,759.58,12,119.8,2244.0,7.7,0,1,0,1,1,1,1,1,1,1,0,1,0,1,1
PB00987,Bathinda,Textile,392.69,6,77.6,2092.9,3.8,0,0,0,1,1,0,1,1,0,0,0,0,1,1,1
PB00988,Ludhiana,Electronics,339.48,110,54.5,163.7,8.1,0,0,0,1,1,1,1,1,0,0,0,0,0,0,1
PB00989,Bathinda,Auto Components,538.36,4,67.6,1301.1,0.5,0,0,0,1,1,0,1,1,0,0,0,0,0,1,1
PB00990,Fatehgarh Sahib,Agro-based,1121.7,15,170.4,2756.2,6.1,0,0,0,1,1,1,1,1,0,0,0,0,0,1,1
PB00991,Fatehgarh Sahib,Textile Dyeing,225.25,14,53.1,214.6,8.1,0,1,0,1,1,1,1,1,1,0,0,1,0,1,1
PB00992,Hoshiarpur,IT/Software Services,657.99,9,123.3,2148.4,6.2,0,0,1,1,1,0,1,1,0,0,0,0,0,1,1
PB00993,Bathinda,Auto Components,934.81,15,113.8,1838.7,0.5,0,0,0,1,0,1,1,1,0,0,0,0,0,1,1
PB00994,Moga,Leather Products,5610.04,23,852.1,16395.8,10.7,1,0,0,1,1,1,1,1,1,1,0,0,1,1,0
PB00995,Moga,Food Processing,940.74,39,131.3,2968.8,0.5,0,0,0,1,1,1,1,1,0,0,1,0,0,1,1
PB00996,Moga,Chemical,750.08,6,135.9,1810.7,14.3,1,1,0,1,1,0,1,1,1,1,0,1,1,1,1
PB00997,Hoshiarpur,Rice Milling,174.86,2,35.7,80.7,14.3,1,1,0,1,1,0,0,1,1,1,1,1,1,1,0
PB00998,Jalandhar,Furniture/Wood,750.86,16,105.4,2635.8,16.5,0,0,0,1,1,1,1,1,1,0,0,0,0,1,1
PB00999,Mohali,Cement,465.79,31,80.3,887.5,0.5,0,0,0,1,1,1,1,1,0,0,0,0,0,1,1
PB01000,Mohali,Agro-based,842.55,27,135.5,2561.9,19.9,0,0,0,1,1,1,1,1,1,0,0,0,0,1,1
PB01001,Jalandhar,Paper & Pulp,1075.55,24,170.9,3456.8,14.3,0,0,0,1,1,1,1,1,1,1,0,0,0,1,1
PB01002,Mohali,Beverages,627.0,48,120.7,2049.4,28.7,0,1,0,1,1,1,1,1,1,0,1,1,0,1,1
PB01003,Mohali,Cement,129.89,19,32.7,50.0,0.7,0,0,0,1,1,0,1,1,0,0,0,0,0,1,0
PB01004,Ludhiana,Plastic Products,420.5,5,57.5,829.4,5.1,1,0,0,1,1,0,1,1,1,0,0,0,1,1,1
PB01005,Sangrur,Electronics,69.0,52,21.5,50.0,4.9,0,0,0,1,1,1,1,1,0,0,0,0,0,0,0
PB01006,Jalandhar,Engineering/Metal Fabrication,490.84,5,52.2,1005.0,13.7,0,0,0,1,1,0,1,1,0,0,0,0,0,1,1
PB01007,Ludhiana,Rice Milling,849.55,44,143.6,2848.3,25.4,0,0,0,1,1,1,1,1,1,0,1,0,0,1,1
PB01008,Moga,Chemical,1291.03,64,170.5,4269.8,17.1,1,1,0,1,1,1,1,1,1,1,0,1,1,1,1
PB01009,Ludhiana,Food Processing,650.13,4,127.6,2120.3,11.1,0,0,0,1,1,0,0,1,0,0,1,0,0,1,1
PB01010,Patiala,Steel Rolling,1439.07,18,203.3,3763.5,14.6,0,0,0,1,1,1,1,1,0,0,0,0,0,1,1
PB01011,Hoshiarpur,Steel Rolling,258.84,7,52.3,462.3,0.5,0,0,0,1,0,0,1,1,0,0,0,0,0,1,1
PB01012,Jalandhar,Steel Rolling,1070.93,10,156.9,3088.9,0.5,0,0,0,1,1,1,1,1,0,0,0,0,0,1,1
PB01013,Mohali (SAS Nagar),Food Processing,1981.29,20,301.0,7009.9,7.0,0,1,0,1,1,1,1,1,0,0,1,1,0,1,1
PB01014,Bathinda,Food Processing,185.12,15,10.3,637.8,14.1,1,0,0,1,1,1,1,1,1,0,1,0,1,0,1
PB01015,Rupnagar,Agro-based,1008.16,108,154.0,3704.3,0.5,0,0,0,1,1,1,1,1,0,0,0,0,0,1,1
PB01016,Mohali (SAS Nagar),Paper & Pulp,182.98,72,4.5,162.7,29.0,0,1,0,1,1,1,1,1,1,0,0,1,0,0,1
PB01017,Jalandhar,Paper & Pulp,138.18,2,29.8,359.3,14.3,0,1,0,1,1,0,0,1,1,0,0,1,0,1,1
PB01018,Ludhiana,Textile Dyeing,826.57,26,117.5,2565.7,15.3,0,1,0,1,1,1,0,1,1,0,0,1,0,1,1
PB01019,Moga,Beverages,458.52,9,50.0,1550.2,4.7,0,1,0,1,1,0,0,1,1,0,1,1,0,0,1
PB01020,Jalandhar,Chemical,302.88,36,63.7,793.2,7.9,1,1,0,1,1,1,1,1,0,0,0,1,1,1,1
PB01021,Rupnagar,Textile Dyeing,1482.05,4,232.7,4440.4,24.5,0,0,0,1,1,0,0,1,1,0,0,0,0,1,1
PB01022,Mohali,Electronics,237.03,54,3.3,1457.2,3.0,0,0,0,1,1,1,1,1,0,0,0,0,0,0,1
PB01023,Bathinda,Engineering/Metal Fabrication,3382.1,30,496.2,9826.9,1.8,0,0,0,1,1,1,1,1,0,1,0,0,0,1,1
PB01024,Moga,Electronics,3937.28,49,591.8,10872.1,0.5,0,0,0,1,1,1,1,1,0,1,0,0,0,1,1
PB01025,Amritsar,Textile Dyeing,209.36,37,7.2,1051.1,21.0,0,1,0,1,1,1,1,1,1,0,0,1,0,0,1
PB01026,Moga,Beverages,83.3,46,2.0,713.3,19.3,0,0,0,1,1,1,1,1,1,0,1,0,0,0,1
PB01027,Rupnagar,Paper & Pulp,1292.07,26,188.0,3340.7,22.8,0,1,0,1,1,1,1,1,1,1,0,1,0,1,1
PB01028,Fatehgarh Sahib,Pharmaceutical,609.03,1,133.6,1934.4,12.6,1,0,0,1,1,0,0,1,1,1,0,0,1,1,1
PB01029,Mohali (SAS Nagar),Cement,432.59,40,71.5,1773.2,1.7,0,0,0,1,1,1,1,1,0,0,0,0,0,1,1
PB01030,Mohali (SAS Nagar),Steel Rolling,441.75,38,90.7,951.6,9.8,0,0,0,1,1,1,1,1,0,0,0,0,1,1,1
PB01031,Patiala,Textile,386.0,1,53.2,1147.2,16.7,0,0,0,1,1,0,0,1,1,0,0,0,0,1,1
PB01032,Patiala,Textile,58.85,6,49.5,466.1,4.9,0,0,0,1,1,0,1,1,0,0,0,0,0,1,1
PB01033,Jalandhar,Cement,460.33,73,72.2,2451.2,16.2,0,0,0,1,0,1,1,1,1,0,0,0,0,1,1
PB01034,Jalandhar,Chemical,196.99,14,41.7,64.4,20.6,1,1,0,1,1,1,1,1,1,0,0,1,1,1,0
PB01035,Jalandhar,Engineering/Metal Fabrication,1234.61,28,196.3,3297.3,0.5,0,0,0,1,1,1,1,1,0,0,0,0,0,1,1
PB01036,Hoshiarpur,Beverages,515.92,41,71.6,951.9,13.3,0,1,0,1,1,1,1,1,1,0,1,1,0,1,1
PB01037,Jalandhar,Food Processing,561.56,83,81.7,1592.6,14.6,0,1,0,1,1,1,1,1,0,0,1,1,0,1,1
PB01038,Patiala,Rice Milling,408.95,27,25.0,1173.8,26.9,0,1,0,1,1,1,1,1,1,0,1,1,0,0,1
PB01039,Bathinda,Electronics,2182.27,27,339.0,6102.2,13.9,0,0,0,1,1,1,1,1,0,1,0,0,0,1,1
PB01040,Rupnagar,Electronics,207.05,26,37.5,153.9,8.2,0,0,0,1,1,1,1,1,0,0,0,0,0,1,1
PB01041,Amritsar,Steel Rolling,155.83,7,13.6,547.1,7.6,0,0,0,1,1,0,1,1,0,0,0,0,0,0,1
PB01042,Fatehgarh Sahib,Electronics,1115.17,1,174.1,3596.9,0.5,0,0,0,1,1,0,0,1,0,0,0,0,0,1,1
PB01043,Hoshiarpur,Food Processing,245.22,9,26.6,175.4,12.3,1,1,0,1,1,0,1,1,1,0,1,1,1,1,1
PB01044,Patiala,Cement,468.56,15,61.7,1731.5,0.5,0,0,0,1,0,1,1,1,0,0,0,0,0,1,1
PB01045,Amritsar,Textile,232.34,13,5.6,1263.5,9.1,0,0,0,1,1,1,1,1,0,0,0,0,0,0,1
PB01046,Jalandhar,Textile,965.07,30,155.7,2843.2,21.5,0,0,0,1,1,1,1,1,1,0,0,0,0,1,1
PB01047,Bathinda,Food Processing,1064.37,44,205.2,3937.2,3.8,0,1,0,1,1,1,1,1,0,0,1,1,0,1,1
PB01048,Hoshiarpur,Pharmaceutical,144.14,16,38.1,50.0,25.7,1,0,0,1,1,1,1,1,1,0,0,0,1,1,0
PB01049,Patiala,Electronics,1824.4,54,264.1,5162.2,0.5,0,0,0,1,1,1,1,1,0,0,0,0,0,1,1
PB01050,Bathinda,Plastic Products,336.51,10,22.4,918.6,5.9,1,0,0,1,1,1,1,1,1,0,0,0,1,0,1
PB01051,Rupnagar,Textile,224.45,4,10.6,1005.8,0.5,1,0,0,1,1,0,0,1,1,0,0,0,1,0,1
PB01052,Jalandhar,Textile,385.63,6,33.7,1378.0,0.5,0,0,0,1,1,0,1,1,0,0,0,0,0,1,1
PB01053,Sangrur,Beverages,406.07,12,26.5,1276.8,23.5,0,0,0,1,1,1,1,1,1,0,1,0,0,1,1
PB01054,Hoshiarpur,Paper & Pulp,480.76,20,73.1,1002.3,27.4,0,0,0,1,1,1,1,1,1,0,0,0,0,1,1
PB01055,Bathinda,Plastic Products,432.76,19,29.5,1358.5,0.5,1,0,0,1,1,1,1,1,1,0,0,0,1,1,1
PB01056,Jalandhar,Beverages,1921.58,2,272.2,5793.6,26.6,0,0,0,1,1,0,0,1,1,0,1,0,0,1,1
PB01057,Sangrur,Leather Products,778.76,20,123.3,1767.9,15.8,1,0,0,1,1,1,0,1,1,0,0,0,1,1,1
PB01058,Mohali,Textile,42.29,3,2.0,241.2,0.5,0,0,0,1,1,0,0,0,0,0,0,0,0,0,1
PB01059,Jalandhar,IT/Software Services,855.98,5,157.9,1857.8,12.3,0,0,1,1,1,0,1,1,0,0,0,0,0,1,1
PB01060,Rupnagar,IT/Software Services,76.04,66,26.8,815.8,0.5,0,0,1,1,1,0,1,1,0,0,0,0,0,1,1
PB01061,Rupnagar,Food Processing,774.16,28,115.0,2202.1,8.6,0,1,0,1,1,1,1,1,0,0,1,1,0,1,1
PB01062,Patiala,Textile,540.87,21,107.1,1910.7,0.5,0,0,0,1,1,1,1,1,0,0,0,0,0,1,1
PB01063,Patiala,Leather Products,1041.68,11,154.5,2847.4,19.7,1,0,0,1,1,1,1,1,1,0,0,0,1,1,1
PB01064,Moga,Furniture/Wood,534.28,11,70.3,1608.6,0.5,0,0,0,1,1,1,1,1,0,0,0,0,0,1,1
PB01065,Mohali,Paper & Pulp,4553.45,29,685.5,13913.7,16.8,0,1,0,1,1,1,1,1,1,1,0,1,0,1,1
PB01066,Patiala,Agro-based,1685.12,14,244.0,4967.3,4.0,0,0,0,1,1,1,1,1,0,0,0,0,0,1,1
PB01067,Sangrur,Textile,672.47,15,134.6,2633.8,12.7,0,0,0,1,1,1,1,1,0,0,0,0,0,1,1
PB01068,Rupnagar,Rice Milling,928.44,11,152.2,2365.5,33.0,0,1,0,1,1,1,1,1,1,0,1,1,1,1,1
PB01069,Fatehgarh Sahib,Beverages,261.6,17,30.9,993.8,11.6,0,1,0,1,1,1,1,1,1,0,1,1,0,1,1
PB01070,Ludhiana,Agro-based,495.2,16,84.0,2002.5,20.0,0,0,0,1,1,1,1,1,1,0,0,0,0,1,1
PB01071,Rupnagar,Pharmaceutical,744.19,9,96.5,1744.9,25.3,1,0,0,1,1,0,1,1,0,1,0,0,1,1,1
PB01072,Ludhiana,Chemical,63.99,39,30.2,948.6,21.5,1,1,0,1,1,1,1,0,1,0,0,1,0,1,1
PB01073,Ludhiana,Steel Rolling,1141.65,14,163.6,3572.4,15.8,0,0,0,1,1,1,1,1,1,0,0,0,0,1,1
PB01074,Rupnagar,Textile Dyeing,662.58,2,101.4,1672.8,20.8,0,1,0,1,1,0,0,1,1,0,0,1,0,1,1
PB01075,Fatehgarh Sahib,Beverages,737.04,25,105.2,1330.1,21.2,0,1,0,1,1,1,1,1,1,0,1,1,0,1,1
PB01076,Mohali (SAS Nagar),Textile,397.78,5,50.9,1521.0,0.5,0,0,0,1,1,0,1,1,0,0,0,0,0,1,1
PB01077,Sangrur,Cement,447.15,13,92.2,776.6,5.5,0,0,0,1,1,1,1,1,0,0,0,0,0,1,1
PB01078,Mohali,Pharmaceutical,5701.11,29,872.0,17587.2,9.0,1,0,0,1,1,1,1,1,1,1,0,0,1,1,1
PB01079,Moga,Steel Rolling,1018.79,18,125.0,3222.6,8.2,0,0,0,1,1,1,1,1,0,0,0,0,0,1,1
PB01080,Fatehgarh Sahib,Agro-based,40.07,23,40.9,972.9,11.8,0,0,0,1,1,0,1,1,0,0,0,0,0,1,1
PB01081,Sangrur,Plastic Products,73.45,33,12.9,610.9,0.5,1,0,0,1,1,1,1,1,1,0,0,0,0,0,1
PB01082,Jalandhar,Plastic Products,820.33,10,120.1,2277.8,1.0,1,0,0,1,1,1,1,1,1,0,0,0,1,1,1
PB01083,Patiala,Auto Components,104.78,4,4.6,50.0,2.8,0,0,0,1,1,0,0,0,0,0,0,0,0,0,0
PB01084,Amritsar,IT/Software Services,1001.02,5,136.9,2962.0,19.5,0,0,1,1,1,0,1,1,1,0,0,0,0,1,1
PB01085,Mohali,Beverages,321.15,10,50.3,960.6,33.2,0,1,0,1,1,1,1,1,1,0,1,1,0,1,1
PB01086,Bathinda,Textile,231.53,55,20.5,882.8,0.5,0,0,0,1,1,1,1,1,0,0,0,0,0,0,1
PB01087,Mohali,Furniture/Wood,135.16,82,2.0,512.8,0.5,0,0,0,1,1,1,1,1,0,0,0,0,0,0,1
PB01088,Patiala,Steel Rolling,606.99,6,96.3,1738.9,0.5,0,0,0,1,1,0,1,1,0,0,0,0,0,1,1
PB01089,Patiala,Pharmaceutical,514.47,38,85.2,780.2,24.8,1,0,0,1,1,1,1,0,1,1,0,0,1,1,1
PB01090,Hoshiarpur,Food Processing,115.25,14,57.1,865.5,1.0,0,0,0,1,1,1,1,1,0,0,1,0,0,1,1
PB01091,Mohali (SAS Nagar),Steel Rolling,42.13,11,11.1,156.2,0.5,0,0,0,1,1,1,1,0,0,1,0,0,0,0,0
PB01092,Hoshiarpur,Agro-based,96.84,11,55.9,50.0,14.7,0,0,0,1,1,1,1,0,0,0,0,0,0,1,0
PB01093,Bathinda,Electronics,61.54,28,2.0,50.0,0.5,0,0,0,1,1,1,1,1,0,0,0,0,0,0,0
PB01094,Patiala,Cement,748.78,4,89.4,2333.6,0.5,0,0,0,1,1,0,0,1,0,1,0,0,0,1,1
PB01095,Hoshiarpur,Textile,301.9,28,69.9,766.6,7.1,0,0,0,1,1,1,1,1,0,0,0,0,0,1,1
PB01096,Patiala,Rice Milling,305.52,14,64.4,621.3,23.9,0,1,0,1,1,1,1,1,1,0,1,1,0,1,1
PB01097,Rupnagar,Rice Milling,581.2,4,107.6,1523.3,16.1,0,1,0,1,1,0,0,1,1,0,1,1,0,1,1
PB01098,Mohali (SAS Nagar),Food Processing,416.6,16,77.0,2255.3,2.0,0,1,0,1,1,1,1,1,0,0,1,1,0,1,1
PB01099,Mohali (SAS Nagar),Agro-based,214.7,45,61.9,575.2,0.5,0,0,0,1,1,1,1,1,0,0,0,0,0,1,1
PB01100,Rupnagar,Electronics,191.15,86,57.1,93.5,6.8,0,0,0,1,1,1,1,1,0,0,0,0,0,1,0
PB01101,Moga,Agro-based,113.99,24,14.6,1268.2,5.4,0,0,0,1,1,1,1,1,0,0,0,0,0,0,1
PB01102,Rupnagar,Beverages,453.55,9,73.9,1523.9,15.9,0,1,0,1,1,0,1,1,1,0,1,1,0,1,1
PB01103,Jalandhar,Paper & Pulp,221.12,6,26.0,558.9,16.3,0,1,0,1,1,0,1,1,1,0,0,1,0,1,1
PB01104,Mohali,Furniture/Wood,304.17,7,61.3,1320.5,10.2,0,0,0,1,1,0,1,1,0,0,0,0,0,1,1
PB01105,Moga,Chemical,171.29,10,2.0,50.0,25.0,1,1,0,1,1,0,1,1,1,0,0,1,1,0,0
PB01106,Patiala,Engineering/Metal Fabrication,417.09,7,81.3,1992.5,12.5,0,0,0,1,1,0,1,1,0,1,0,0,0,1,1
PB01107,Sangrur,Electronics,160.64,41,39.3,1064.0,0.5,0,0,0,1,1,1,1,1,1,0,0,0,0,1,1
PB01108,Patiala,Textile,152.21,10,33.4,475.2,0.5,0,0,0,1,1,1,1,1,0,0,0,0,0,1,1
PB01109,Rupnagar,Plastic Products,439.38,22,50.6,744.0,0.5,1,0,0,1,1,1,1,1,0,0,0,0,1,1,1
PB01110,Moga,Textile,107.9,22,5.9,50.0,10.6,0,0,0,1,1,1,1,1,0,0,0,0,0,0,0
PB01111,Moga,Electronics,1252.15,4,204.3,4098.7,11.0,0,0,0,1,1,0,0,1,0,0,0,0,0,1,1
PB01112,Mohali,Plastic Products,558.98,79,52.7,1109.3,2.9,1,0,0,1,1,1,1,1,1,0,0,0,1,1,1
PB01113,Mohali,Food Processing,908.44,9,137.3,2298.7,0.5,0,0,0,1,1,0,1,1,0,0,1,0,0,1,1
PB01114,Hoshiarpur,Textile Dyeing,6000.0,6,879.9,17528.0,22.6,0,0,0,1,1,0,1,1,1,1,0,0,0,1,1
PB01115,Hoshiarpur,Textile Dyeing,317.42,9,51.7,996.9,20.5,0,1,0,1,1,0,1,1,1,0,0,1,0,1,1
PB01116,Mohali,Chemical,717.7,17,112.0,2364.1,27.5,1,0,0,1,1,1,1,1,1,1,0,0,1,1,1
PB01117,Sangrur,Auto Components,330.68,4,21.5,1309.5,12.0,0,0,0,1,1,0,0,1,0,0,0,0,0,0,1
PB01118,Ludhiana,Leather Products,74.64,70,45.8,273.1,27.2,1,0,0,1,1,1,1,1,1,0,0,0,0,1,1
PB01119,Hoshiarpur,Pharmaceutical,245.5,16,6.0,684.0,28.7,1,0,0,1,1,1,1,1,1,0,0,0,1,0,1
PB01120,Jalandhar,Rice Milling,302.12,17,66.2,509.6,21.6,0,1,0,1,1,1,1,1,1,0,1,1,0,0,1
PB01121,Hoshiarpur,Engineering/Metal Fabrication,144.63,87,26.9,443.3,0.5,0,0,0,1,1,1,0,1,0,0,0,0,0,1,1
PB01122,Mohali (SAS Nagar),Agro-based,1476.59,5,215.4,4565.5,0.5,0,0,0,1,0,0,1,1,0,0,0,0,0,1,1
PB01123,Mohali,Paper & Pulp,1919.44,3,303.2,6575.7,21.7,0,1,0,1,1,0,0,1,1,1,0,1,0,1,1
PB01124,Mohali,Leather Products,860.09,21,113.5,2277.2,39.1,1,0,0,1,1,1,1,1,1,0,0,0,1,1,1
PB01125,Mohali (SAS Nagar),Auto Components,100.81,9,27.7,429.9,0.5,0,0,0,1,0,0,1,1,0,0,0,0,0,1,1
PB01126,Sangrur,Rice Milling,214.74,8,55.3,50.0,20.5,0,1,0,1,1,0,1,1,1,0,1,1,0,1,0
PB01127,Rupnagar,Cement,583.45,10,121.0,2483.5,10.1,0,0,0,1,1,1,1,1,0,1,0,0,0,1,1
PB01128,Moga,Engineering/Metal Fabrication,110.29,2,40.1,50.0,7.0,0,0,0,1,1,0,0,0,0,0,0,0,0,1,0
PB01129,Amritsar,Pharmaceutical,249.05,22,19.0,134.0,17.2,1,0,0,1,1,1,0,1,1,0,0,0,1,0,0
PB01130,Amritsar,Engineering/Metal Fabrication,158.37,14,33.4,88.7,0.5,0,0,0,1,1,1,1,0,0,0,0,0,0,1,0
PB01131,Sangrur,Leather Products,882.73,8,164.7,2604.4,15.0,1,0,0,1,1,0,1,1,1,0,0,0,1,1,1
PB01132,Mohali (SAS Nagar),Auto Components,773.38,12,130.1,2953.8,1.9,0,0,0,1,1,1,1,1,0,0,0,0,1,1,1
PB01133,Bathinda,Plastic Products,1543.87,2,184.5,4431.5,12.5,1,0,0,1,1,0,0,1,1,0,0,0,1,1,1
PB01134,Ludhiana,Steel Rolling,75.82,54,34.2,945.0,16.7,0,0,0,1,1,1,1,1,1,0,0,0,0,1,1
PB01135,Ludhiana,Pharmaceutical,384.53,39,51.4,659.9,18.4,1,0,0,1,1,1,1,1,1,0,0,0,1,1,1
PB01136,Patiala,Leather Products,305.34,12,41.3,1034.2,17.4,1,0,0,1,1,1,1,1,1,0,0,0,1,1,1
PB01137,Moga,Rice Milling,560.62,28,80.2,1321.6,26.7,0,1,0,1,1,1,1,1,1,0,1,1,0,1,1
PB01138,Moga,Auto Components,579.91,29,98.0,916.8,4.8,0,0,0,1,1,1,1,1,0,0,0,0,1,1,1
PB01139,Ludhiana,Food Processing,157.15,74,30.9,537.0,0.5,0,0,0,1,1,1,1,1,0,0,1,0,0,1,1
PB01140,Moga,Paper & Pulp,164.7,6,29.8,166.3,20.7,0,1,0,1,1,0,1,1,1,0,0,1,0,1,1
PB01141,Bathinda,Electronics,1211.14,14,157.5,2888.5,5.4,0,0,0,1,1,1,1,1,0,0,0,0,0,1,1
PB01142,Ludhiana,Rice Milling,1416.7,29,216.6,3733.5,24.7,0,1,0,1,1,1,1,1,1,0,1,1,0,1,1
PB01143,Mohali,Chemical,816.9,4,105.1,2119.2,18.4,1,0,0,1,1,0,0,1,1,1,0,0,1,1,1
PB01144,Patiala,Cement,185.79,12,14.5,331.8,3.8,0,0,0,1,1,1,1,1,1,0,0,0,0,0,1
PB01145,Moga,Textile,265.87,15,50.6,432.4,3.1,0,0,0,1,1,1,1,1,0,0,0,0,0,1,1
PB01146,Fatehgarh Sahib,Chemical,324.59,50,82.9,920.3,18.4,1,1,0,1,1,1,1,1,1,0,0,1,1,1,1
PB01147,Amritsar,Food Processing,45.51,26,2.0,50.0,12.1,0,1,0,1,1,1,1,1,0,0,1,1,0,0,0
PB01148,Mohali,Agro-based,557.59,14,88.6,1584.5,0.5,0,0,0,1,0,1,1,1,0,1,0,0,0,1,1
PB01149,Fatehgarh Sahib,Auto Components,817.29,16,56.0,2749.6,0.5,0,0,0,1,1,1,1,1,0,0,0,0,0,1,1
PB01150,Hoshiarpur,Beverages,206.94,8,2.0,691.7,27.5,0,0,0,1,1,0,1,1,1,0,1,0,0,0,1
PB01151,Jalandhar,Leather Products,481.91,52,115.5,1274.6,17.1,1,0,0,1,1,1,1,1,0,0,0,0,1,1,1
PB01152,Mohali,Steel Rolling,346.73,8,60.0,1799.7,5.1,0,0,0,1,1,0,1,1,0,0,0,0,0,1,1
PB01153,Amritsar,Pharmaceutical,140.14,12,38.8,714.9,19.9,1,0,0,1,1,1,1,1,1,1,0,0,1,1,1
PB01154,Fatehgarh Sahib,Chemical,123.45,19,11.6,50.0,27.6,1,1,0,1,1,1,1,1,1,0,0,1,1,0,0
PB01155,Jalandhar,IT/Software Services,68.34,44,34.6,50.0,1.4,0,0,1,1,1,0,1,1,0,0,0,0,0,1,0
PB01156,Ludhiana,Textile,1058.04,18,165.0,4027.1,0.5,0,0,0,1,1,1,1,1,0,0,0,0,0,1,1
PB01157,Patiala,Textile,4196.77,18,614.8,12644.6,3.5,0,0,0,1,1,1,1,1,0,1,0,0,0,1,1
PB01158,Moga,Chemical,419.62,12,79.9,1301.5,18.4,1,0,0,1,1,1,1,0,1,0,0,0,1,1,1
PB01159,Sangrur,Agro-based,584.59,9,87.6,1569.5,17.4,0,0,0,1,1,0,1,1,1,0,0,0,0,1,1
PB01160,Patiala,Leather Products,1126.08,47,205.3,4076.5,26.9,1,0,0,1,0,1,1,1,1,0,0,0,1,1,1
PB01161,Bathinda,Textile Dyeing,149.15,38,8.5,50.0,24.3,0,0,0,1,1,1,1,1,1,0,0,0,0,0,0
PB01162,Fatehgarh Sahib,Beverages,1536.81,62,225.7,4069.0,18.1,0,1,0,1,1,1,1,1,1,1,1,1,1,1,1
PB01163,Mohali,Textile,3349.07,15,501.4,9794.5,7.4,0,0,0,1,1,1,1,1,0,1,0,0,0,1,1
PB01164,Hoshiarpur,Plastic Products,281.96,5,75.8,535.3,0.5,1,0,0,1,1,0,1,1,1,0,0,0,1,1,1
PB01165,Mohali,Engineering/Metal Fabrication,1077.51,5,148.4,3815.9,0.5,0,0,0,1,1,0,1,0,0,0,0,0,0,1,1
PB01166,Hoshiarpur,Agro-based,575.64,61,115.9,1829.5,13.4,0,0,0,1,1,1,1,1,0,0,0,0,1,1,1
PB01167,Ludhiana,Furniture/Wood,1148.86,4,164.5,3156.5,11.0,0,0,0,1,1,0,0,1,0,0,0,0,0,1,1
PB01168,Mohali,Furniture/Wood,104.41,18,2.0,453.3,1.9,0,0,0,1,1,0,1,1,0,0,0,0,0,0,1
PB01169,Rupnagar,Pharmaceutical,3781.73,61,583.3,10906.5,13.0,1,0,0,1,0,1,1,1,1,1,0,0,1,1,1
PB01170,Amritsar,Rice Milling,866.9,25,139.0,2381.9,27.5,0,1,0,1,1,1,0,1,1,0,1,1,0,1,1
PB01171,Bathinda,Auto Components,420.69,4,98.3,1058.3,5.0,0,0,0,1,1,0,0,1,0,0,0,0,1,1,1
PB01172,Fatehgarh Sahib,Food Processing,196.14,4,37.9,1236.3,0.5,0,1,0,1,1,0,0,1,0,0,1,1,0,1,1
PB01173,Patiala,Beverages,410.6,44,68.5,1561.6,21.3,0,1,0,1,1,1,1,1,1,0,1,1,0,1,1
PB01174,Hoshiarpur,Textile Dyeing,3118.4,14,464.9,9026.7,20.8,0,1,0,1,1,1,1,1,1,1,0,1,0,1,1
PB01175,Mohali (SAS Nagar),Beverages,1091.85,28,146.1,3401.3,28.4,0,1,0,1,1,1,1,1,1,0,1,1,0,1,1
PB01176,Sangrur,Agro-based,162.05,7,37.4,68.2,0.5,0,0,0,1,1,1,1,0,0,0,0,0,0,1,0
PB01177,Bathinda,Chemical,3099.04,62,440.4,9323.8,26.2,1,1,0,1,1,1,1,1,1,1,0,1,1,1,1
PB01178,Rupnagar,Paper & Pulp,841.59,24,162.6,2398.6,14.4,0,1,0,1,1,0,1,1,0,0,0,1,0,1,1
PB01179,Mohali (SAS Nagar),Electronics,163.94,13,2.7,50.0,9.1,0,0,0,1,1,0,1,0,0,0,0,0,0,0,0
PB01180,Sangrur,Auto Components,226.62,42,36.9,1379.4,10.0,0,0,0,1,1,1,1,1,0,0,0,0,0,1,1
PB01181,Mohali,Leather Products,415.86,37,58.5,1662.8,14.1,1,0,0,1,1,1,1,1,0,0,0,0,1,1,1
PB01182,Patiala,Agro-based,177.73,3,41.3,1065.4,8.6,0,0,0,1,1,0,0,1,0,0,0,0,0,1,1
PB01183,Fatehgarh Sahib,Agro-based,48.76,29,2.0,50.0,0.5,0,0,0,1,1,1,1,1,0,0,0,0,0,0,0
PB01184,Ludhiana,Electronics,220.53,32,58.8,519.2,6.4,0,0,0,1,1,1,1,0,0,0,0,0,0,1,1
PB01185,Hoshiarpur,Textile Dyeing,295.48,20,53.7,1253.9,33.9,0,1,0,1,1,1,1,1,1,0,0,1,0,1,1
PB01186,Ludhiana,Engineering/Metal Fabrication,521.97,18,57.5,1260.0,9.8,0,0,0,1,1,1,1,1,0,0,0,0,0,1,1
PB01187,Jalandhar,Textile,481.07,33,59.2,2266.2,7.2,0,0,0,1,1,1,1,1,0,0,0,0,0,1,1
PB01188,Patiala,Rice Milling,107.56,59,39.9,751.0,27.7,0,0,0,1,1,1,1,0,1,0,1,0,0,0,1
PB01189,Amritsar,Cement,437.18,16,40.2,1457.8,20.4,0,0,0,1,1,1,1,1,1,0,0,0,0,1,1
PB01190,Patiala,Food Processing,863.51,38,126.0,2563.9,2.6,0,1,0,1,1,1,1,1,0,0,1,1,0,1,1
PB01191,Fatehgarh Sahib,Auto Components,203.84,12,34.0,871.3,8.4,1,0,0,1,1,1,1,1,1,0,0,0,1,1,1
PB01192,Mohali,Pharmaceutical,217.92,17,2.0,744.9,20.3,1,0,0,1,1,0,1,1,1,0,0,0,1,0,1
PB01193,Moga,Agro-based,175.76,4,36.4,834.4,7.9,0,0,0,1,1,0,0,1,0,0,0,0,0,1,1
PB01194,Mohali,Rice Milling,311.32,13,51.3,616.5,38.8,0,1,0,1,1,1,1,1,1,0,1,1,1,1,1
PB01195,Bathinda,Plastic Products,623.71,5,96.4,1579.1,20.9,1,0,0,1,1,0,1,1,1,0,0,0,1,1,1
PB01196,Fatehgarh Sahib,Chemical,864.78,18,134.6,1792.1,11.4,1,1,0,1,1,0,1,1,1,0,0,1,1,1,1
PB01197,Mohali (SAS Nagar),Agro-based,663.64,9,74.6,2499.3,14.3,0,0,0,1,1,0,1,1,0,0,0,0,0,1,1
PB01198,Ludhiana,Leather Products,684.88,4,102.4,1844.5,21.8,1,0,0,1,1,0,0,1,1,0,0,0,0,1,1
PB01199,Rupnagar,Chemical,138.15,10,2.0,743.6,17.1,1,1,0,1,1,0,1,1,1,0,0,1,1,0,1
PB01200,Sangrur,Beverages,35.23,3,2.0,50.0,20.3,0,1,0,1,1,0,0,1,1,0,1,1,0,0,0
PB01201,Ludhiana,Steel Rolling,163.22,12,13.3,552.7,8.2,0,0,0,1,1,1,1,1,0,0,0,0,0,0,1
PB01202,Sangrur,Textile Dyeing,742.27,20,113.9,3200.1,16.5,0,0,0,1,1,1,1,1,1,0,0,0,0,1,1
PB01203,Patiala,Furniture/Wood,730.34,74,148.1,2038.0,2.2,0,0,0,1,1,1,1,0,0,0,0,0,0,1,1
PB01204,Jalandhar,Electronics,371.84,51,26.4,868.8,0.8,0,0,0,1,1,1,1,1,0,0,0,0,0,1,1
PB01205,Patiala,Food Processing,95.79,58,2.0,525.0,2.9,0,0,0,1,1,1,1,1,0,0,1,0,0,0,1
PB01206,Hoshiarpur,Chemical,438.61,9,99.3,920.5,22.8,1,1,0,1,1,0,1,1,1,0,0,1,1,1,1
PB01207,Ludhiana,Textile,259.06,10,36.1,752.9,15.0,0,0,0,1,1,1,1,0,0,0,0,0,0,1,1
PB01208,Hoshiarpur,Leather Products,3517.55,49,543.3,10156.1,11.0,1,0,0,1,1,1,1,1,1,1,0,0,1,1,1
PB01209,Mohali,Engineering/Metal Fabrication,347.16,52,71.8,674.5,3.0,0,0,0,1,1,1,1,0,0,0,0,0,0,1,1
PB01210,Mohali,Textile,1357.5,46,235.8,4470.2,5.2,0,0,0,1,1,1,1,1,0,0,0,0,0,1,1
PB01211,Mohali,Beverages,1268.03,29,239.9,4400.3,21.6,0,1,0,1,1,1,1,1,1,0,1,1,0,1,1
PB01212,Sangrur,IT/Software Services,849.68,17,110.3,2778.4,2.1,0,0,1,1,1,0,1,1,0,0,0,0,0,1,1
PB01213,Rupnagar,Rice Milling,123.45,16,22.0,971.6,18.7,0,0,0,1,1,1,1,1,1,0,1,0,0,0,1
PB01214,Bathinda,Pharmaceutical,456.18,27,81.4,2028.1,11.5,1,0,0,1,0,1,1,1,1,0,0,0,1,1,1
PB01215,Ludhiana,Engineering/Metal Fabrication,1222.86,60,176.4,3497.6,21.1,0,0,0,1,1,1,1,1,1,0,0,0,0,1,1
PB01216,Fatehgarh Sahib,Cement,776.7,13,111.5,2453.2,0.5,0,0,0,1,1,1,1,1,0,1,0,0,0,1,1
PB01217,Mohali (SAS Nagar),Cement,789.37,18,123.9,2564.4,0.5,0,0,0,1,1,1,1,1,0,1,0,0,0,1,1
PB01218,Sangrur,Chemical,166.01,56,30.9,245.2,20.6,1,1,0,1,1,1,1,1,1,0,0,1,1,1,1
PB01219,Jalandhar,Agro-based,424.56,7,92.3,1342.9,18.6,0,0,0,1,1,0,1,1,1,0,0,0,0,1,1
PB01220,Mohali,Textile,1035.21,8,164.1,2952.2,2.5,0,0,0,1,1,0,1,1,0,0,0,0,0,1,1
PB01221,Mohali,Food Processing,123.56,134,2.0,85.3,14.1,0,0,0,1,1,1,1,1,0,0,1,0,1,0,0
PB01222,Mohali,Textile Dyeing,1169.45,47,171.8,3882.4,17.5,0,1,0,1,1,1,1,1,1,0,0,1,0,1,1
PB01223,Bathinda,Food Processing,832.67,11,156.5,3333.8,17.0,0,1,0,1,1,1,1,1,1,0,1,1,0,1,1
PB01224,Sangrur,Pharmaceutical,933.31,34,138.0,2795.1,26.9,1,0,0,1,1,1,1,1,1,1,0,0,0,1,1
PB01225,Patiala,Leather Products,62.65,11,2.2,50.0,26.1,1,0,0,1,1,0,0,1,1,0,0,0,0,0,0
PB01226,Bathinda,Textile,258.2,3,47.3,1548.1,14.8,0,0,0,1,1,0,0,1,0,0,0,0,0,1,1
PB01227,Sangrur,Electronics,291.54,7,21.7,394.0,11.9,0,0,0,1,1,0,0,1,0,0,0,0,0,0,1
PB01228,Patiala,Food Processing,374.89,15,71.6,1741.2,0.5,0,1,0,1,1,1,1,1,0,0,1,1,0,1,1
PB01229,Hoshiarpur,Textile Dyeing,2220.97,4,326.3,6580.9,23.7,0,1,0,1,1,0,0,1,1,1,0,1,0,1,1
PB01230,Moga,Rice Milling,1196.5,36,198.2,2868.3,30.2,0,0,0,1,1,1,1,1,1,0,1,0,0,1,1
PB01231,Ludhiana,Chemical,652.77,11,105.4,1858.8,27.6,1,1,0,1,1,1,1,0,1,1,0,1,1,1,1
PB01232,Hoshiarpur,Pharmaceutical,867.16,10,155.9,2733.4,16.8,1,0,0,1,1,1,1,0,1,1,0,0,1,1,1
PB01233,Rupnagar,Steel Rolling,593.18,28,113.0,1499.0,0.5,0,0,0,1,1,1,1,1,0,0,0,0,0,1,1
PB01234,Fatehgarh Sahib,Paper & Pulp,161.67,12,44.0,611.0,24.5,0,1,0,1,1,1,1,1,1,0,0,1,0,1,1
PB01235,Rupnagar,Agro-based,153.52,93,5.0,613.8,7.8,0,0,0,1,1,1,1,1,0,0,0,0,0,0,1
PB01236,Mohali,Engineering/Metal Fabrication,407.89,17,109.6,1024.2,8.2,0,0,0,1,1,1,1,1,0,0,0,0,0,1,1
PB01237,Rupnagar,Textile,1631.28,8,238.0,4732.8,11.1,0,0,0,1,1,0,1,1,0,0,0,0,0,1,1
PB01238,Hoshiarpur,Auto Components,81.82,2,9.0,159.7,7.7,0,0,0,1,1,0,0,0,0,0,0,0,0,0,1
PB01239,Moga,Leather Products,320.42,32,56.9,333.2,15.3,1,0,0,1,1,1,1,1,1,0,0,0,1,1,1
PB01240,Bathinda,Auto Components,618.04,35,81.0,1766.2,11.2,0,0,0,1,1,1,1,1,1,0,0,0,0,1,1
PB01241,Bathinda,Auto Components,1174.81,25,164.7,3365.0,0.5,0,0,0,1,1,1,1,1,0,0,0,0,0,1,1
PB01242,Moga,IT/Software Services,279.47,5,18.5,1217.4,18.5,0,0,1,1,1,0,1,1,1,0,0,0,0,0,1
PB01243,Mohali,Electronics,96.39,26,2.0,650.3,0.5,0,0,0,1,1,1,1,1,0,0,0,0,0,1,1
PB01244,Mohali,Steel Rolling,72.47,5,32.1,269.1,0.6,0,0,0,1,1,0,1,0,0,0,0,0,0,1,1
PB01245,Hoshiarpur,Beverages,625.29,8,117.8,2133.2,13.1,0,0,0,1,1,0,1,1,1,0,1,0,0,1,1
PB01246,Hoshiarpur,Agro-based,102.32,33,2.0,50.0,11.8,0,0,0,1,1,1,1,1,0,0,0,0,0,0,0
PB01247,Fatehgarh Sahib,Plastic Products,194.0,30,24.2,1343.7,2.5,1,0,0,1,1,1,1,1,1,0,0,0,1,0,1
PB01248,Hoshiarpur,Steel Rolling,222.15,7,57.5,919.8,7.0,1,0,0,1,1,0,1,1,1,0,0,0,1,1,1
PB01249,Amritsar,Leather Products,407.92,75,72.9,1599.3,20.3,1,0,0,1,1,1,1,1,1,0,0,0,1,1,1
PB01250,Rupnagar,Chemical,341.17,24,77.2,549.4,31.8,1,1,0,1,1,1,1,1,1,0,0,1,1,1,1
PB01251,Ludhiana,Agro-based,105.64,48,2.0,76.5,5.0,0,0,0,1,1,1,1,1,0,0,0,0,0,0,0
PB01252,Ludhiana,Pharmaceutical,634.13,37,80.7,2086.8,20.5,1,0,0,1,1,1,1,1,1,1,0,0,1,0,1
PB01253,Ludhiana,Textile Dyeing,106.16,35,26.4,233.0,17.4,0,1,0,1,1,1,1,1,1,0,0,1,0,1,1
PB01254,Fatehgarh Sahib,Agro-based,319.43,9,55.8,594.3,2.2,0,0,0,1,1,0,0,1,1,0,0,0,0,1,1
PB01255,Fatehgarh Sahib,Food Processing,277.89,26,17.4,494.5,0.5,0,1,0,1,1,1,1,1,0,0,1,1,0,0,0
PB01256,Ludhiana,Textile Dyeing,226.65,25,2.0,546.0,0.5,0,1,0,1,1,1,1,1,1,0,0,1,0,0,1
PB01257,Amritsar,Auto Components,2318.39,14,354.8,7223.0,3.7,0,0,0,1,1,1,1,1,0,1,0,0,0,1,1
PB01258,Hoshiarpur,Furniture/Wood,853.53,27,162.6,2593.2,0.5,0,0,0,1,1,1,1,1,1,0,0,0,0,1,1
PB01259,Jalandhar,Beverages,2804.75,20,457.7,8895.3,9.3,0,0,0,1,1,1,1,1,1,1,1,0,0,1,1
PB01260,Hoshiarpur,Textile Dyeing,436.07,42,82.0,1984.6,26.1,0,0,0,1,1,1,1,0,0,0,0,0,0,1,1
PB01261,Rupnagar,Pharmaceutical,1159.85,11,174.0,3944.3,32.4,1,0,0,1,1,1,1,1,1,1,0,0,1,1,1
PB01262,Ludhiana,Rice Milling,284.92,9,31.0,1232.8,23.2,0,1,0,1,1,0,1,1,1,0,1,1,0,1,1
PB01263,Ludhiana,Agro-based,51.81,16,27.4,50.0,0.5,0,0,0,1,1,1,1,1,0,0,0,0,0,1,0
PB01264,Ludhiana,Food Processing,328.85,57,99.7,1081.4,0.5,0,1,0,1,1,1,1,1,0,0,1,1,0,1,1
PB01265,Mohali,IT/Software Services,494.36,57,72.1,874.5,6.1,0,0,1,1,1,0,1,1,0,0,0,0,0,1,1
PB01266,Amritsar,Auto Components,185.0,10,8.6,231.5,2.4,0,0,0,1,1,1,1,0,0,0,0,0,0,0,1
PB01267,Hoshiarpur,IT/Software Services,6000.0,12,899.6,18351.0,4.7,0,0,1,1,1,0,1,1,0,1,0,0,0,0,1
PB01268,Bathinda,Textile,131.16,5,24.8,636.6,0.5,0,0,0,1,1,0,1,1,0,0,0,0,0,0,1
PB01269,Patiala,Electronics,178.81,7,32.3,50.0,11.2,0,0,0,1,1,0,1,0,0,0,0,0,0,1,0
PB01270,Hoshiarpur,Textile Dyeing,78.74,37,17.4,382.5,17.1,0,1,0,1,1,1,1,1,1,0,0,1,0,0,1
PB01271,Fatehgarh Sahib,Steel Rolling,891.29,2,107.3,3320.1,3.2,0,0,0,1,1,0,0,1,0,0,0,0,0,1,1
PB01272,Mohali,Engineering/Metal Fabrication,52.02,11,2.0,759.5,6.1,0,0,0,1,1,0,1,1,0,0,0,0,0,0,1
PB01273,Jalandhar,Engineering/Metal Fabrication,689.93,14,100.4,1713.0,0.5,0,0,0,1,1,1,1,1,0,0,0,0,0,1,1
PB01274,Jalandhar,Furniture/Wood,515.28,5,114.3,1865.0,5.0,0,0,0,1,1,0,1,1,0,0,0,0,0,1,1
PB01275,Amritsar,Cement,270.11,24,35.0,640.6,0.5,0,0,0,1,1,1,1,1,0,0,0,0,0,1,1
PB01276,Moga,Electronics,629.67,6,68.5,1162.6,0.5,0,0,0,1,1,1,1,1,0,0,0,0,0,1,1
PB01277,Bathinda,Food Processing,158.42,33,58.0,862.9,2.0,0,1,0,1,1,1,1,1,0,0,1,1,0,1,1
PB01278,Mohali (SAS Nagar),Furniture/Wood,142.91,7,14.3,671.5,0.5,0,0,0,1,1,0,1,0,0,0,0,0,0,0,1
PB01279,Bathinda,Electronics,119.08,3,18.9,988.4,12.4,0,0,0,1,1,0,0,1,0,0,0,0,0,0,1
PB01280,Mohali (SAS Nagar),Leather Products,368.67,25,66.1,675.6,30.8,1,0,0,1,1,1,1,1,1,0,0,0,1,1,1
PB01281,Mohali,Textile Dyeing,197.25,50,19.5,319.4,17.8,0,0,0,1,1,1,1,1,1,0,0,0,0,0,1
PB01282,Amritsar,Auto Components,203.51,9,2.0,1102.1,5.1,0,0,0,1,1,0,1,1,0,0,0,0,0,0,1
PB01283,Patiala,IT/Software Services,10.28,52,2.0,50.0,3.6,0,0,1,1,1,0,1,1,0,0,0,0,0,0,0
PB01284,Rupnagar,Auto Components,631.54,10,112.9,1314.0,13.6,0,0,0,1,1,1,1,1,0,0,0,0,0,1,0
PB01285,Amritsar,Auto Components,175.75,12,30.4,589.7,6.4,0,0,0,1,1,1,1,1,0,0,0,0,1,1,1
PB01286,Jalandhar,Beverages,72.29,19,3.4,50.0,16.2,0,1,0,1,1,0,1,1,1,0,1,1,0,0,0
PB01287,Fatehgarh Sahib,Leather Products,100.94,22,2.0,289.9,15.2,1,0,0,1,1,1,1,1,1,0,0,0,1,0,1
PB01288,Jalandhar,Electronics,1233.88,36,184.3,3315.7,4.2,0,0,0,1,1,0,1,1,0,0,0,0,0,1,1
PB01289,Jalandhar,Textile Dyeing,183.1,9,48.5,623.4,14.4,0,0,0,1,1,0,1,1,1,0,0,0,0,1,1
PB01290,Jalandhar,Beverages,411.33,20,36.8,2115.7,27.5,0,1,0,1,1,1,1,0,1,0,1,1,0,1,0
PB01291,Patiala,Beverages,142.07,5,22.1,483.3,21.8,0,1,0,1,1,0,1,1,1,0,1,1,0,0,1
PB01292,Mohali (SAS Nagar),Textile,388.64,35,28.7,624.0,2.8,0,0,0,1,1,1,1,1,0,0,0,0,0,1,1
PB01293,Patiala,Textile,308.93,58,47.2,430.4,8.5,0,0,0,1,1,1,1,1,0,0,0,0,0,1,1
PB01294,Rupnagar,IT/Software Services,27.34,10,2.0,50.0,3.6,0,0,1,1,1,0,1,0,0,0,0,0,0,0,0
PB01295,Rupnagar,Textile Dyeing,161.06,15,2.0,315.1,28.1,0,1,0,1,1,0,1,1,1,0,0,1,0,0,1
PB01296,Ludhiana,Furniture/Wood,417.87,32,47.8,1705.2,0.5,0,0,0,1,1,1,1,1,0,0,0,0,0,1,1
PB01297,Amritsar,Food Processing,876.15,5,118.9,3143.2,0.5,0,0,0,1,1,0,1,1,0,0,1,0,0,1,1
PB01298,Hoshiarpur,IT/Software Services,623.19,21,99.0,1490.7,0.5,0,0,1,1,1,0,1,1,0,0,0,0,0,1,1
PB01299,Jalandhar,Rice Milling,226.19,55,17.2,556.5,24.5,0,1,0,1,1,1,1,1,1,0,1,1,0,0,1
PB01300,Bathinda,Pharmaceutical,832.4,18,102.8,2181.4,16.8,1,0,0,1,1,1,1,1,1,1,0,0,1,1,1
PB01301,Amritsar,Cement,228.51,13,63.2,546.0,5.6,0,0,0,1,1,1,1,1,0,0,0,0,0,1,1
PB01302,Rupnagar,Rice Milling,252.28,14,27.2,1205.7,15.5,0,1,0,1,1,1,1,1,1,0,1,1,0,1,1
PB01303,Moga,Textile,282.23,31,45.7,980.5,0.5,0,0,0,1,1,1,1,1,0,0,0,0,0,1,1
PB01304,Amritsar,Rice Milling,136.79,8,5.3,864.1,22.7,0,1,0,1,1,0,1,1,1,0,1,1,0,0,1
PB01305,Mohali (SAS Nagar),Paper & Pulp,1450.75,30,203.7,3913.8,14.9,0,1,0,1,1,1,1,1,1,1,0,1,0,1,1
PB01306,Mohali,Auto Components,142.56,105,10.5,191.1,10.3,0,0,0,1,1,1,1,1,0,1,0,0,0,0,1
PB01307,Ludhiana,Engineering/Metal Fabrication,403.68,16,17.0,1864.4,1.4,0,0,0,1,1,1,1,1,0,0,0,0,0,0,1
PB01308,Moga,Food Processing,165.75,28,24.7,1217.5,11.6,0,1,0,1,1,1,1,1,0,0,1,1,0,0,1
PB01309,Fatehgarh Sahib,Rice Milling,191.92,53,24.6,281.6,29.4,0,1,0,1,1,1,1,1,1,0,1,1,0,0,1
PB01310,Moga,Auto Components,1264.48,11,183.5,3594.4,4.7,0,0,0,1,1,1,1,1,0,0,0,0,0,1,1
PB01311,Jalandhar,Textile Dyeing,343.67,16,43.2,1697.9,14.3,0,1,0,1,1,1,1,1,1,0,0,1,0,1,1
PB01312,Ludhiana,Textile,565.83,7,100.2,2578.4,5.9,0,0,0,1,1,0,1,1,0,0,0,0,0,1,1
PB01313,Sangrur,Pharmaceutical,72.11,4,10.5,1088.1,29.3,1,0,0,1,1,0,0,1,1,0,0,0,0,0,1
PB01314,Amritsar,Engineering/Metal Fabrication,78.05,19,11.3,1703.2,0.5,0,0,0,1,1,1,1,1,0,0,0,0,0,0,1
PB01315,Patiala,Electronics,111.11,3,10.5,680.3,15.3,0,0,0,1,1,0,0,1,1,0,0,0,0,0,1
PB01316,Sangrur,Textile Dyeing,220.96,22,2.0,127.7,29.6,0,1,0,1,1,1,1,1,1,0,0,1,0,1,0
PB01317,Bathinda,Cement,988.37,24,167.1,2823.2,0.5,0,0,0,1,1,1,1,1,0,1,0,0,0,1,1
PB01318,Ludhiana,Paper & Pulp,214.59,26,47.7,356.9,35.9,0,1,0,1,1,1,1,1,1,0,0,1,0,1,1
PB01319,Ludhiana,Auto Components,1396.21,1,213.6,4060.2,2.2,0,0,0,1,1,0,0,1,0,0,0,0,0,1,1
PB01320,Mohali,Electronics,128.41,13,13.7,647.3,16.3,0,0,0,1,1,1,1,1,1,0,0,0,0,0,1
PB01321,Moga,Textile Dyeing,2361.48,8,338.0,7395.7,33.8,0,1,0,1,1,0,1,1,1,1,0,1,0,1,1
PB01322,Jalandhar,Textile Dyeing,2381.08,10,380.6,7837.0,22.5,0,1,0,1,1,1,1,1,1,1,0,1,0,0,1
PB01323,Fatehgarh Sahib,IT/Software Services,2035.42,62,285.8,6880.3,2.4,0,0,1,1,1,0,1,1,0,1,0,0,0,1,1
PB01324,Hoshiarpur,Leather Products,970.96,4,143.2,3029.6,16.5,1,0,0,1,1,1,0,1,1,0,0,0,1,1,1
PB01325,Ludhiana,Engineering/Metal Fabrication,6000.0,7,897.2,18630.7,19.2,0,0,0,1,1,0,1,1,1,1,0,0,0,1,1
PB01326,Hoshiarpur,Paper & Pulp,212.38,6,12.8,472.9,19.1,1,0,0,1,1,0,1,1,1,0,0,0,1,0,1
PB01327,Mohali,Chemical,107.26,24,4.7,1345.6,9.2,1,1,0,1,1,1,1,1,1,0,0,1,1,0,1
PB01328,Fatehgarh Sahib,Rice Milling,802.26,15,105.9,1834.1,15.0,0,0,0,1,1,1,0,1,1,0,1,0,0,1,1
PB01329,Hoshiarpur,Pharmaceutical,47.81,5,20.0,50.0,17.3,1,0,0,1,1,0,1,1,1,0,0,0,0,0,0
PB01330,Amritsar,Chemical,3433.61,39,519.3,9998.6,15.7,1,0,0,1,1,1,1,1,1,1,0,0,1,1,1
PB01331,Patiala,Plastic Products,134.19,12,12.6,50.0,0.5,1,0,0,1,1,1,1,1,1,0,0,0,1,0,0
PB01332,Rupnagar,Leather Products,232.26,1,46.2,326.7,16.0,1,0,0,1,1,0,0,1,1,0,0,0,1,1,1
PB01333,Patiala,Rice Milling,1199.1,20,148.6,3292.8,34.6,0,1,0,1,1,1,1,1,1,0,1,1,0,0,1
PB01334,Rupnagar,Electronics,373.74,36,60.2,1061.7,0.5,0,0,0,1,1,0,1,1,0,0,0,0,0,1,1
PB01335,Rupnagar,Paper & Pulp,461.26,35,35.3,1920.5,31.7,0,1,0,1,1,1,1,1,1,0,0,1,0,1,1
PB01336,Bathinda,Plastic Products,132.03,28,21.4,50.0,11.9,1,0,0,1,1,1,1,1,1,0,0,0,0,0,0
PB01337,Bathinda,IT/Software Services,177.53,17,6.2,430.4,12.4,0,0,1,1,1,0,1,0,0,0,0,0,0,0,1
PB01338,Hoshiarpur,Plastic Products,1179.73,21,198.0,3084.3,11.0,1,0,0,1,1,1,1,1,1,0,0,0,1,1,1
PB01339,Rupnagar,Cement,693.36,143,56.2,2279.8,22.6,0,0,0,1,1,1,1,1,1,1,0,0,0,1,1
PB01340,Rupnagar,Rice Milling,230.27,35,44.3,1138.8,35.3,0,1,0,1,1,1,1,1,1,0,1,1,0,1,1
PB01341,Sangrur,Steel Rolling,323.87,76,31.3,1093.9,0.5,0,0,0,1,1,1,1,1,0,0,0,0,0,1,1
PB01342,Jalandhar,Pharmaceutical,454.55,6,45.3,1448.5,28.5,1,0,0,1,1,0,1,1,1,0,0,0,1,1,1
PB01343,Bathinda,Cement,467.43,15,72.1,978.7,19.2,0,0,0,1,1,1,1,1,1,0,0,0,0,1,1
PB01344,Patiala,Furniture/Wood,487.76,7,60.4,2503.5,5.4,0,0,0,1,1,0,1,1,0,0,0,0,1,1,1
PB01345,Hoshiarpur,Food Processing,1330.15,12,194.2,3319.7,5.9,0,1,0,1,1,1,0,1,0,0,1,1,0,1,1
PB01346,Jalandhar,Cement,828.9,54,116.8,2678.6,0.5,0,0,0,1,1,1,1,1,0,1,0,0,0,1,1
PB01347,Fatehgarh Sahib,Furniture/Wood,343.97,15,84.7,1139.2,18.9,0,0,0,1,1,1,1,1,1,0,0,0,0,1,1
PB01348,Rupnagar,Electronics,150.18,7,26.7,407.4,3.3,0,0,0,1,1,0,1,1,0,0,0,0,0,1,1
PB01349,Mohali,Pharmaceutical,821.11,33,89.7,3140.8,8.2,1,0,0,1,1,1,1,1,1,1,0,0,1,1,1
PB01350,Moga,IT/Software Services,258.14,11,41.0,861.7,2.2,1,0,1,1,1,0,1,1,1,0,0,0,1,1,1
PB01351,Hoshiarpur,Chemical,128.99,32,17.2,958.2,33.0,1,0,0,1,1,1,1,1,1,0,0,0,1,0,1
PB01352,Moga,Plastic Products,500.56,14,127.8,987.1,0.5,1,0,0,1,1,1,1,1,1,0,0,0,1,1,1
PB01353,Rupnagar,Furniture/Wood,243.34,19,33.7,551.9,0.8,0,0,0,1,1,1,1,1,0,0,0,0,0,1,1
PB01354,Rupnagar,Engineering/Metal Fabrication,607.74,10,106.6,2904.4,1.8,0,0,0,1,1,1,1,1,0,1,0,0,0,1,1
PB01355,Jalandhar,Electronics,602.01,73,93.7,2209.7,13.2,1,0,0,1,1,1,1,1,1,0,0,0,1,1,1
PB01356,Mohali,Steel Rolling,296.04,73,36.9,1385.9,2.3,0,0,0,1,1,0,1,1,0,0,0,0,0,1,1
PB01357,Ludhiana,Leather Products,413.93,101,85.1,1381.3,20.7,1,0,0,1,1,1,1,1,1,0,0,0,1,1,1
PB01358,Rupnagar,Steel Rolling,787.79,20,139.0,3076.6,0.5,0,0,0,1,1,1,1,1,0,0,0,0,0,1,1
PB01359,Amritsar,Leather Products,1262.15,6,171.1,4076.0,28.4,1,0,0,1,1,0,1,1,1,0,0,0,1,1,1
PB01360,Mohali,Furniture/Wood,551.26,59,98.2,1511.0,16.3,0,0,0,1,1,1,1,1,1,0,0,0,0,1,1
PB01361,Bathinda,Rice Milling,1510.28,12,277.7,4229.5,17.0,0,0,0,1,1,1,1,1,1,0,1,0,0,1,1
PB01362,Hoshiarpur,Steel Rolling,914.97,37,128.5,2388.5,5.1,0,0,0,1,1,1,1,1,0,0,0,0,0,1,1
PB01363,Mohali,Plastic Products,208.4,27,31.5,1498.0,4.7,1,0,0,1,1,1,1,1,1,0,0,0,1,1,1
PB01364,Moga,Beverages,2571.38,5,403.3,8837.2,24.5,0,1,0,1,1,0,1,1,1,1,1,1,0,1,1
PB01365,Fatehgarh Sahib,Textile Dyeing,808.65,22,98.5,1899.2,15.1,0,1,0,1,1,1,1,1,1,0,0,1,0,1,1
PB01366,Bathinda,Food Processing,292.43,14,47.1,669.7,0.5,0,0,0,1,1,1,1,1,0,0,1,0,0,1,1
PB01367,Mohali,Cement,3363.52,16,523.5,9917.7,4.5,0,0,0,1,1,1,1,1,0,1,0,0,0,1,1
PB01368,Moga,Leather Products,245.01,24,34.3,599.5,31.1,1,0,0,1,1,1,1,1,1,0,0,0,1,1,1
PB01369,Amritsar,Pharmaceutical,601.85,10,105.8,2407.4,32.9,1,0,0,1,1,1,1,1,1,1,0,0,1,1,0
PB01370,Mohali (SAS Nagar),Engineering/Metal Fabrication,221.45,19,60.5,656.1,2.9,0,0,0,1,1,1,1,1,0,0,0,0,0,1,1
PB01371,Amritsar,Paper & Pulp,2689.53,17,358.6,8962.4,25.5,0,1,0,1,1,1,1,1,1,1,0,1,0,1,1
PB01372,Jalandhar,IT/Software Services,97.29,14,8.8,464.9,2.8,0,0,1,1,1,0,1,1,0,0,0,0,0,0,1
PB01373,Mohali (SAS Nagar),Pharmaceutical,89.1,11,27.0,823.5,24.1,1,0,0,1,1,1,1,1,1,0,0,0,0,1,1
PB01374,Patiala,Textile Dyeing,244.21,10,48.6,633.8,30.6,0,1,0,1,1,1,1,1,1,0,0,1,0,1,1
PB01375,Rupnagar,Cement,117.97,4,8.2,449.1,0.5,0,0,0,1,1,0,0,1,0,0,0,0,0,0,1
PB01376,Rupnagar,Agro-based,797.26,3,73.1,1884.8,15.8,0,0,0,1,1,0,0,1,1,0,0,0,0,1,1
PB01377,Moga,Food Processing,573.57,38,141.8,2211.6,0.5,0,1,0,1,1,1,1,1,0,0,1,1,0,1,1
PB01378,Mohali (SAS Nagar),Cement,173.47,34,37.0,388.2,0.6,0,0,0,1,1,1,1,1,1,0,0,0,0,1,1
PB01379,Sangrur,Auto Components,780.69,10,157.3,1873.7,6.2,0,0,0,1,1,1,1,1,0,0,0,0,0,1,0
PB01380,Amritsar,IT/Software Services,177.27,15,2.0,842.8,0.5,0,0,1,1,1,0,1,1,0,0,0,0,0,0,1
PB01381,Sangrur,Furniture/Wood,265.63,16,52.6,171.4,7.4,1,0,0,1,1,1,1,1,1,0,0,0,1,1,1
PB01382,Fatehgarh Sahib,Chemical,207.93,5,35.2,139.7,3.7,1,0,0,1,1,0,1,0,1,0,0,0,1,1,0
PB01383,Patiala,Furniture/Wood,1208.43,14,212.8,3134.7,0.5,0,0,0,1,1,1,1,1,0,0,0,0,0,1,1
PB01384,Bathinda,Rice Milling,158.86,2,24.4,749.7,26.3,0,0,0,1,1,0,0,1,1,0,1,0,0,0,1
PB01385,Amritsar,Auto Components,228.31,10,52.1,743.3,5.9,0,0,0,1,1,1,1,1,0,0,0,0,0,1,1
PB01386,Bathinda,Steel Rolling,442.12,31,64.9,1378.6,3.8,0,0,0,1,1,1,1,0,1,0,0,0,0,1,1
PB01387,Sangrur,Textile Dyeing,66.39,12,49.7,315.1,29.2,0,1,0,1,1,1,1,0,1,0,0,1,0,1,1
PB01388,Sangrur,Textile,145.39,18,2.0,1231.4,1.3,0,0,0,1,1,0,1,1,0,0,0,0,0,0,1
PB01389,Jalandhar,Cement,83.02,5,19.9,304.4,8.1,0,0,0,1,1,0,1,1,0,0,0,0,0,0,1
PB01390,Patiala,Textile Dyeing,2240.03,10,343.1,7284.9,24.3,0,1,0,1,1,1,1,1,1,1,0,1,0,1,1
PB01391,Moga,Agro-based,215.58,10,49.7,480.9,20.3,0,0,0,1,1,1,1,1,1,0,0,0,0,1,1
PB01392,Ludhiana,Beverages,57.78,74,31.8,914.1,13.5,0,1,0,1,1,1,1,1,0,0,1,1,0,1,1
PB01393,Hoshiarpur,Auto Components,3251.13,8,501.9,9308.9,4.2,0,0,0,1,1,0,1,1,0,1,0,0,0,1,1
PB01394,Sangrur,Pharmaceutical,163.65,29,28.5,50.0,21.7,1,0,0,1,1,1,1,1,1,0,0,0,1,1,0
PB01395,Sangrur,Cement,375.37,19,56.6,594.8,4.8,0,0,0,1,1,1,1,1,0,0,0,0,0,1,1
PB01396,Mohali,Beverages,124.56,11,2.0,696.7,13.1,0,1,0,1,1,0,1,1,1,0,1,1,0,0,1
PB01397,Patiala,Electronics,133.66,5,2.0,196.6,0.5,0,0,0,1,1,0,1,0,0,0,0,0,0,0,1
PB01398,Rupnagar,Steel Rolling,1543.48,8,237.3,4544.0,5.7,0,0,0,1,1,0,1,1,0,0,0,0,0,1,1
PB01399,Mohali (SAS Nagar),Beverages,67.47,21,2.0,50.0,12.2,0,1,0,1,1,1,1,1,1,0,1,1,0,0,0
PB01400,Bathinda,Engineering/Metal Fabrication,257.7,7,56.0,2249.0,8.9,0,0,0,1,1,0,0,1,0,0,0,0,0,1,1
PB01401,Ludhiana,Paper & Pulp,267.2,46,43.1,989.5,26.5,0,1,0,1,1,1,0,1,1,0,0,1,0,1,1
PB01402,Bathinda,Electronics,1394.4,23,194.4,4254.4,11.3,0,0,0,1,1,1,1,1,0,0,0,0,0,1,1
PB01403,Patiala,Furniture/Wood,354.8,9,2.0,700.1,10.7,0,0,0,1,1,0,1,1,0,0,0,0,0,0,1
PB01404,Mohali,Textile Dyeing,1137.28,25,174.2,3427.5,13.6,0,1,0,1,1,1,1,1,1,0,0,1,0,1,1
PB01405,Hoshiarpur,Auto Components,1150.38,23,200.1,3640.3,18.7,0,0,0,1,1,1,1,1,1,0,0,0,0,1,1
PB01406,Amritsar,Chemical,67.9,85,2.0,1163.2,18.7,1,0,0,1,1,1,1,1,1,0,0,0,0,0,1
PB01407,Patiala,IT/Software Services,4603.65,19,693.5,13642.8,0.5,0,0,1,1,1,0,1,1,0,1,0,0,0,1,1
PB01408,Patiala,Rice Milling,1831.15,18,289.7,5412.8,16.2,0,1,0,1,0,1,1,1,1,0,1,1,0,1,1
PB01409,Ludhiana,Steel Rolling,180.2,4,27.9,692.6,10.3,0,0,0,1,1,0,0,1,1,0,0,0,0,1,1
PB01410,Bathinda,Cement,2.93,1,2.0,50.0,7.2,0,0,0,1,0,0,0,0,0,0,0,0,0,0,0
PB01411,Patiala,Electronics,252.98,34,17.7,1099.5,5.2,0,0,0,1,1,1,1,1,0,0,0,0,0,0,1
PB01412,Rupnagar,Paper & Pulp,916.03,28,158.6,2264.0,34.7,0,1,0,1,1,1,1,1,1,1,0,1,0,1,1
PB01413,Hoshiarpur,Engineering/Metal Fabrication,818.46,20,107.6,1025.5,0.5,0,0,0,1,1,0,1,1,0,0,0,0,0,1,1
PB01414,Amritsar,Textile Dyeing,90.34,28,21.9,50.0,29.7,1,1,0,1,1,1,1,0,1,0,0,1,0,0,0
PB01415,Bathinda,Textile,72.42,9,2.0,50.0,0.5,0,0,0,1,1,0,1,0,0,0,0,0,0,0,0
PB01416,Ludhiana,Engineering/Metal Fabrication,450.1,18,112.3,675.5,15.9,0,0,0,1,1,1,1,1,1,0,0,0,0,1,1
PB01417,Amritsar,Paper & Pulp,77.5,21,10.8,148.9,9.4,0,1,0,1,1,1,1,1,0,0,0,1,0,0,1
PB01418,Patiala,Paper & Pulp,501.93,13,64.5,1467.3,23.9,0,1,0,1,1,1,1,1,1,1,0,1,0,1,0
PB01419,Ludhiana,Furniture/Wood,846.24,38,127.9,1839.0,0.5,0,0,0,1,1,1,1,0,0,0,0,0,0,1,1
PB01420,Rupnagar,Chemical,75.01,15,34.8,956.3,18.1,1,1,0,1,1,1,1,1,1,0,0,1,0,1,1
PB01421,Amritsar,Beverages,154.62,26,2.0,50.0,45.3,1,1,0,1,1,1,1,1,1,0,1,1,1,0,0
PB01422,Amritsar,Beverages,194.23,6,5.0,1507.7,12.7,0,1,0,1,1,0,1,1,1,0,1,1,0,0,1
PB01423,Rupnagar,Textile Dyeing,992.87,59,162.6,3877.3,19.8,0,1,0,1,1,1,1,1,1,0,0,1,0,1,1
PB01424,Moga,Paper & Pulp,424.51,17,43.9,1622.0,10.4,0,1,0,1,1,1,1,1,0,0,0,1,0,1,1
PB01425,Jalandhar,Food Processing,1461.69,3,201.4,4450.8,10.7,0,0,0,1,1,0,0,1,0,0,1,0,0,1,1
PB01426,Bathinda,Cement,446.75,12,89.1,1822.3,13.8,0,0,0,1,1,1,1,1,0,1,0,0,0,1,1
PB01427,Hoshiarpur,Food Processing,1310.02,20,190.4,3624.9,9.7,0,1,0,1,1,1,1,1,0,0,1,1,0,1,1
PB01428,Rupnagar,Electronics,400.67,17,98.7,1345.2,0.5,0,0,0,1,1,1,1,1,0,0,0,0,0,1,1
PB01429,Sangrur,Textile Dyeing,385.35,3,70.7,2225.1,25.7,0,1,0,1,1,0,0,1,1,0,0,1,0,1,1
PB01430,Patiala,Textile,169.62,18,49.6,1300.2,5.7,0,0,0,1,0,1,1,1,0,0,0,0,0,1,1
PB01431,Sangrur,Furniture/Wood,936.33,13,137.5,3391.6,2.2,0,0,0,1,1,1,1,1,0,0,0,0,0,1,1
PB01432,Amritsar,IT/Software Services,229.72,8,58.6,1862.4,10.3,0,0,1,1,1,0,1,1,0,0,0,0,0,1,1
PB01433,Hoshiarpur,Electronics,57.38,8,2.0,138.4,6.0,0,0,0,1,1,0,1,0,0,0,0,0,0,0,0
PB01434,Mohali (SAS Nagar),Leather Products,1169.63,25,164.9,4243.4,13.0,1,0,0,1,1,1,1,0,1,0,0,0,1,1,1
PB01435,Bathinda,Plastic Products,367.17,17,45.4,1568.1,0.5,1,0,0,1,1,1,1,1,1,0,0,0,1,1,1
PB01436,Hoshiarpur,Furniture/Wood,234.31,50,27.6,555.7,6.1,0,0,0,1,1,1,1,1,0,0,0,0,0,1,1
PB01437,Ludhiana,Leather Products,93.84,30,16.2,50.0,11.0,1,0,0,1,1,1,0,1,1,0,0,0,0,0,0
PB01438,Ludhiana,Cement,2008.12,20,320.3,5797.2,5.7,0,0,0,1,1,1,1,1,0,1,0,0,0,1,1
PB01439,Amritsar,Chemical,445.01,19,82.9,1734.2,1.6,1,1,0,1,1,0,1,0,1,0,0,1,1,1,1
PB01440,Moga,Food Processing,341.11,25,42.9,1030.9,11.9,0,1,0,1,1,1,1,1,0,0,1,1,0,1,1
PB01441,Jalandhar,Beverages,1701.34,14,234.5,4309.7,13.8,0,1,0,1,1,1,1,1,1,0,1,1,1,1,1
PB01442,Mohali,Engineering/Metal Fabrication,256.94,28,56.8,50.0,0.9,0,0,0,1,1,1,0,1,0,0,0,0,0,1,0
PB01443,Ludhiana,Chemical,516.66,17,74.7,1094.1,19.5,1,0,0,1,1,1,1,1,0,0,0,0,1,1,1
PB01444,Mohali (SAS Nagar),Plastic Products,526.05,26,89.4,1395.7,0.5,1,0,0,1,1,1,1,1,1,0,0,0,1,1,1
PB01445,Rupnagar,Engineering/Metal Fabrication,400.38,47,72.7,157.9,10.9,0,0,0,1,1,1,1,1,0,0,0,0,0,1,1
PB01446,Bathinda,Cement,74.85,34,2.0,50.0,2.5,0,0,0,1,1,1,1,1,0,0,0,0,0,0,0
PB01447,Hoshiarpur,Auto Components,2271.32,31,338.6,6490.3,11.2,0,0,0,1,1,1,1,1,0,1,0,0,0,1,1
PB01448,Patiala,Auto Components,169.91,39,23.8,151.2,10.7,0,0,0,1,1,1,1,1,0,0,0,0,0,0,1
PB01449,Jalandhar,Rice Milling,538.92,15,103.3,1745.0,20.2,0,1,0,1,1,1,1,1,1,0,1,1,0,1,1
PB01450,Fatehgarh Sahib,Paper & Pulp,439.41,120,59.9,1415.5,21.2,0,1,0,1,1,1,1,1,1,0,0,1,0,1,1
PB01451,Fatehgarh Sahib,Paper & Pulp,1012.86,2,155.4,3225.2,12.7,0,1,0,1,1,0,0,1,1,1,0,1,0,1,1
PB01452,Bathinda,Rice Milling,108.37,12,2.0,702.4,5.4,0,1,0,1,1,0,1,1,1,0,1,1,0,0,1
PB01453,Rupnagar,Textile Dyeing,121.89,16,14.2,608.6,19.2,1,1,0,1,1,1,1,1,1,0,0,1,1,0,1
PB01454,Amritsar,Pharmaceutical,86.67,49,2.0,1695.2,34.3,1,0,0,1,1,1,1,1,1,0,0,0,0,0,1
PB01455,Jalandhar,Paper & Pulp,185.91,27,24.7,877.2,0.5,0,0,0,1,1,1,1,1,1,0,0,0,0,0,1
PB01456,Ludhiana,Engineering/Metal Fabrication,160.29,4,6.1,448.0,19.3,1,0,0,1,1,0,0,1,1,0,0,0,1,0,1
PB01457,Jalandhar,Paper & Pulp,979.53,16,125.7,2092.0,23.0,0,1,0,1,1,1,1,1,1,1,0,1,0,1,1
PB01458,Moga,Steel Rolling,100.3,9,40.8,50.0,3.1,0,0,0,1,1,0,0,0,0,0,0,0,0,1,0
PB01459,Mohali (SAS Nagar),Electronics,2208.52,41,355.3,6878.0,1.2,0,0,0,1,1,1,1,1,0,1,0,0,0,1,1
PB01460,Mohali (SAS Nagar),Auto Components,2450.52,39,357.4,7134.9,9.5,0,0,0,1,1,1,1,1,0,1,0,0,0,1,1
PB01461,Mohali,Furniture/Wood,183.44,59,29.6,469.6,11.2,0,0,0,1,1,1,1,0,0,0,0,0,0,1,1
PB01462,Ludhiana,Auto Components,154.91,29,65.8,50.0,0.5,0,0,0,1,1,1,1,1,0,0,0,0,0,1,1
PB01463,Amritsar,Paper & Pulp,1525.52,2,200.1,4305.2,11.1,0,1,0,1,1,0,0,1,1,1,0,1,0,1,1
PB01464,Mohali (SAS Nagar),Cement,179.73,32,10.5,624.7,0.5,0,0,0,1,1,1,1,1,0,0,0,0,0,0,1
PB01465,Hoshiarpur,Electronics,942.29,58,136.3,2501.9,7.6,0,0,0,1,0,1,1,1,0,0,0,0,0,1,1
PB01466,Hoshiarpur,Steel Rolling,123.85,4,47.2,503.4,8.4,0,0,0,1,1,0,0,1,0,0,0,0,0,1,1
PB01467,Mohali,Engineering/Metal Fabrication,129.58,2,24.0,1331.2,0.5,0,0,0,1,1,0,0,1,0,0,0,0,0,0,1
PB01468,Mohali (SAS Nagar),Electronics,326.37,4,52.1,1593.1,0.5,1,0,0,1,1,0,0,1,1,0,0,0,1,1,1
PB01469,Rupnagar,Rice Milling,1348.51,73,218.6,4129.4,16.2,0,0,0,1,1,1,1,1,1,0,1,0,0,1,1
PB01470,Amritsar,Agro-based,353.76,1,79.6,982.8,6.1,0,0,0,1,1,1,0,1,0,0,0,0,0,0,1
PB01471,Moga,Auto Components,3194.8,5,476.7,10116.4,9.6,0,0,0,1,1,0,1,1,0,1,0,0,0,1,1
PB01472,Mohali (SAS Nagar),Pharmaceutical,799.0,13,151.1,2047.3,23.8,1,0,0,1,1,1,1,1,1,1,0,0,1,1,1
PB01473,Hoshiarpur,Auto Components,1083.0,37,108.6,3112.9,3.2,0,0,0,1,1,1,1,1,0,0,0,0,0,1,1
PB01474,Bathinda,Leather Products,842.34,157,150.2,2527.7,13.4,1,0,0,1,1,1,1,1,1,0,0,0,1,1,1
PB01475,Hoshiarpur,Auto Components,226.12,24,29.6,933.1,8.7,0,0,0,1,1,1,1,1,0,0,0,0,0,1,1
PB01476,Amritsar,Rice Milling,121.19,18,30.0,508.9,16.0,1,0,0,1,1,1,1,1,1,0,1,0,1,1,1
PB01477,Rupnagar,Pharmaceutical,366.94,10,32.6,1889.3,0.5,1,0,0,1,1,1,1,1,1,0,0,0,1,1,1
PB01478,Rupnagar,Rice Milling,192.09,3,2.0,605.3,9.7,0,1,0,1,1,0,0,1,1,0,1,1,1,0,1
PB01479,Mohali,Steel Rolling,780.07,22,118.3,2792.4,14.4,0,0,0,1,1,1,1,1,0,0,0,0,0,1,1
PB01480,Fatehgarh Sahib,Engineering/Metal Fabrication,468.82,33,58.4,50.0,13.8,0,0,0,1,1,1,1,1,0,0,0,0,0,1,0
PB01481,Jalandhar,Furniture/Wood,1307.45,52,195.7,3762.0,4.9,0,0,0,1,1,1,1,1,0,0,0,0,0,1,1
PB01482,Mohali (SAS Nagar),Beverages,2615.62,51,404.2,7528.0,30.7,0,1,0,1,1,1,1,1,1,1,1,1,0,1,1
PB01483,Hoshiarpur,Pharmaceutical,390.46,51,62.8,876.5,22.8,1,0,0,1,1,1,1,1,1,0,0,0,1,1,1
PB01484,Hoshiarpur,Food Processing,283.38,8,47.6,292.9,7.0,0,1,0,1,1,0,1,1,0,0,1,1,0,1,1
PB01485,Mohali,Rice Milling,1581.56,86,249.1,4450.2,20.3,0,1,0,1,1,1,1,1,1,0,1,1,0,1,1
PB01486,Rupnagar,Pharmaceutical,362.04,51,66.1,527.9,17.2,1,0,0,1,1,1,1,1,1,0,0,0,1,1,1
PB01487,Mohali (SAS Nagar),Cement,296.42,27,43.7,490.9,0.5,0,0,0,1,1,1,1,1,0,0,0,0,0,1,1
PB01488,Fatehgarh Sahib,Leather Products,63.16,26,19.0,50.0,21.8,1,0,0,1,1,1,1,1,1,0,0,0,0,0,0
PB01489,Sangrur,Beverages,183.52,6,22.2,50.0,18.8,0,1,0,1,1,0,1,1,1,0,1,1,0,0,0
PB01490,Ludhiana,Chemical,1358.26,10,190.1,3145.0,13.9,1,1,0,1,1,1,1,1,1,1,0,1,1,1,1
PB01491,Ludhiana,Electronics,447.93,14,80.8,1619.9,0.5,0,0,0,1,1,1,1,1,0,0,0,0,0,0,1
PB01492,Mohali (SAS Nagar),Textile Dyeing,162.97,20,14.5,882.3,24.7,0,0,0,1,1,1,1,1,1,0,0,0,0,0,1
PB01493,Ludhiana,Pharmaceutical,50.11,14,25.4,538.4,23.0,1,0,0,1,1,1,1,1,1,0,0,0,0,1,1
PB01494,Mohali,Chemical,254.01,37,56.0,823.6,8.0,1,0,0,1,1,1,1,1,1,0,0,0,1,1,1
PB01495,Patiala,Furniture/Wood,474.06,8,75.0,1816.4,0.5,0,0,0,1,1,0,1,1,0,0,0,0,0,1,1
PB01496,Jalandhar,Steel Rolling,119.42,19,20.4,50.0,9.5,0,0,0,1,1,1,1,1,0,0,0,0,0,0,0
PB01497,Mohali,Auto Components,256.02,54,53.7,753.2,13.0,0,0,0,1,1,1,1,1,0,0,0,0,0,1,1
PB01498,Mohali,Electronics,722.82,28,113.4,2138.7,9.7,0,0,0,1,1,1,1,1,0,0,0,0,0,1,1
PB01499,Moga,Food Processing,407.3,8,39.2,1128.5,10.2,0,0,0,1,1,0,0,1,0,0,1,0,0,1,1
PB01500,Mohali (SAS Nagar),Cement,397.39,18,75.0,1281.5,0.5,0,0,0,1,1,1,1,1,0,0,0,0,0,1,1
PB01501,Hoshiarpur,Furniture/Wood,1160.91,19,166.3,3347.6,16.0,0,0,0,1,1,0,1,1,1,0,0,0,0,1,1
PB01502,Moga,Furniture/Wood,403.07,6,72.4,1103.0,0.5,0,0,0,1,1,0,1,1,0,0,0,0,0,1,1
PB01503,Bathinda,Electronics,1583.06,4,221.4,4366.4,10.6,0,0,0,1,1,0,0,1,0,0,0,0,0,1,0
PB01504,Moga,Rice Milling,69.1,9,32.6,114.3,17.3,0,0,0,1,1,0,1,0,1,0,1,0,0,1,0
PB01505,Sangrur,Engineering/Metal Fabrication,94.37,12,19.8,50.0,0.5,0,0,0,1,1,0,1,0,0,0,0,0,0,0,0
PB01506,Moga,Textile Dyeing,350.54,21,56.5,365.0,23.6,0,1,0,1,1,1,1,1,1,0,0,1,0,1,1
PB01507,Moga,Electronics,2258.38,28,367.7,6686.0,7.4,0,0,0,1,1,1,1,1,0,1,0,0,0,1,0
PB01508,Amritsar,Auto Components,289.55,11,42.3,670.6,0.5,0,0,0,1,1,1,1,1,1,0,0,0,0,1,1
PB01509,Hoshiarpur,Food Processing,1079.47,31,182.8,3534.0,9.8,0,1,0,1,1,1,1,1,0,0,1,1,0,1,1
PB01510,Amritsar,Agro-based,30.75,19,17.2,187.7,14.5,0,0,0,1,1,1,1,1,0,0,0,0,0,0,1
PB01511,Ludhiana,Paper & Pulp,1165.78,20,176.9,3093.6,12.4,0,0,0,1,1,1,1,1,1,1,0,0,0,1,1
PB01512,Amritsar,Paper & Pulp,1167.19,27,193.4,2872.7,28.8,0,1,0,1,1,1,1,1,1,1,0,1,0,1,1
PB01513,Bathinda,Cement,222.09,11,62.2,630.3,0.5,0,0,0,1,1,1,1,1,0,0,0,0,0,1,1
PB01514,Amritsar,Electronics,534.26,8,90.4,2003.0,14.3,1,0,0,1,1,0,1,1,1,0,0,0,1,1,1
PB01515,Moga,Engineering/Metal Fabrication,431.57,2,81.2,1685.5,7.3,0,0,0,1,1,0,0,1,0,0,0,0,0,1,1
PB01516,Amritsar,Agro-based,683.53,19,89.0,1900.1,0.6,0,0,0,1,1,1,1,1,0,0,0,0,0,1,1
PB01517,Bathinda,Textile,1022.29,16,121.1,3260.0,4.6,0,0,0,1,1,1,1,1,1,0,0,0,0,1,1
PB01518,Mohali,Pharmaceutical,339.63,2,59.9,2312.5,30.9,1,0,0,1,1,0,0,1,1,0,0,0,1,1,1
PB01519,Rupnagar,IT/Software Services,1119.4,11,180.8,3969.4,8.2,0,0,1,1,1,0,1,1,0,0,0,0,1,1,1
PB01520,Mohali (SAS Nagar),Leather Products,870.9,25,151.5,2849.2,15.7,1,0,0,1,1,1,1,1,1,0,0,0,1,1,1
PB01521,Amritsar,Rice Milling,1632.13,46,265.4,4695.0,14.7,0,0,0,1,1,1,1,1,1,0,1,0,0,1,1
PB01522,Mohali (SAS Nagar),Rice Milling,2441.35,22,414.6,7166.6,23.6,0,1,0,1,1,1,1,1,1,1,1,1,0,1,1
PB01523,Moga,Textile Dyeing,136.24,16,46.8,486.5,7.9,0,0,0,1,1,1,1,1,1,0,0,0,0,1,1
PB01524,Moga,Plastic Products,101.83,78,40.8,50.0,0.5,1,0,0,1,1,1,1,1,1,0,0,0,1,1,0
PB01525,Hoshiarpur,Auto Components,335.58,83,40.5,1018.9,0.5,0,0,0,1,1,1,1,1,0,1,0,0,0,1,1
PB01526,Patiala,Leather Products,95.25,84,2.3,814.8,22.8,1,0,0,1,1,1,1,1,1,0,0,0,0,0,1
PB01527,Mohali (SAS Nagar),Cement,4519.08,16,663.6,13614.8,0.5,0,0,0,1,1,1,1,1,0,1,0,0,0,1,1
PB01528,Patiala,Furniture/Wood,84.71,10,2.0,220.1,9.5,0,0,0,1,1,0,1,0,0,0,0,0,0,0,1
PB01529,Fatehgarh Sahib,Furniture/Wood,471.05,19,59.3,1885.3,18.6,0,0,0,1,1,1,1,1,1,0,0,0,0,1,1
PB01530,Sangrur,Chemical,202.16,7,31.3,1014.9,21.3,1,1,0,1,1,0,1,1,1,0,0,1,1,1,1
PB01531,Mohali,Chemical,296.97,16,45.5,1527.6,19.8,1,1,0,1,1,1,1,1,1,0,0,1,1,1,1
PB01532,Jalandhar,Paper & Pulp,380.35,34,62.1,408.1,15.7,0,1,0,1,1,1,1,1,1,0,0,1,0,1,1
PB01533,Amritsar,Agro-based,967.46,6,139.6,3272.8,0.5,0,0,0,1,1,0,1,1,0,0,0,0,0,1,1
PB01534,Mohali (SAS Nagar),Textile,1242.65,27,167.9,3489.2,5.4,0,0,0,1,1,1,1,1,0,0,0,0,1,1,1
PB01535,Rupnagar,IT/Software Services,90.62,75,31.3,50.0,3.7,1,0,1,1,0,0,1,1,1,0,0,0,0,1,0
PB01536,Fatehgarh Sahib,Textile,284.57,18,59.9,875.3,5.4,0,0,0,1,1,1,1,1,0,0,0,0,0,1,1
PB01537,Bathinda,Chemical,4736.74,14,675.2,13705.1,25.6,1,1,0,1,1,1,0,1,1,1,0,1,1,1,1
PB01538,Rupnagar,Cement,182.24,21,52.5,676.0,0.5,0,0,0,1,1,1,1,1,0,0,0,0,0,1,1
PB01539,Amritsar,Plastic Products,557.2,9,90.0,1820.2,13.4,1,0,0,1,1,0,1,1,1,0,0,0,1,1,1
PB01540,Mohali,Pharmaceutical,657.84,22,90.7,2244.5,17.1,1,0,0,1,1,1,1,1,1,1,0,0,1,1,1
PB01541,Jalandhar,Textile Dyeing,1475.27,25,206.6,4924.5,18.3,0,0,0,1,1,1,0,1,1,0,0,0,0,1,1
PB01542,Bathinda,Leather Products,280.37,9,47.5,928.8,26.4,1,0,0,1,1,0,1,1,1,0,0,0,1,1,1
PB01543,Hoshiarpur,Textile,410.85,18,58.7,1157.3,9.4,0,0,0,1,1,1,1,1,0,0,0,0,0,1,1
PB01544,Hoshiarpur,Pharmaceutical,120.48,11,2.0,137.7,11.5,1,0,0,1,1,0,1,1,1,0,0,0,1,0,0
PB01545,Amritsar,Textile Dyeing,206.19,14,61.6,826.3,8.4,0,1,0,1,0,1,1,1,1,0,0,1,0,1,1
PB01546,Jalandhar,Auto Components,53.83,3,12.2,818.2,21.7,0,0,0,1,1,0,0,1,1,0,0,0,0,0,1
PB01547,Bathinda,IT/Software Services,658.78,18,110.7,2089.6,14.4,0,0,1,1,1,0,1,1,0,0,0,0,0,1,1
PB01548,Mohali (SAS Nagar),Steel Rolling,517.17,12,76.7,1537.0,1.2,0,0,0,1,1,1,1,1,0,0,0,0,0,1,1
PB01549,Fatehgarh Sahib,Textile Dyeing,69.96,7,13.2,450.5,30.1,0,1,0,1,1,0,1,1,1,0,0,1,0,0,1
PB01550,Amritsar,Pharmaceutical,229.2,44,40.6,1019.4,15.5,1,0,0,1,1,1,1,1,1,0,0,0,1,1,1
PB01551,Fatehgarh Sahib,Engineering/Metal Fabrication,208.78,23,27.1,1079.8,0.5,0,0,0,1,1,1,1,1,0,0,0,0,0,1,0
PB01552,Rupnagar,Paper & Pulp,649.92,5,95.8,2365.8,22.0,0,0,0,1,1,0,1,1,1,1,0,0,0,1,1
PB01553,Jalandhar,Electronics,61.2,20,6.6,643.7,4.6,1,0,0,1,1,1,1,1,1,0,0,0,0,1,1
PB01554,Jalandhar,Textile,2061.02,155,318.2,5682.9,0.6,0,0,0,1,1,1,1,1,0,1,0,0,0,1,1
PB01555,Amritsar,Chemical,87.56,36,2.0,566.8,17.6,1,0,0,1,1,1,1,1,1,0,0,0,0,0,1
PB01556,Rupnagar,Rice Milling,515.53,2,99.9,1601.6,10.9,0,0,0,1,1,0,0,1,1,0,1,0,0,1,1
PB01557,Moga,Paper & Pulp,2895.98,26,423.8,8270.3,2.9,0,1,0,1,1,1,1,1,1,1,0,1,0,1,1
PB01558,Fatehgarh Sahib,Rice Milling,284.82,11,37.6,50.0,6.1,0,0,0,1,1,1,1,1,1,0,1,0,0,1,0
PB01559,Jalandhar,Textile,644.93,29,97.5,2340.3,0.5,1,0,0,1,1,1,1,0,1,0,0,0,1,1,0
PB01560,Mohali,Chemical,2008.27,6,285.6,5771.5,18.4,1,0,0,1,1,0,1,1,1,1,0,0,1,1,1
PB01561,Jalandhar,Electronics,771.9,31,109.7,2697.0,0.5,0,0,0,1,1,1,1,1,0,0,0,0,0,1,1
PB01562,Fatehgarh Sahib,Chemical,91.84,11,2.0,282.5,15.5,1,1,0,1,1,0,1,1,1,0,0,1,0,0,1
PB01563,Patiala,Textile,127.62,23,2.0,50.0,0.5,0,0,0,1,1,1,1,1,0,0,0,0,0,0,0
PB01564,Fatehgarh Sahib,Steel Rolling,4209.13,25,608.1,12027.2,6.0,0,0,0,1,1,1,1,1,0,1,0,0,0,1,1
PB01565,Mohali,Plastic Products,804.06,8,113.3,1338.3,13.2,1,0,0,1,1,0,1,1,1,0,0,0,1,1,1
PB01566,Amritsar,Electronics,122.11,210,8.9,50.0,2.3,0,0,0,1,1,1,1,1,0,0,0,0,0,0,0
PB01567,Moga,Agro-based,1874.31,46,297.8,5927.8,16.9,0,0,0,1,1,1,1,1,1,0,0,0,0,1,1
PB01568,Bathinda,Chemical,211.77,19,72.3,938.5,8.5,1,0,0,1,1,1,1,1,1,0,0,0,1,1,1
PB01569,Sangrur,Food Processing,405.03,42,55.8,1111.0,6.5,0,1,0,1,1,0,1,1,0,0,1,1,0,1,1
PB01570,Moga,Pharmaceutical,6000.0,19,909.5,17285.6,21.3,1,0,0,1,1,1,1,1,1,1,0,0,1,1,1
PB01571,Amritsar,Chemical,217.74,51,2.0,178.6,19.2,1,1,0,1,1,1,0,1,1,0,0,1,1,0,1
PB01572,Sangrur,Leather Products,44.98,19,14.6,736.7,27.4,1,0,0,1,1,1,1,1,1,0,0,0,0,0,1
PB01573,Jalandhar,Textile Dyeing,345.95,7,16.8,1308.2,14.7,0,0,0,1,1,0,1,1,1,0,0,0,0,0,1
PB01574,Moga,IT/Software Services,59.96,3,13.5,50.0,4.3,0,0,1,1,1,0,0,0,0,0,0,0,0,0,0
PB01575,Rupnagar,IT/Software Services,30.47,5,29.3,290.2,8.7,0,0,1,1,1,0,1,0,0,0,0,0,0,1,1
PB01576,Sangrur,Paper & Pulp,1123.24,5,184.8,3599.0,21.7,0,1,0,1,1,0,1,1,1,0,0,1,0,1,1
PB01577,Moga,Plastic Products,1112.18,43,161.7,4124.6,3.9,1,0,0,1,1,1,1,1,1,0,0,0,1,1,1
PB01578,Moga,Chemical,96.49,12,41.1,50.0,33.4,1,1,0,1,1,1,1,1,1,0,0,1,0,1,0
PB01579,Fatehgarh Sahib,Textile Dyeing,392.43,17,54.2,1028.6,19.8,0,0,0,1,1,1,1,1,1,0,0,0,0,1,1
PB01580,Ludhiana,Electronics,1964.75,12,290.3,5195.9,6.6,0,0,0,1,1,1,1,1,0,0,0,0,0,1,1
PB01581,Mohali,Textile Dyeing,7.24,10,2.0,50.0,18.8,0,1,0,1,1,0,1,1,1,0,0,1,0,0,0
PB01582,Rupnagar,Textile,595.53,158,88.6,1358.9,9.9,0,0,0,1,1,1,1,1,0,0,0,0,0,1,1
PB01583,Mohali (SAS Nagar),Paper & Pulp,201.33,35,38.4,1191.9,16.6,0,0,0,1,1,1,1,1,1,0,0,0,0,1,1
PB01584,Patiala,Cement,354.85,8,58.1,1334.4,0.5,0,0,0,1,1,0,1,1,0,0,0,0,0,1,1
PB01585,Rupnagar,Leather Products,83.3,56,2.0,942.5,26.0,1,0,0,1,1,1,1,1,1,0,0,0,0,0,1
PB01586,Jalandhar,Plastic Products,283.45,2,19.9,1099.9,10.4,1,0,0,1,1,0,0,1,1,0,0,0,1,0,1
PB01587,Mohali (SAS Nagar),Textile,2281.91,19,345.5,6468.7,22.3,0,0,0,1,1,1,1,1,1,1,0,0,0,1,1
PB01588,Ludhiana,Furniture/Wood,1199.78,11,159.8,3364.7,8.7,0,0,0,1,1,1,0,1,0,0,0,0,0,1,1
PB01589,Sangrur,Paper & Pulp,32.07,35,41.0,50.0,12.5,0,0,0,1,1,1,1,1,1,0,0,0,0,1,0
PB01590,Rupnagar,Textile,655.22,26,135.4,1429.1,6.9,0,0,0,1,1,1,1,1,0,0,0,0,0,1,1
PB01591,Mohali,Leather Products,910.65,43,123.8,3144.6,18.5,1,0,0,1,1,0,1,1,1,0,0,0,1,1,0
PB01592,Bathinda,Electronics,1444.31,52,189.5,3494.3,7.3,0,0,0,1,1,1,1,1,0,0,0,0,0,1,1
PB01593,Rupnagar,Rice Milling,93.06,30,2.0,50.0,31.3,0,0,0,1,1,1,1,1,1,0,1,0,0,0,0
PB01594,Moga,IT/Software Services,316.12,60,77.7,1393.6,12.6,0,0,1,1,1,0,1,1,0,0,0,0,0,1,1
PB01595,Ludhiana,Agro-based,1242.68,55,209.6,4410.8,1.0,0,0,0,1,1,1,1,1,0,0,0,0,0,1,1
PB01596,Bathinda,Textile,262.66,2,21.9,670.4,11.1,0,0,0,1,1,0,0,1,0,0,0,0,0,0,1
PB01597,Rupnagar,Textile,572.58,4,76.4,1888.3,0.7,1,0,0,1,1,0,0,1,1,0,0,0,1,1,1
PB01598,Mohali,Cement,2432.27,144,386.4,7730.4,7.0,0,0,0,1,1,1,1,1,0,1,0,0,0,1,1
PB01599,Ludhiana,Food Processing,1220.17,23,146.9,3139.6,0.5,0,1,0,1,1,1,1,1,0,0,1,1,0,1,1
PB01600,Mohali,Electronics,2608.3,6,381.6,7504.8,3.6,0,0,0,1,1,0,1,1,0,1,0,0,0,0,1
PB01601,Hoshiarpur,Pharmaceutical,617.98,34,84.4,1640.5,28.6,1,0,0,1,1,1,1,1,1,1,0,0,1,1,1
PB01602,Mohali (SAS Nagar),Pharmaceutical,817.37,18,94.8,1543.2,33.8,1,0,0,1,1,1,1,1,1,1,0,0,1,1,1
PB01603,Patiala,Food Processing,843.68,1,146.9,2019.5,0.5,0,1,0,1,1,0,0,1,0,0,1,1,0,1,1
PB01604,Ludhiana,Agro-based,6000.0,27,925.8,19035.5,13.6,0,0,0,1,1,1,1,1,0,1,0,0,0,1,1
PB01605,Amritsar,Food Processing,2562.92,64,383.0,8139.9,2.6,0,1,0,1,1,1,1,1,0,1,1,1,0,1,1
PB01606,Mohali (SAS Nagar),Agro-based,379.98,13,44.7,1198.7,0.5,0,0,0,1,1,1,1,0,0,0,0,0,0,1,1
PB01607,Ludhiana,Pharmaceutical,1287.41,148,184.4,3685.9,13.8,1,0,0,1,1,1,1,1,1,1,0,0,1,1,1
PB01608,Mohali (SAS Nagar),Paper & Pulp,1391.73,55,212.3,3870.6,2.2,0,0,0,1,1,1,1,1,1,1,0,0,1,1,1
PB01609,Sangrur,Rice Milling,189.8,54,2.0,834.2,15.7,0,1,0,1,1,1,1,1,1,0,1,1,0,0,1
PB01610,Rupnagar,Chemical,155.64,31,47.1,401.1,20.0,1,1,0,1,1,1,1,1,1,0,0,1,1,1,1
PB01611,Hoshiarpur,Pharmaceutical,255.25,2,52.6,704.3,17.8,1,0,0,1,1,0,0,1,1,0,0,0,1,1,1
PB01612,Moga,Beverages,300.2,11,43.5,724.9,23.0,0,1,0,1,1,1,1,1,1,0,1,1,0,1,1
PB01613,Bathinda,Textile,358.89,19,40.5,747.8,6.2,0,0,0,1,1,1,1,1,0,0,0,0,0,1,1
PB01614,Mohali (SAS Nagar),Food Processing,477.68,118,78.5,1316.2,12.8,0,1,0,1,0,1,1,1,0,0,1,1,0,1,1
PB01615,Moga,Furniture/Wood,810.85,17,137.1,2973.5,0.5,0,0,0,1,1,1,1,1,0,0,0,0,0,1,1
PB01616,Sangrur,Textile Dyeing,197.27,6,27.4,292.9,19.4,0,0,0,1,1,0,1,0,1,0,0,0,0,1,1
PB01617,Mohali (SAS Nagar),Furniture/Wood,217.62,6,2.0,856.6,0.5,0,0,0,1,1,0,1,1,0,0,0,0,0,0,1
PB01618,Patiala,IT/Software Services,299.23,11,29.8,878.4,0.5,0,0,1,1,1,0,1,1,0,0,0,0,0,0,1
PB01619,Moga,Chemical,444.74,26,68.0,718.0,16.1,1,1,0,1,1,1,1,1,1,0,0,1,1,1,1
PB01620,Patiala,Food Processing,27.5,32,2.0,441.3,0.5,0,1,0,1,1,0,1,0,0,0,1,1,0,0,1
PB01621,Patiala,Auto Components,418.08,13,69.4,1015.8,11.7,0,0,0,1,1,1,1,1,1,0,0,0,0,1,1
PB01622,Patiala,Agro-based,111.79,19,4.6,361.0,3.8,0,0,0,1,0,0,1,1,0,0,0,0,0,0,1
PB01623,Mohali,Textile Dyeing,423.43,4,80.4,2243.6,31.3,1,1,0,1,1,1,0,1,1,0,0,1,1,1,1
PB01624,Bathinda,Steel Rolling,93.36,2,2.0,299.4,0.5,0,0,0,1,1,0,0,0,0,0,0,0,0,0,1
PB01625,Mohali,Plastic Products,533.78,9,113.6,2173.4,13.7,1,0,0,1,1,0,1,1,1,0,0,0,1,1,1
PB01626,Ludhiana,Cement,966.35,2,130.2,3052.3,2.6,0,0,0,1,1,1,0,1,0,1,0,0,0,1,1
PB01627,Moga,Textile,582.04,72,66.3,2996.4,13.0,0,0,0,1,1,1,1,1,0,0,0,0,0,1,1
PB01628,Patiala,Textile Dyeing,1474.32,58,280.0,4243.3,6.2,1,1,0,1,1,1,1,1,1,0,0,1,0,1,1
PB01629,Mohali,Steel Rolling,526.08,4,100.1,1632.1,4.2,0,0,0,1,0,0,0,1,0,0,0,0,0,1,1
PB01630,Hoshiarpur,Textile,208.48,6,2.0,1536.4,0.5,0,0,0,1,1,0,1,1,1,0,0,0,0,0,1
PB01631,Mohali,Furniture/Wood,133.95,32,51.3,50.0,0.5,0,0,0,1,1,1,1,1,0,0,0,0,0,1,0
PB01632,Jalandhar,Textile Dyeing,250.73,92,67.4,1001.3,28.3,0,1,0,1,0,1,1,1,1,0,0,1,0,1,1
PB01633,Mohali,Leather Products,330.09,3,13.7,565.7,19.7,1,0,0,1,1,0,0,1,1,0,0,0,1,0,1
PB01634,Patiala,Furniture/Wood,138.3,49,2.0,983.8,6.0,0,0,0,1,1,1,1,1,0,0,0,0,0,0,1
PB01635,Mohali,Rice Milling,443.45,104,60.0,2412.0,23.8,0,1,0,1,1,1,1,1,1,0,1,1,0,1,1
PB01636,Ludhiana,IT/Software Services,192.99,46,28.5,688.0,12.1,0,0,1,1,1,0,0,1,0,0,0,0,0,1,1
PB01637,Sangrur,Plastic Products,719.03,3,86.0,2173.7,12.8,1,0,0,1,0,0,0,1,1,0,0,0,1,1,1
PB01638,Mohali,Agro-based,145.01,5,2.0,422.6,5.7,0,0,0,1,1,0,1,1,0,0,0,0,0,0,1
PB01639,Moga,Paper & Pulp,154.43,11,31.6,173.6,16.5,0,1,0,1,1,1,1,1,1,0,0,1,0,1,1
PB01640,Sangrur,Chemical,196.91,7,52.8,1410.7,12.3,1,1,0,1,1,0,1,1,1,0,0,1,1,1,1
PB01641,Amritsar,Auto Components,734.73,25,144.0,1603.1,12.6,0,0,0,1,1,1,1,1,0,0,0,0,0,1,1
PB01642,Hoshiarpur,Leather Products,143.4,19,18.9,669.1,15.9,1,0,0,1,1,1,1,1,1,0,0,0,1,0,1
PB01643,Jalandhar,Electronics,902.25,10,118.3,2075.8,5.3,0,0,0,1,1,1,1,1,0,0,0,0,0,1,1
PB01644,Moga,Paper & Pulp,84.31,24,17.4,944.1,29.0,0,1,0,1,1,1,1,1,1,0,0,1,0,0,1
PB01645,Mohali (SAS Nagar),Steel Rolling,413.73,38,71.0,906.5,6.1,0,0,0,1,1,1,1,1,0,0,0,0,0,1,1
PB01646,Ludhiana,Food Processing,344.74,27,64.0,1112.3,5.1,0,1,0,1,1,1,1,1,0,0,1,1,0,1,1
PB01647,Jalandhar,Beverages,207.9,15,9.8,215.5,6.2,0,1,0,1,1,1,1,1,1,0,1,1,0,0,1
PB01648,Moga,Engineering/Metal Fabrication,165.63,22,41.2,1367.7,9.1,0,0,0,1,1,1,1,1,0,0,0,0,0,1,1
PB01649,Mohali (SAS Nagar),Beverages,1787.77,35,267.8,4588.4,15.5,0,1,0,1,1,1,1,1,1,0,1,1,0,1,1
PB01650,Rupnagar,Plastic Products,381.46,48,74.1,1158.4,18.6,1,0,0,1,0,1,1,1,1,0,0,0,1,1,1
PB01651,Amritsar,Cement,255.37,13,20.7,523.5,11.5,0,0,0,1,1,1,1,1,0,0,0,0,0,0,1
PB01652,Bathinda,Agro-based,729.97,84,92.8,2134.5,3.9,0,0,0,1,1,1,1,1,0,0,0,0,0,1,1
PB01653,Hoshiarpur,Plastic Products,145.59,13,7.0,50.0,3.4,1,0,0,1,1,1,1,1,1,0,0,0,1,0,0
PB01654,Moga,Engineering/Metal Fabrication,234.76,10,29.5,344.4,8.2,0,0,0,1,1,1,1,1,0,0,0,0,1,1,1
PB01655,Ludhiana,Rice Milling,156.51,10,52.2,409.6,25.5,0,1,0,1,1,1,1,1,1,0,1,1,0,1,1
PB01656,Rupnagar,Plastic Products,299.94,31,34.2,285.3,2.5,1,0,0,1,1,1,1,1,1,0,0,0,1,1,1
PB01657,Ludhiana,Food Processing,138.7,17,13.2,50.0,16.0,0,1,0,1,0,1,1,1,1,0,1,1,0,0,0
PB01658,Bathinda,Electronics,718.24,45,112.8,1786.4,4.7,0,0,0,1,1,1,1,1,1,0,0,0,0,1,1
PB01659,Jalandhar,Furniture/Wood,3567.52,40,533.6,10621.0,2.0,0,0,0,1,1,1,1,1,0,1,0,0,0,1,1
PB01660,Ludhiana,Agro-based,85.44,24,25.8,425.6,0.5,0,0,0,1,1,1,1,1,0,0,0,0,0,1,1
PB01661,Jalandhar,Leather Products,379.54,12,72.0,475.2,24.2,1,0,0,1,1,1,1,1,1,0,0,0,1,1,1
PB01662,Bathinda,Electronics,383.46,7,86.2,1297.9,0.5,0,0,0,1,1,0,1,1,0,0,0,0,0,1,1
PB01663,Bathinda,Agro-based,261.57,35,32.9,618.2,7.6,0,0,0,1,1,1,1,1,0,0,0,0,0,1,1
PB01664,Moga,Food Processing,970.65,23,146.9,3576.1,7.8,0,1,0,1,1,1,1,1,0,0,1,1,0,1,1
PB01665,Patiala,Electronics,1300.3,11,155.4,3719.0,0.5,0,0,0,1,1,1,1,1,0,0,0,0,0,1,1
PB01666,Amritsar,IT/Software Services,637.3,18,117.9,2496.7,7.1,0,0,1,1,1,0,1,1,0,0,0,0,0,1,1
PB01667,Rupnagar,Chemical,2522.25,46,378.7,8346.4,15.9,1,1,0,1,1,1,1,1,1,1,0,1,1,1,1
PB01668,Sangrur,Textile Dyeing,109.73,75,35.8,50.0,24.2,0,1,0,1,1,1,1,1,1,0,0,1,0,1,0
PB01669,Patiala,Furniture/Wood,264.29,37,36.1,50.0,10.3,0,0,0,1,1,1,1,1,0,0,0,0,0,1,0
PB01670,Jalandhar,Plastic Products,225.77,6,2.0,122.8,0.5,1,0,0,1,1,0,1,1,1,0,0,0,1,0,0
PB01671,Moga,Rice Milling,1561.31,9,203.2,5335.4,24.0,0,1,0,1,1,0,1,1,1,0,1,1,0,1,1
PB01672,Hoshiarpur,Auto Components,112.26,8,15.3,50.0,4.6,0,0,0,1,1,0,1,0,0,0,0,0,0,1,0
PB01673,Hoshiarpur,IT/Software Services,194.5,6,30.0,384.6,0.5,0,0,1,1,1,0,1,1,0,0,0,0,0,1,1
PB01674,Sangrur,Steel Rolling,792.9,36,111.6,1991.6,1.3,0,0,0,1,1,1,1,1,0,0,0,0,0,1,1
PB01675,Patiala,Rice Milling,314.25,15,23.6,1301.2,18.9,0,1,0,1,1,0,1,1,1,0,1,1,0,0,1
PB01676,Bathinda,Textile,539.69,46,57.7,1720.1,0.5,0,0,0,1,1,1,1,1,0,0,0,0,0,1,1
PB01677,Bathinda,Furniture/Wood,164.0,19,39.5,259.3,0.5,0,0,0,1,1,1,1,1,0,0,0,0,0,1,1
PB01678,Moga,Engineering/Metal Fabrication,235.92,10,4.5,1045.6,14.1,0,0,0,1,1,0,1,1,0,0,0,0,0,0,1
PB01679,Amritsar,Electronics,272.48,84,6.4,1910.1,6.2,0,0,0,1,1,1,1,1,0,0,0,0,0,0,1
PB01680,Hoshiarpur,Cement,1161.69,20,174.1,3038.3,3.3,0,0,0,1,1,1,1,0,0,1,0,0,0,1,1
PB01681,Patiala,Paper & Pulp,2562.58,18,340.3,8118.4,29.6,0,1,0,1,1,1,1,1,1,0,0,1,0,1,1
PB01682,Mohali,Rice Milling,314.14,38,74.1,1908.4,12.0,0,0,0,1,1,1,0,1,1,0,1,0,0,1,0
PB01683,Sangrur,Food Processing,148.47,12,34.1,489.5,20.3,0,0,0,1,1,1,1,1,1,0,1,0,0,1,1
PB01684,Rupnagar,Electronics,651.18,13,104.0,2371.2,0.5,0,0,0,1,0,1,1,1,0,0,0,0,0,1,1
PB01685,Fatehgarh Sahib,Textile,384.7,22,38.1,493.8,10.9,0,0,0,1,1,1,1,1,0,0,0,0,0,1,1
PB01686,Rupnagar,Electronics,418.27,2,72.5,848.2,1.9,0,0,0,1,1,0,0,1,0,0,0,0,0,1,1
PB01687,Patiala,Electronics,1185.71,47,187.7,3232.0,18.3,0,0,0,1,1,1,1,1,1,0,0,0,0,0,1
PB01688,Hoshiarpur,Textile Dyeing,36.19,13,2.0,818.8,32.1,0,1,0,1,1,0,1,1,1,0,0,1,0,1,1
PB01689,Bathinda,Paper & Pulp,829.21,74,80.0,2448.9,12.2,0,1,0,1,1,1,1,1,1,0,0,1,0,1,1
PB01690,Mohali,Leather Products,78.3,22,38.1,50.0,32.7,1,0,0,1,1,1,1,1,1,0,0,0,0,1,0
PB01691,Amritsar,Engineering/Metal Fabrication,200.88,24,19.4,583.2,1.5,0,0,0,1,1,1,1,1,0,0,0,0,0,0,1
PB01692,Moga,Engineering/Metal Fabrication,485.57,14,74.5,2201.0,6.4,0,0,0,1,0,1,1,1,0,0,0,0,0,1,1
PB01693,Moga,Rice Milling,1253.84,27,178.1,3967.5,13.8,0,0,0,1,1,1,1,1,1,0,1,0,0,1,1
PB01694,Ludhiana,Engineering/Metal Fabrication,153.24,25,42.4,50.0,3.4,0,0,0,1,1,1,1,1,0,0,0,0,0,0,0
PB01695,Fatehgarh Sahib,Textile,591.44,19,47.0,2838.6,0.5,0,0,0,1,1,1,1,1,0,0,0,0,0,1,1
PB01696,Ludhiana,Engineering/Metal Fabrication,718.11,5,133.8,2790.1,7.7,0,0,0,1,1,0,1,1,0,0,0,0,0,1,1
PB01697,Fatehgarh Sahib,Auto Components,125.7,11,35.8,629.4,0.5,0,0,0,1,1,1,1,1,0,0,0,0,1,1,1
PB01698,Jalandhar,Paper & Pulp,210.06,14,34.3,833.5,18.6,0,0,0,1,1,1,1,1,1,0,0,0,0,1,1
PB01699,Rupnagar,Chemical,1118.86,13,183.3,3607.8,29.4,1,1,0,1,1,1,0,1,1,1,0,1,1,1,1
PB01700,Moga,Furniture/Wood,233.68,19,23.7,767.9,0.5,0,0,0,1,1,1,1,1,0,0,0,0,0,0,1
PB01701,Amritsar,Pharmaceutical,189.7,21,29.3,364.4,19.9,1,0,0,1,1,1,1,1,1,0,0,0,1,1,1
PB01702,Patiala,Steel Rolling,2805.87,26,423.9,8363.0,2.4,0,0,0,1,1,1,1,1,0,1,0,0,0,1,0
PB01703,Ludhiana,Agro-based,339.73,28,35.5,653.7,0.5,0,0,0,1,1,1,1,1,0,0,0,0,0,1,1
PB01704,Ludhiana,Auto Components,389.25,18,49.4,838.0,0.8,0,0,0,1,1,1,1,1,0,0,0,0,0,1,1
PB01705,Jalandhar,Steel Rolling,370.09,28,55.3,486.6,0.5,0,0,0,1,1,1,1,1,0,0,0,0,0,1,1
PB01706,Hoshiarpur,Agro-based,91.73,19,38.5,720.0,1.7,0,0,0,1,1,1,1,1,0,0,0,0,0,1,1
PB01707,Rupnagar,Furniture/Wood,142.22,34,9.6,908.4,9.7,0,0,0,1,1,1,1,1,0,0,0,0,0,0,1
PB01708,Moga,Plastic Products,142.77,14,52.1,50.0,6.0,1,0,0,1,1,1,1,1,1,0,0,0,0,1,0
PB01709,Bathinda,Food Processing,155.38,11,2.0,908.1,14.3,0,1,0,1,1,0,1,1,0,0,1,1,0,0,1
PB01710,Sangrur,IT/Software Services,1022.85,17,187.7,2939.5,2.1,0,0,1,1,1,0,1,1,0,0,0,0,0,1,1
PB01711,Patiala,Plastic Products,371.02,14,36.7,1067.3,0.5,1,0,0,1,1,1,1,1,1,0,0,0,1,1,1
PB01712,Ludhiana,Chemical,495.73,70,88.3,2265.5,21.2,1,0,0,1,1,1,1,1,1,0,0,0,1,1,1
PB01713,Bathinda,Cement,444.22,13,57.9,833.2,11.5,0,0,0,1,1,1,1,1,0,0,0,0,0,1,1
PB01714,Hoshiarpur,Cement,20.5,19,15.4,971.0,12.7,0,0,0,1,1,1,1,1,0,0,0,0,0,0,1
PB01715,Patiala,IT/Software Services,99.73,22,11.1,362.8,0.5,0,0,1,1,1,0,1,1,0,0,0,0,0,0,1
PB01716,Sangrur,Plastic Products,1718.67,19,261.1,5183.4,5.7,1,0,0,1,1,1,1,1,1,0,0,0,1,1,1
PB01717,Patiala,Electronics,395.07,2,11.1,1497.5,5.4,1,0,0,1,1,0,0,1,1,0,0,0,1,0,1
PB01718,Rupnagar,Auto Components,40.65,9,12.8,50.0,0.5,0,0,0,1,1,0,1,0,0,0,0,0,0,0,0
PB01719,Moga,Paper & Pulp,93.84,13,13.6,314.7,9.3,0,1,0,1,1,1,1,1,1,0,0,1,0,0,1
PB01720,Mohali,Chemical,180.31,63,41.7,757.9,15.2,1,0,0,1,1,1,1,1,1,0,0,0,1,1,1
PB01721,Mohali (SAS Nagar),Textile,663.12,17,96.2,2903.8,6.2,0,0,0,1,1,1,1,1,0,0,0,0,0,1,1
PB01722,Moga,Agro-based,978.73,59,116.6,2823.9,0.5,0,0,0,1,1,1,1,1,0,0,0,0,0,1,1
PB01723,Bathinda,Plastic Products,2271.0,29,342.2,6751.7,12.8,1,0,0,1,1,1,1,1,1,1,0,0,1,1,1
PB01724,Sangrur,Chemical,207.09,24,61.8,247.7,33.4,1,0,0,1,1,1,1,1,1,0,0,0,1,1,1
PB01725,Sangrur,Textile,529.82,20,73.5,2515.2,0.5,0,0,0,1,1,1,1,1,0,0,0,0,0,1,1
PB01726,Mohali,Pharmaceutical,76.52,17,6.4,772.5,27.9,1,0,0,1,1,1,1,1,1,0,0,0,0,0,1
PB01727,Bathinda,Food Processing,1659.85,6,239.4,5259.0,6.2,0,1,0,1,1,0,1,1,0,0,1,1,0,1,1
PB01728,Mohali,Chemical,602.42,17,102.3,1565.6,25.6,1,1,0,1,1,1,1,1,1,1,0,1,1,1,1
PB01729,Moga,Paper & Pulp,164.39,5,18.1,50.0,18.7,0,1,0,1,1,0,1,1,1,0,0,1,0,0,0
PB01730,Hoshiarpur,Beverages,525.55,9,86.6,1510.2,30.6,0,0,0,1,1,0,1,1,1,0,1,0,0,1,1
PB01731,Patiala,Agro-based,322.07,10,72.9,1386.0,0.9,0,0,0,1,1,1,1,1,0,0,0,0,0,1,1
PB01732,Hoshiarpur,Leather Products,570.45,37,76.2,2319.4,14.0,1,0,0,1,1,1,1,1,1,0,0,0,1,1,1
PB01733,Mohali (SAS Nagar),IT/Software Services,73.09,5,36.0,463.2,0.5,0,0,1,1,1,0,1,1,0,0,0,0,0,1,1
PB01734,Moga,Electronics,57.83,13,11.5,50.0,0.5,0,0,0,1,1,1,1,0,0,0,0,0,0,0,0
PB01735,Fatehgarh Sahib,IT/Software Services,129.8,8,35.7,361.1,9.5,0,0,1,1,1,0,1,1,0,0,0,0,0,1,1
PB01736,Fatehgarh Sahib,Electronics,296.6,32,57.5,770.1,3.8,0,0,0,1,1,1,1,1,0,0,0,0,0,1,1
PB01737,Hoshiarpur,Engineering/Metal Fabrication,669.4,42,108.4,1183.5,6.0,0,0,0,1,1,1,1,1,0,0,0,0,0,1,1
PB01738,Amritsar,Furniture/Wood,190.39,67,43.9,536.9,9.9,0,0,0,1,1,1,1,1,0,0,0,0,0,1,1
PB01739,Fatehgarh Sahib,Furniture/Wood,624.32,23,125.7,1580.5,18.2,0,0,0,1,1,1,1,1,1,0,0,0,0,1,1
PB01740,Amritsar,Textile,270.68,39,21.0,1572.0,0.5,0,0,0,1,1,0,1,1,0,0,0,0,0,0,1
PB01741,Jalandhar,Furniture/Wood,28.16,10,8.8,50.0,13.0,0,0,0,1,1,1,1,0,0,0,0,0,0,0,0
PB01742,Mohali,Beverages,1495.34,83,230.2,4250.2,19.2,0,0,0,1,1,1,1,1,1,0,1,0,0,1,1
PB01743,Hoshiarpur,Pharmaceutical,1212.74,48,175.2,3397.8,19.0,1,0,0,1,0,1,1,1,1,1,0,0,1,1,1
PB01744,Sangrur,Leather Products,555.01,11,83.4,1782.0,17.8,1,0,0,1,1,1,1,1,1,0,0,0,1,1,1
PB01745,Ludhiana,Agro-based,218.05,4,25.4,1119.6,15.1,0,0,0,1,1,0,1,1,1,0,0,0,0,1,1
PB01746,Jalandhar,Food Processing,5903.31,22,868.0,16837.0,10.9,0,1,0,1,1,1,1,1,0,1,1,1,0,1,1
PB01747,Hoshiarpur,Leather Products,381.38,5,73.8,1125.7,36.6,1,0,0,1,1,0,1,0,1,0,0,0,1,1,1
PB01748,Amritsar,Electronics,750.12,5,119.6,1943.2,7.2,0,0,0,1,1,0,1,1,0,0,0,0,0,1,1
PB01749,Amritsar,Furniture/Wood,331.61,30,52.3,160.8,0.5,0,0,0,1,1,1,1,1,0,0,0,0,0,1,1
PB01750,Moga,Cement,151.92,6,31.6,349.6,1.4,1,0,0,1,1,0,1,1,1,0,0,0,1,1,1
PB01751,Mohali,Rice Milling,82.45,14,2.0,62.6,36.5,0,1,0,1,1,0,1,1,0,0,1,1,0,0,0
PB01752,Fatehgarh Sahib,Engineering/Metal Fabrication,837.3,9,154.9,2705.1,0.5,0,0,0,1,0,0,1,1,0,0,0,0,0,1,1
PB01753,Mohali,Furniture/Wood,2829.83,19,408.7,9527.9,2.3,0,0,0,1,1,1,1,1,0,1,0,0,0,1,1
PB01754,Bathinda,Chemical,164.86,3,8.3,50.0,22.3,1,0,0,1,1,0,0,1,1,0,0,0,1,0,0
PB01755,Sangrur,Beverages,755.67,11,135.7,1856.1,26.0,0,1,0,1,1,1,1,1,1,1,1,1,0,1,1
PB01756,Amritsar,Engineering/Metal Fabrication,3372.62,5,481.7,9750.5,11.5,0,0,0,1,1,0,1,1,0,1,0,0,0,1,1
PB01757,Ludhiana,Plastic Products,802.3,11,134.4,2967.8,0.5,1,0,0,1,1,1,1,1,1,0,0,0,1,1,1
PB01758,Fatehgarh Sahib,Food Processing,304.06,32,63.0,384.9,0.5,0,1,0,1,1,1,1,1,0,0,1,1,0,1,1
PB01759,Moga,Food Processing,188.3,25,21.8,602.6,13.2,0,1,0,1,1,1,1,1,0,0,1,1,0,0,1
PB01760,Ludhiana,Rice Milling,1099.2,6,175.0,3585.5,20.4,0,1,0,1,1,0,1,1,1,0,1,1,0,1,1
PB01761,Amritsar,Beverages,388.34,41,17.3,488.6,23.4,0,1,0,1,1,1,1,1,1,0,1,1,0,0,1
PB01762,Moga,Beverages,34.65,16,15.0,50.0,12.1,0,1,0,1,1,1,1,1,1,0,1,1,0,0,0
PB01763,Sangrur,Agro-based,366.32,60,61.9,1379.6,0.5,0,0,0,1,1,1,1,1,0,0,0,0,0,1,1
PB01764,Moga,Chemical,68.73,30,2.0,592.1,18.7,1,1,0,1,1,1,1,1,1,0,0,1,0,0,1
PB01765,Sangrur,Food Processing,366.7,58,63.6,1312.3,6.4,0,0,0,1,0,0,1,1,0,0,1,0,0,1,1
PB01766,Jalandhar,Paper & Pulp,545.99,21,57.7,1952.8,19.3,0,1,0,1,1,1,1,1,1,1,0,1,0,1,1
PB01767,Rupnagar,Chemical,30.03,6,15.0,50.0,17.5,1,1,0,1,1,0,1,1,1,0,0,1,0,0,0
PB01768,Sangrur,Rice Milling,1365.51,41,214.5,4153.9,8.7,0,1,0,1,1,1,1,1,1,0,1,1,0,1,1
PB01769,Sangrur,Textile Dyeing,826.0,3,112.0,2310.7,4.6,0,1,0,1,1,0,0,1,1,0,0,1,0,1,1
PB01770,Ludhiana,Beverages,1073.79,18,164.4,3112.8,33.0,0,1,0,1,1,1,1,1,1,0,1,1,0,1,1
PB01771,Patiala,Engineering/Metal Fabrication,434.32,17,102.3,1035.0,0.5,0,0,0,1,1,1,1,1,0,0,0,0,0,1,1
PB01772,Rupnagar,Plastic Products,315.91,7,20.6,158.3,14.7,1,0,0,1,1,0,1,1,1,0,0,0,1,0,1
PB01773,Amritsar,Agro-based,290.98,17,35.6,687.7,20.5,0,0,0,1,1,1,1,1,1,0,0,0,0,1,1
PB01774,Jalandhar,Engineering/Metal Fabrication,1230.0,12,172.9,3191.7,0.5,0,0,0,1,1,1,1,1,0,0,0,0,0,1,1
PB01775,Ludhiana,Agro-based,1096.06,33,157.7,3477.7,7.2,0,0,0,1,1,1,1,1,0,0,0,0,0,1,1
PB01776,Moga,Paper & Pulp,265.39,15,34.0,373.6,23.0,0,1,0,1,1,1,1,1,1,0,0,1,0,1,1
PB01777,Hoshiarpur,Beverages,705.02,13,129.9,2135.7,28.0,0,0,0,1,1,1,1,1,1,0,1,0,0,1,1
PB01778,Patiala,Steel Rolling,4114.96,3,604.2,11977.1,24.7,0,0,0,1,1,0,0,1,1,1,0,0,0,1,1
PB01779,Bathinda,Engineering/Metal Fabrication,245.54,15,21.1,414.8,2.6,0,0,0,1,1,1,1,1,0,0,0,0,0,0,1
PB01780,Hoshiarpur,Plastic Products,400.56,4,109.7,1657.3,18.0,1,0,0,1,1,0,0,1,1,0,0,0,1,1,0
PB01781,Hoshiarpur,Rice Milling,191.45,22,3.3,382.0,19.0,0,1,0,1,1,1,1,1,1,0,1,1,0,0,1
PB01782,Sangrur,Textile,125.71,18,9.2,387.3,0.5,0,0,0,1,1,1,1,1,0,0,0,0,1,0,1
PB01783,Patiala,Chemical,987.49,15,173.4,2171.5,14.0,1,1,0,1,1,1,1,1,0,1,0,1,1,1,1
PB01784,Fatehgarh Sahib,Rice Milling,305.62,16,50.0,50.0,14.5,0,0,0,1,1,1,1,1,1,0,1,0,0,1,0
PB01785,Hoshiarpur,Auto Components,900.57,6,121.2,1967.4,16.7,0,0,0,1,1,0,1,1,1,0,0,0,0,1,1
PB01786,Ludhiana,Chemical,119.02,28,23.0,50.0,25.6,1,1,0,1,1,1,1,1,0,0,0,1,1,0,0
PB01787,Jalandhar,Leather Products,130.97,16,20.4,366.8,17.5,1,0,0,1,1,1,1,1,1,0,0,0,1,0,1
PB01788,Jalandhar,Leather Products,281.84,6,44.7,292.4,16.3,1,0,0,1,1,0,1,0,1,1,0,0,1,1,1
PB01789,Mohali,Furniture/Wood,1887.27,17,262.8,6067.2,25.2,0,0,0,1,1,1,1,0,1,0,0,0,0,1,1
PB01790,Sangrur,IT/Software Services,1810.74,39,263.9,5363.5,0.5,0,0,1,1,1,0,1,1,0,0,0,0,0,1,1
PB01791,Patiala,Steel Rolling,55.08,27,24.0,631.2,2.5,0,0,0,1,0,1,1,1,0,0,0,0,0,0,1
PB01792,Jalandhar,Leather Products,183.23,1,46.3,654.1,24.4,1,0,0,1,1,0,0,1,1,0,0,0,0,1,1
PB01793,Bathinda,Leather Products,1130.64,13,188.9,4309.9,20.2,1,0,0,1,1,1,1,1,1,0,0,0,1,1,1
PB01794,Sangrur,Food Processing,177.65,37,16.8,120.0,10.1,0,1,0,1,1,1,1,1,0,0,1,1,0,0,0
PB01795,Ludhiana,Chemical,1185.21,24,150.9,2963.5,10.3,1,1,0,1,1,1,1,1,1,1,0,1,1,1,1
PB01796,Moga,Engineering/Metal Fabrication,108.58,7,2.0,442.3,7.3,0,0,0,1,1,0,1,1,0,0,0,0,0,0,1
PB01797,Fatehgarh Sahib,Agro-based,179.7,6,25.0,317.1,0.5,0,0,0,1,1,0,1,1,0,0,0,0,0,1,1
PB01798,Mohali,Chemical,152.62,6,2.0,736.7,27.9,1,1,0,1,1,0,1,1,1,0,0,1,1,0,1
PB01799,Amritsar,Leather Products,475.16,87,81.9,3033.2,22.7,1,0,0,1,1,1,1,1,1,0,0,0,1,1,0
PB01800,Amritsar,Chemical,522.75,11,81.8,1366.3,26.3,1,1,0,1,1,1,1,1,0,1,0,1,1,1,1
PB01801,Rupnagar,Engineering/Metal Fabrication,836.76,11,160.9,2118.9,0.5,1,0,0,1,1,1,1,1,1,0,0,0,1,1,0
PB01802,Mohali (SAS Nagar),Beverages,124.67,9,24.6,89.8,15.8,0,1,0,1,1,0,0,1,1,0,1,1,0,0,1
PB01803,Patiala,Chemical,97.01,89,20.3,50.0,12.3,1,1,0,1,1,1,1,1,1,1,0,1,1,0,0
PB01804,Sangrur,Beverages,157.32,9,49.8,679.5,16.2,0,1,0,1,1,0,1,1,1,0,1,1,0,1,1
PB01805,Mohali,Engineering/Metal Fabrication,742.61,36,103.6,1621.1,1.4,0,0,0,1,1,1,1,1,0,0,0,0,0,1,1
PB01806,Ludhiana,Steel Rolling,94.33,20,11.5,50.0,9.0,0,0,0,1,1,1,1,1,0,1,0,0,0,0,0
PB01807,Ludhiana,Leather Products,256.94,30,49.4,1351.8,8.4,1,0,0,1,1,1,1,1,1,0,0,0,1,1,1
PB01808,Jalandhar,Textile,658.16,24,100.6,1044.5,6.2,0,0,0,1,1,1,1,1,0,0,0,0,0,1,0
PB01809,Hoshiarpur,Leather Products,709.11,19,88.0,1828.8,28.8,1,0,0,1,1,1,1,1,1,0,0,0,1,1,1
PB01810,Moga,Chemical,3726.29,4,552.7,11386.4,14.3,1,1,0,1,1,0,0,1,1,1,0,1,1,1,1
PB01811,Hoshiarpur,IT/Software Services,499.02,8,107.2,1460.1,6.8,0,0,1,1,1,0,1,1,1,0,0,0,0,1,1
PB01812,Amritsar,Auto Components,385.68,32,35.6,1912.0,8.6,0,0,0,1,1,1,1,1,0,0,0,0,0,1,1
PB01813,Jalandhar,Plastic Products,45.1,16,2.0,50.0,0.5,1,0,0,1,1,0,1,1,1,0,0,0,0,0,0
PB01814,Hoshiarpur,Agro-based,398.09,30,79.9,814.7,7.4,0,0,0,1,1,1,1,1,0,0,0,0,0,1,1
PB01815,Fatehgarh Sahib,Textile,1096.72,12,187.8,3125.3,0.5,0,0,0,1,1,1,1,1,0,0,0,0,0,1,1
PB01816,Ludhiana,Food Processing,161.02,3,46.1,686.0,18.3,0,1,0,1,1,0,0,1,1,0,1,1,0,1,0
PB01817,Fatehgarh Sahib,Food Processing,279.39,5,55.7,853.4,8.4,0,0,0,1,1,0,1,1,0,0,1,0,0,1,1
PB01818,Bathinda,Plastic Products,1252.06,12,202.1,3091.9,5.4,1,0,0,1,1,1,1,1,1,0,0,0,1,1,1
PB01819,Hoshiarpur,IT/Software Services,120.51,27,13.0,165.2,2.3,0,0,1,1,1,0,1,1,0,0,0,0,0,0,1
PB01820,Fatehgarh Sahib,Electronics,156.82,11,8.9,50.0,10.3,0,0,0,1,1,1,1,0,0,0,0,0,0,0,0
PB01821,Amritsar,Chemical,45.4,12,2.0,50.0,15.9,1,1,0,1,1,0,1,1,1,0,0,1,0,0,0
PB01822,Bathinda,Textile,6000.0,7,928.2,17752.2,20.2,0,0,0,1,1,0,1,1,1,1,0,0,0,1,1
PB01823,Ludhiana,Steel Rolling,1218.43,20,208.5,3683.7,5.0,0,0,0,1,1,1,1,0,0,0,0,0,0,1,1
PB01824,Jalandhar,IT/Software Services,811.39,24,92.6,2743.5,11.0,0,0,1,1,0,0,1,1,0,0,0,0,0,1,1
PB01825,Mohali (SAS Nagar),Textile Dyeing,213.4,38,44.5,349.5,9.0,0,1,0,1,1,1,1,1,1,0,0,1,0,1,1
PB01826,Mohali (SAS Nagar),Food Processing,149.42,6,9.7,50.0,4.0,0,0,0,1,1,1,1,0,0,0,1,0,0,0,0
PB01827,Hoshiarpur,Leather Products,1342.84,4,187.4,3863.5,25.7,1,0,0,1,1,0,0,1,1,0,0,0,1,1,1
PB01828,Jalandhar,Furniture/Wood,513.04,5,88.5,1920.6,0.5,0,0,0,1,1,0,1,1,0,0,0,0,0,1,1
PB01829,Moga,Plastic Products,108.14,3,20.4,102.8,10.8,1,0,0,1,1,0,0,1,1,0,0,0,1,0,0
PB01830,Hoshiarpur,Leather Products,687.43,8,116.7,1842.3,13.6,1,0,0,1,1,0,1,1,1,0,0,0,1,1,1
PB01831,Jalandhar,Pharmaceutical,1332.64,22,203.9,4011.9,24.5,1,0,0,1,1,1,1,1,1,1,0,0,1,1,1
PB01832,Jalandhar,Rice Milling,712.14,15,86.1,2234.9,19.5,1,0,0,1,1,1,1,1,1,0,1,0,1,1,1
PB01833,Hoshiarpur,Steel Rolling,100.57,18,18.0,294.6,0.5,0,0,0,1,1,1,1,1,0,0,0,0,0,0,1
PB01834,Rupnagar,Pharmaceutical,147.1,7,37.6,50.0,20.2,1,0,0,1,1,0,1,1,1,0,0,0,1,1,0
PB01835,Patiala,Paper & Pulp,6000.0,45,920.6,17786.4,19.0,0,0,0,1,1,1,1,1,1,1,0,0,0,1,1
PB01836,Moga,Steel Rolling,162.73,13,2.0,1235.0,6.4,0,0,0,1,1,0,1,1,1,0,0,0,0,0,0
PB01837,Mohali,Plastic Products,327.54,4,51.3,496.2,7.1,1,0,0,1,1,0,0,1,1,0,0,0,1,1,1
PB01838,Patiala,Food Processing,174.48,47,10.4,795.7,5.9,0,1,0,1,1,1,0,1,0,0,1,1,0,0,1
PB01839,Amritsar,Engineering/Metal Fabrication,580.59,14,105.4,1033.1,3.5,0,0,0,1,0,1,1,1,0,0,0,0,0,1,1
PB01840,Sangrur,Cement,255.99,306,42.7,973.3,0.5,0,0,0,1,1,1,1,1,0,0,0,0,0,1,1
PB01841,Rupnagar,Food Processing,225.98,4,56.0,366.6,25.5,0,1,0,1,1,0,0,1,1,0,1,1,0,1,1
PB01842,Moga,Beverages,1044.92,39,137.0,2816.7,17.3,0,1,0,1,1,1,1,1,0,0,1,1,0,1,1
PB01843,Mohali,Rice Milling,288.98,6,70.0,1181.3,16.7,0,1,0,1,1,0,1,1,1,0,1,1,0,1,1
PB01844,Rupnagar,Textile,448.06,34,86.0,1800.7,0.5,0,0,0,1,1,1,1,1,0,0,0,0,0,1,1
PB01845,Sangrur,Textile Dyeing,290.65,23,85.2,1481.0,10.8,0,1,0,1,1,1,1,1,1,0,0,1,0,1,1
PB01846,Jalandhar,Steel Rolling,128.32,26,3.9,327.0,0.5,0,0,0,1,1,1,1,1,0,0,0,0,0,0,1
PB01847,Rupnagar,Textile,2150.8,73,323.7,6690.0,6.6,1,0,0,1,1,1,1,1,1,1,0,0,1,1,1
PB01848,Amritsar,Cement,684.61,10,92.8,1270.7,9.1,0,0,0,1,1,1,1,1,0,1,0,0,0,1,1
PB01849,Mohali (SAS Nagar),Plastic Products,1058.72,6,162.1,3464.6,16.2,1,0,0,1,1,0,1,1,1,0,0,0,0,1,1
PB01850,Patiala,Auto Components,5628.04,33,835.6,16318.9,6.1,0,0,0,1,1,1,1,1,0,1,0,0,0,1,1
PB01851,Mohali,Agro-based,3005.26,30,443.9,9508.2,19.4,0,0,0,1,1,1,1,1,1,1,0,0,0,1,1
PB01852,Jalandhar,Rice Milling,173.18,29,16.1,295.6,16.1,0,0,0,1,1,1,1,1,1,0,1,0,0,0,1
PB01853,Fatehgarh Sahib,Furniture/Wood,2491.57,3,389.0,7235.7,0.8,0,0,0,1,1,0,0,0,0,1,0,0,0,1,1
PB01854,Ludhiana,Rice Milling,118.78,11,3.3,342.4,11.3,0,1,0,1,1,1,1,1,1,0,1,1,0,0,1
PB01855,Hoshiarpur,Pharmaceutical,89.04,17,2.0,129.9,35.9,1,0,0,1,1,0,1,1,1,0,0,0,0,0,0
PB01856,Rupnagar,Furniture/Wood,105.11,3,18.5,515.7,0.5,1,0,0,1,1,0,0,1,1,0,0,0,1,0,1
PB01857,Fatehgarh Sahib,Textile,642.26,116,114.5,1409.7,5.3,0,0,0,1,1,1,1,1,0,0,0,0,0,1,1
PB01858,Fatehgarh Sahib,Food Processing,116.61,35,23.1,818.9,20.7,0,1,0,1,1,1,1,1,1,1,1,1,0,0,1
PB01859,Mohali (SAS Nagar),Plastic Products,1268.87,61,191.4,3178.9,8.7,1,0,0,1,1,1,1,1,1,0,0,0,1,1,1
PB01860,Mohali (SAS Nagar),Electronics,62.38,13,2.0,50.0,8.8,0,0,0,1,1,0,1,0,0,0,0,0,0,0,0
PB01861,Jalandhar,Agro-based,1125.9,13,196.5,4969.3,8.5,0,0,0,1,1,1,1,1,0,0,0,0,0,1,1
PB01862,Fatehgarh Sahib,Cement,89.87,25,23.6,904.6,0.5,0,0,0,1,1,1,1,1,0,0,0,0,0,0,1
PB01863,Moga,IT/Software Services,1570.79,28,227.4,3955.3,3.1,0,0,1,1,1,0,1,1,0,0,0,0,0,1,1
PB01864,Fatehgarh Sahib,Chemical,114.45,2,2.0,50.0,14.2,1,1,0,1,1,0,0,1,1,0,0,1,1,0,0
PB01865,Fatehgarh Sahib,IT/Software Services,135.57,20,28.8,133.9,10.2,0,0,1,1,1,0,1,1,0,0,0,0,0,1,0
PB01866,Mohali,Paper & Pulp,681.87,46,88.3,2108.4,18.5,1,1,0,1,1,1,1,1,1,1,0,1,1,1,1
PB01867,Patiala,Chemical,6000.0,15,886.3,18353.3,19.6,1,1,0,1,1,1,1,1,1,0,0,1,1,1,1
PB01868,Jalandhar,Textile Dyeing,122.2,18,3.2,432.2,27.5,0,1,0,1,0,1,1,1,1,0,0,1,0,0,1
PB01869,Fatehgarh Sahib,Cement,340.49,55,36.4,808.7,1.7,0,0,0,1,1,1,1,1,0,0,0,0,0,1,1
PB01870,Ludhiana,Agro-based,168.48,8,8.1,1272.3,13.5,0,0,0,1,1,0,1,1,0,0,0,0,0,0,1
PB01871,Bathinda,Textile,393.66,5,59.9,790.3,0.5,0,0,0,1,1,0,1,1,0,0,0,0,0,1,1
PB01872,Hoshiarpur,Textile,152.95,50,16.5,611.1,18.8,0,0,0,1,1,1,1,1,1,0,0,0,0,0,1
PB01873,Ludhiana,Agro-based,367.75,14,30.6,1977.3,1.1,0,0,0,1,1,1,1,1,0,0,0,0,0,1,1
PB01874,Amritsar,Auto Components,586.32,6,80.7,1905.4,0.5,0,0,0,1,1,0,1,1,0,0,0,0,0,1,1
PB01875,Mohali,Textile Dyeing,59.76,28,2.0,697.0,16.6,0,1,0,1,1,1,1,1,1,0,0,1,0,0,1
PB01876,Amritsar,Paper & Pulp,417.41,68,97.0,1306.0,14.5,0,1,0,1,1,1,1,1,1,0,0,1,0,1,1
PB01877,Fatehgarh Sahib,Furniture/Wood,451.96,26,99.5,753.4,0.5,0,0,0,1,1,1,1,1,0,0,0,0,0,1,1
PB01878,Moga,Textile Dyeing,2430.8,26,332.0,8325.0,33.0,0,1,0,1,1,1,1,1,1,1,0,1,0,1,1
PB01879,Mohali,Electronics,317.03,30,44.6,1350.5,5.6,0,0,0,1,1,1,1,1,0,0,0,0,0,1,1
PB01880,Bathinda,Pharmaceutical,1455.04,8,173.6,4184.7,11.0,1,0,0,1,1,0,1,1,1,1,0,0,1,1,1
PB01881,Jalandhar,IT/Software Services,728.19,1,86.9,2208.3,3.0,0,0,1,1,1,0,0,1,0,0,0,0,0,1,1
PB01882,Moga,Electronics,281.46,9,63.8,1579.1,0.5,0,0,0,1,1,0,1,1,0,0,0,0,0,1,1
PB01883,Fatehgarh Sahib,Steel Rolling,1325.87,9,187.5,4314.3,0.5,0,0,0,1,1,0,1,1,0,0,0,0,0,1,1
PB01884,Mohali,Plastic Products,774.37,10,98.1,2726.4,0.5,1,0,0,1,1,1,1,1,1,0,0,0,1,1,0
PB01885,Jalandhar,Leather Products,172.53,13,2.0,1084.5,20.5,1,0,0,1,1,0,1,1,1,0,0,0,1,1,1
PB01886,Moga,Paper & Pulp,348.03,21,43.6,1245.6,16.2,0,0,0,1,1,1,1,1,1,0,0,0,0,1,1
PB01887,Patiala,Chemical,2717.34,11,381.5,7790.5,30.6,1,0,0,1,1,1,1,1,1,1,0,0,1,1,1
PB01888,Moga,Leather Products,4938.62,6,731.2,13698.0,20.4,1,0,0,1,1,0,1,1,1,1,0,0,1,1,1
PB01889,Amritsar,Auto Components,101.92,22,19.3,961.3,8.8,0,0,0,1,1,1,1,1,0,0,0,0,0,0,1
PB01890,Amritsar,Agro-based,680.77,5,138.6,1414.2,0.5,0,0,0,1,1,0,1,1,0,0,0,0,0,1,1
PB01891,Hoshiarpur,Food Processing,509.34,67,102.6,1281.4,20.8,0,1,0,1,1,1,1,1,1,0,1,1,0,1,1
PB01892,Patiala,Steel Rolling,1146.27,18,159.6,3077.9,10.9,0,0,0,1,1,1,1,1,0,0,0,0,0,1,1
PB01893,Moga,IT/Software Services,785.05,8,140.2,1762.9,11.3,0,0,1,1,1,0,1,1,0,0,0,0,0,1,1
PB01894,Mohali,Textile Dyeing,254.84,12,28.5,1185.1,18.8,0,1,0,1,1,1,1,1,1,0,0,1,0,1,1
PB01895,Mohali,Beverages,186.43,9,16.8,50.0,17.5,0,0,0,1,1,0,1,0,1,0,1,0,0,0,0
PB01896,Bathinda,Beverages,413.58,35,50.1,1351.9,21.6,0,1,0,1,1,0,0,1,1,0,1,1,0,1,1
PB01897,Mohali,Cement,321.37,16,57.4,1971.1,15.8,0,0,0,1,1,1,1,1,1,0,0,0,0,1,1
PB01898,Fatehgarh Sahib,Engineering/Metal Fabrication,398.76,7,67.4,869.0,1.5,0,0,0,1,1,0,1,1,0,0,0,0,0,1,1
PB01899,Sangrur,IT/Software Services,978.83,5,139.6,2607.5,13.2,0,0,1,1,1,0,1,1,0,0,0,0,0,1,1
PB01900,Mohali (SAS Nagar),Chemical,694.7,10,126.2,2363.1,12.0,1,1,0,1,1,1,1,0,1,1,0,1,1,1,1
PB01901,Fatehgarh Sahib,Steel Rolling,4308.41,10,637.1,13802.4,12.8,0,0,0,1,1,1,1,1,0,1,0,0,0,1,1
PB01902,Hoshiarpur,Furniture/Wood,247.74,36,39.5,819.9,0.5,0,0,0,1,1,1,1,1,0,0,0,0,0,1,0
PB01903,Mohali (SAS Nagar),Steel Rolling,944.67,9,138.2,3490.3,11.3,0,0,0,1,1,0,1,1,0,0,0,0,0,1,1
PB01904,Jalandhar,Food Processing,67.99,5,15.2,761.2,0.5,0,0,0,1,1,0,1,1,0,0,1,0,0,0,1
PB01905,Sangrur,Pharmaceutical,380.59,26,46.7,1801.7,16.4,1,0,0,1,1,1,1,1,1,0,0,0,1,1,1
PB01906,Bathinda,Leather Products,569.76,49,109.5,2076.0,26.0,1,0,0,1,1,1,1,1,1,0,0,0,1,1,1
PB01907,Mohali,Chemical,359.15,4,44.2,833.7,19.1,1,0,0,1,1,0,0,1,1,0,0,0,1,1,1
PB01908,Patiala,Leather Products,461.43,37,75.6,1437.1,13.8,1,0,0,1,1,0,1,1,1,0,0,0,1,1,1
PB01909,Amritsar,Leather Products,1130.57,7,175.9,3720.7,14.6,1,0,0,1,1,0,1,1,1,0,0,0,1,1,1
PB01910,Mohali,Chemical,1089.84,7,172.3,3470.2,17.6,1,1,0,1,1,0,1,1,1,1,0,1,1,1,1
PB01911,Fatehgarh Sahib,IT/Software Services,1866.85,11,263.9,5764.7,0.5,0,0,1,1,1,0,1,1,0,0,0,0,0,1,1
PB01912,Hoshiarpur,Textile Dyeing,115.47,42,10.4,386.1,24.2,0,0,0,1,0,1,1,1,1,0,0,0,0,0,1
PB01913,Ludhiana,Textile Dyeing,354.21,24,40.5,602.9,31.2,0,0,0,1,1,1,0,1,1,0,0,0,0,1,1
PB01914,Fatehgarh Sahib,IT/Software Services,392.93,7,45.7,1403.8,0.5,0,0,1,1,1,0,1,1,0,0,0,0,0,1,1
PB01915,Bathinda,Furniture/Wood,521.06,14,72.2,1717.1,0.5,0,0,0,1,1,1,1,1,0,0,0,0,0,1,1
PB01916,Moga,Steel Rolling,132.41,19,44.4,993.0,10.3,0,0,0,1,1,1,1,1,0,0,0,0,0,1,1
PB01917,Fatehgarh Sahib,Auto Components,1656.84,4,259.2,4636.3,0.5,0,0,0,1,1,0,0,1,0,0,0,0,0,1,1
PB01918,Amritsar,Cement,4238.88,10,650.2,13329.2,4.2,0,0,0,1,1,0,1,1,0,1,0,0,0,1,1
PB01919,Sangrur,Pharmaceutical,2014.81,19,288.8,6470.7,24.5,1,0,0,1,1,1,1,1,1,1,0,0,1,1,1
PB01920,Moga,Beverages,163.41,4,24.9,999.9,17.2,0,0,0,1,1,0,0,1,1,0,1,0,0,0,1
PB01921,Mohali,Food Processing,408.05,7,69.5,963.3,1.0,0,1,0,1,1,0,1,1,0,0,1,1,0,1,1
PB01922,Mohali (SAS Nagar),Paper & Pulp,296.91,67,33.0,308.3,28.0,0,1,0,1,1,1,1,1,1,1,0,1,0,1,1
PB01923,Fatehgarh Sahib,Food Processing,101.09,17,2.0,1322.9,9.8,0,1,0,1,1,0,1,1,0,0,1,1,0,0,0
PB01924,Patiala,Engineering/Metal Fabrication,1167.26,58,184.5,3689.2,0.5,0,0,0,1,1,1,1,1,0,0,0,0,0,1,1
PB01925,Bathinda,Paper & Pulp,71.54,9,23.6,50.0,30.2,0,0,0,1,1,0,1,0,1,0,0,0,0,0,0
PB01926,Hoshiarpur,Paper & Pulp,491.01,7,88.1,1334.2,27.5,0,1,0,1,0,0,1,1,1,0,0,1,0,1,1
PB01927,Ludhiana,Textile,337.53,6,59.2,981.4,20.8,0,0,0,1,1,0,1,1,1,0,0,0,1,1,1
PB01928,Sangrur,IT/Software Services,266.09,39,30.5,776.2,17.4,0,0,1,1,1,0,1,1,1,0,0,0,0,1,1
PB01929,Mohali,Leather Products,709.01,18,121.4,1837.2,36.8,1,0,0,1,1,1,1,0,1,0,0,0,1,1,1
PB01930,Rupnagar,Furniture/Wood,196.76,52,21.8,1168.3,8.2,0,0,0,1,1,1,1,1,0,0,0,0,0,0,1
PB01931,Jalandhar,Cement,422.16,6,57.5,1050.4,4.2,0,0,0,1,1,0,1,1,0,0,0,0,0,1,1
PB01932,Patiala,Food Processing,5105.3,88,767.7,15331.0,21.0,0,1,0,1,1,1,1,1,1,1,1,1,0,1,1
PB01933,Ludhiana,Textile Dyeing,110.52,5,37.3,864.8,25.0,0,0,0,1,1,0,1,1,1,0,0,0,0,1,1
PB01934,Mohali (SAS Nagar),Leather Products,381.79,20,21.2,761.7,23.0,1,0,0,1,1,1,1,1,1,0,0,0,1,0,1
PB01935,Fatehgarh Sahib,Food Processing,147.75,42,42.0,50.0,0.7,0,1,0,1,1,1,1,1,0,0,1,1,0,1,0
PB01936,Bathinda,IT/Software Services,2586.35,15,421.8,7582.3,0.5,0,0,1,1,1,0,1,1,0,1,0,0,0,1,1
PB01937,Fatehgarh Sahib,Electronics,135.27,59,23.2,274.1,5.7,0,0,0,1,1,1,1,1,0,0,0,0,0,0,1
PB01938,Moga,Textile Dyeing,557.26,99,92.2,2386.2,0.5,0,0,0,1,1,1,1,1,1,0,0,0,1,1,1
PB01939,Hoshiarpur,Electronics,167.41,65,2.7,50.0,0.5,0,0,0,1,1,1,1,1,0,0,0,0,0,0,0
PB01940,Patiala,Textile Dyeing,617.17,3,97.2,2129.6,12.8,0,0,0,1,1,0,0,1,1,0,0,0,0,1,1
PB01941,Mohali (SAS Nagar),IT/Software Services,2476.67,50,406.5,7245.4,7.8,0,0,1,1,1,0,1,1,0,1,0,0,0,1,1
PB01942,Hoshiarpur,Auto Components,670.01,26,87.0,2250.0,7.5,0,0,0,1,1,1,1,1,0,0,0,0,0,0,1
PB01943,Amritsar,Electronics,532.37,6,100.5,950.7,0.5,0,0,0,1,1,0,1,1,0,0,0,0,0,1,1
PB01944,Amritsar,Textile Dyeing,62.3,18,9.2,524.6,23.6,0,1,0,1,1,1,1,1,1,0,0,1,0,0,1
PB01945,Hoshiarpur,Pharmaceutical,4042.25,27,587.3,11643.3,25.1,1,0,0,1,1,1,1,1,1,1,0,0,1,1,1
PB01946,Fatehgarh Sahib,Engineering/Metal Fabrication,1061.31,19,149.7,2569.0,0.9,0,0,0,1,1,1,1,1,0,0,0,0,0,1,1
PB01947,Ludhiana,Rice Milling,3588.11,236,562.9,10894.6,25.1,0,1,0,1,1,1,1,1,1,0,1,1,0,1,1
PB01948,Sangrur,Auto Components,650.3,30,126.2,2013.0,11.8,0,0,0,1,1,1,1,1,0,0,0,0,1,1,1
PB01949,Amritsar,Electronics,1888.12,73,319.1,6209.4,8.7,0,0,0,1,1,1,1,1,0,0,0,0,0,1,1
PB01950,Patiala,Electronics,83.47,18,27.5,50.0,20.3,0,0,0,1,1,1,1,1,1,0,0,0,0,1,0
PB01951,Amritsar,Engineering/Metal Fabrication,599.2,18,114.1,2016.8,5.0,0,0,0,1,1,1,1,1,0,0,0,0,0,1,1
PB01952,Hoshiarpur,Rice Milling,93.3,15,2.0,1202.2,29.6,0,1,0,1,1,0,1,1,1,0,1,1,0,0,1
PB01953,Sangrur,Paper & Pulp,464.87,18,107.4,925.3,27.5,0,1,0,1,1,1,1,1,1,0,0,1,0,1,1
PB01954,Ludhiana,Furniture/Wood,84.3,13,14.0,50.0,11.6,0,0,0,1,1,1,1,0,0,0,0,0,0,0,0
PB01955,Patiala,Textile,117.08,7,49.6,298.9,9.8,0,0,0,1,1,0,1,0,0,0,0,0,0,1,1
PB01956,Moga,Leather Products,368.82,13,61.9,992.0,23.2,1,0,0,1,1,1,1,1,1,1,0,0,1,1,1
PB01957,Jalandhar,Chemical,347.43,12,41.7,1399.5,17.0,1,1,0,1,1,1,1,1,1,0,0,1,1,1,1
PB01958,Moga,Beverages,393.9,34,59.2,1786.8,18.3,0,1,0,1,1,1,1,1,1,0,1,1,0,1,1
PB01959,Sangrur,Plastic Products,19.78,113,2.0,50.0,4.5,1,0,0,1,0,1,1,1,1,0,0,0,0,0,0
PB01960,Amritsar,Electronics,616.3,26,81.5,2245.0,3.7,1,0,0,1,1,1,1,1,1,0,0,0,1,1,1
PB01961,Patiala,Beverages,92.34,2,2.0,603.0,17.5,0,1,0,1,1,0,0,1,1,0,1,1,0,0,1
PB01962,Moga,Beverages,507.91,35,72.1,1385.3,10.2,0,1,0,1,1,1,1,1,1,0,1,1,0,1,1
PB01963,Hoshiarpur,Agro-based,690.26,3,83.4,2399.5,10.1,0,0,0,1,1,0,0,1,0,0,0,0,0,1,1
PB01964,Rupnagar,Plastic Products,2370.03,333,370.0,7439.9,0.5,1,0,0,1,1,1,1,1,1,1,0,0,1,1,1
PB01965,Mohali (SAS Nagar),Textile Dyeing,741.47,8,115.0,1613.0,28.0,0,0,0,1,1,0,1,1,1,0,0,0,0,0,1
PB01966,Ludhiana,Textile,725.36,8,120.5,2080.0,0.5,0,0,0,1,1,0,1,1,1,0,0,0,0,1,1
PB01967,Fatehgarh Sahib,Engineering/Metal Fabrication,86.95,18,2.0,433.2,1.5,0,0,0,1,1,0,1,1,0,0,0,0,0,0,1
PB01968,Ludhiana,Leather Products,151.45,8,2.0,50.0,29.2,1,0,0,1,1,0,1,1,1,0,0,0,1,0,0
PB01969,Amritsar,Beverages,474.64,35,101.5,965.6,15.7,0,0,0,1,1,1,1,1,1,0,1,0,0,1,1
PB01970,Sangrur,Rice Milling,501.15,19,81.0,959.2,20.6,0,0,0,1,1,1,1,1,1,0,1,0,0,1,1
PB01971,Fatehgarh Sahib,Electronics,2686.01,12,386.3,7940.6,0.5,0,0,0,1,1,1,1,1,0,1,0,0,0,1,1
PB01972,Mohali,IT/Software Services,275.95,4,22.1,557.4,0.5,0,0,1,1,1,0,0,1,0,0,0,0,0,0,1
PB01973,Amritsar,Plastic Products,937.55,19,137.6,2814.0,4.6,1,0,0,1,1,1,1,1,1,0,0,0,1,1,1
PB01974,Sangrur,Plastic Products,320.52,89,46.4,1291.3,14.1,1,0,0,1,1,1,1,1,1,0,0,0,1,1,1
PB01975,Ludhiana,IT/Software Services,316.96,83,42.8,1347.2,3.9,0,0,1,1,1,0,1,1,0,0,0,0,0,1,1
PB01976,Amritsar,Textile,406.69,110,31.5,1603.8,11.7,0,0,0,1,1,1,1,0,0,0,0,0,0,1,1
PB01977,Moga,IT/Software Services,233.06,2,37.9,370.7,0.5,0,0,1,1,1,0,0,0,0,0,0,0,0,1,1
PB01978,Mohali (SAS Nagar),Engineering/Metal Fabrication,47.4,3,2.0,50.0,2.1,0,0,0,1,1,0,0,0,0,0,0,0,0,0,0
PB01979,Jalandhar,Paper & Pulp,64.0,7,6.0,205.2,18.9,0,1,0,1,1,0,1,1,1,0,0,1,0,0,1
PB01980,Jalandhar,Textile,3087.04,12,452.3,8974.7,13.0,0,0,0,1,1,1,1,1,0,1,0,0,0,1,1
PB01981,Mohali (SAS Nagar),Textile Dyeing,165.79,3,18.2,50.0,21.7,0,1,0,1,1,0,0,1,1,0,0,1,0,0,0
PB01982,Fatehgarh Sahib,Pharmaceutical,253.83,16,23.2,855.4,25.9,1,0,0,1,1,1,1,1,1,0,0,0,1,0,1
PB01983,Moga,Plastic Products,1193.78,23,150.3,3749.1,0.5,1,0,0,1,1,1,1,1,1,0,0,0,1,1,1
PB01984,Jalandhar,Rice Milling,707.12,18,107.3,2746.8,8.2,0,1,0,1,1,1,1,1,1,0,1,1,0,1,1
PB01985,Moga,Beverages,142.73,17,2.0,1055.4,19.4,0,1,0,1,1,0,1,1,1,0,1,1,1,0,1
PB01986,Mohali,Cement,234.28,4,45.2,2017.9,9.7,0,0,0,1,1,0,0,1,0,0,0,0,0,1,1
PB01987,Hoshiarpur,Beverages,56.52,2,11.5,50.0,12.0,0,1,0,1,1,0,0,1,1,0,1,1,0,0,0
PB01988,Moga,Rice Milling,335.68,13,47.8,1427.3,10.4,0,1,0,1,1,1,1,1,1,0,1,1,0,1,1
PB01989,Ludhiana,Paper & Pulp,137.32,14,25.1,50.0,19.2,0,1,0,1,1,1,1,0,1,0,0,1,0,1,0
PB01990,Moga,Textile,349.19,4,58.2,1310.7,10.9,0,0,0,1,1,0,0,1,0,0,0,0,0,1,1
PB01991,Patiala,IT/Software Services,686.17,22,110.6,2082.3,0.5,0,0,1,1,1,0,1,1,0,0,0,0,0,1,0
PB01992,Jalandhar,Pharmaceutical,2078.42,70,327.5,6530.6,11.7,1,0,0,1,1,1,1,1,1,1,0,0,1,1,1
PB01993,Mohali (SAS Nagar),Food Processing,3194.41,12,497.5,9295.1,0.5,0,1,0,1,1,1,1,1,0,1,1,1,0,1,1
PB01994,Fatehgarh Sahib,Cement,90.91,56,16.9,180.1,14.1,0,0,0,1,1,1,1,1,0,0,0,0,0,0,1
PB01995,Mohali,Furniture/Wood,163.98,5,6.9,225.8,3.2,0,0,0,1,1,0,1,0,0,1,0,0,0,0,1
PB01996,Sangrur,Engineering/Metal Fabrication,1262.69,32,220.6,3626.2,13.3,0,0,0,1,1,1,1,1,0,0,0,0,0,1,1
PB01997,Patiala,Agro-based,2041.35,6,277.8,6695.5,14.2,0,0,0,1,1,0,1,1,0,0,0,0,0,1,1
PB01998,Jalandhar,Electronics,685.53,13,64.8,2256.4,0.5,0,0,0,1,1,1,1,1,0,0,0,0,0,1,1
PB01999,Amritsar,Furniture/Wood,379.16,18,11.3,700.4,0.5,0,0,0,1,1,1,1,1,0,0,0,0,0,0,1
PB02000,Rupnagar,Auto Components,1364.12,36,243.8,4167.8,2.8,0,0,0,1,1,1,1,1,0,0,0,0,0,1,1
PB02001,Patiala,Cement,537.11,9,70.8,2041.0,10.8,0,0,0,1,1,0,1,1,0,1,0,0,0,1,1
PB02002,Bathinda,Textile,440.82,9,77.2,1153.5,0.5,0,0,0,1,1,0,1,1,0,0,0,0,0,1,1
PB02003,Patiala,Furniture/Wood,404.95,9,49.0,1035.0,0.5,0,0,0,1,1,0,1,1,0,0,0,0,0,1,1
PB02004,Sangrur,Engineering/Metal Fabrication,349.16,20,77.7,1107.7,6.0,0,0,0,1,1,1,1,1,0,0,0,0,0,1,1
PB02005,Fatehgarh Sahib,Chemical,125.62,5,5.5,862.9,22.2,1,0,0,1,1,0,1,1,1,0,0,0,1,0,1
PB02006,Mohali (SAS Nagar),Furniture/Wood,1680.51,19,267.1,4854.1,4.0,0,0,0,1,1,1,1,1,0,0,0,0,0,1,1
PB02007,Fatehgarh Sahib,Leather Products,626.35,38,106.3,2238.0,14.7,1,0,0,1,1,1,1,1,1,0,0,0,1,1,1
PB02008,Sangrur,Furniture/Wood,243.88,19,60.2,613.8,0.5,0,0,0,1,1,1,1,1,0,0,0,0,0,1,1
PB02009,Hoshiarpur,Textile Dyeing,575.45,5,72.6,1466.6,29.7,0,1,0,1,1,0,1,1,1,0,0,1,0,1,1
PB02010,Patiala,Textile Dyeing,511.04,58,105.8,506.8,21.7,0,0,0,1,1,1,1,1,1,0,0,0,0,1,1
PB02011,Ludhiana,Agro-based,116.93,5,6.8,150.1,15.1,0,0,0,1,1,0,1,0,1,0,0,0,0,0,1
PB02012,Rupnagar,Paper & Pulp,381.7,1,62.0,1526.2,9.2,0,1,0,1,0,0,0,1,1,0,0,1,0,1,1
PB02013,Amritsar,Textile Dyeing,1063.25,36,102.7,2637.9,15.1,0,1,0,1,1,1,1,1,1,0,0,1,0,1,1
PB02014,Fatehgarh Sahib,Pharmaceutical,753.88,19,112.5,2422.7,27.2,1,0,0,1,1,1,1,1,1,1,0,0,1,1,1
PB02015,Mohali,Agro-based,1005.89,11,152.5,3318.6,2.3,0,0,0,1,1,1,1,1,0,0,0,0,0,1,1
PB02016,Bathinda,Textile Dyeing,49.72,66,2.0,101.5,30.8,0,1,0,1,1,1,1,1,1,1,0,1,0,0,0
PB02017,Patiala,Textile Dyeing,918.08,22,157.7,2640.1,32.8,0,1,0,1,1,1,1,0,1,0,0,1,0,1,1
PB02018,Amritsar,Food Processing,591.63,24,130.1,969.0,0.5,0,1,0,1,1,1,1,1,0,0,1,1,0,1,1
PB02019,Patiala,Pharmaceutical,238.46,7,27.9,625.7,20.9,1,0,0,1,1,0,1,1,1,0,0,0,1,1,1
PB02020,Patiala,Cement,357.97,62,49.5,1157.4,0.5,0,0,0,1,1,1,1,1,0,0,0,0,0,1,1
PB02021,Jalandhar,Pharmaceutical,231.59,26,20.7,757.5,14.5,1,0,0,1,1,1,1,1,1,0,0,0,1,0,1
PB02022,Ludhiana,Cement,225.05,28,101.1,1200.1,3.3,0,0,0,1,1,1,1,1,1,0,0,0,0,1,1
PB02023,Patiala,Leather Products,885.87,17,146.1,2601.0,29.3,1,0,0,1,1,1,1,1,1,0,0,0,1,1,1
PB02024,Rupnagar,Pharmaceutical,1646.21,6,232.6,4389.3,18.7,1,0,0,1,1,0,1,1,1,1,0,0,1,0,1
PB02025,Jalandhar,Textile,64.81,13,12.8,238.4,4.0,0,0,0,1,1,1,1,0,0,0,0,0,0,0,1
PB02026,Rupnagar,Plastic Products,105.32,13,2.0,50.0,0.5,1,0,0,1,1,0,1,1,1,0,0,0,1,0,0
PB02027,Rupnagar,Cement,1010.54,50,165.7,3097.2,0.5,0,0,0,1,1,1,1,1,0,1,0,0,0,1,1
PB02028,Mohali (SAS Nagar),Textile Dyeing,1416.28,30,174.6,3778.0,28.4,0,1,0,1,1,1,1,1,1,0,0,1,0,1,1
PB02029,Rupnagar,Cement,1237.31,10,233.4,4140.0,17.6,0,0,0,1,1,1,1,0,1,1,0,0,0,1,1
PB02030,Bathinda,Chemical,102.63,27,26.9,508.8,35.0,1,1,0,1,1,1,1,1,1,0,0,1,1,1,1
PB02031,Ludhiana,Steel Rolling,382.24,15,40.5,1188.6,4.4,0,0,0,1,1,1,1,1,0,0,0,0,0,1,1
PB02032,Mohali (SAS Nagar),Rice Milling,621.78,41,110.2,2648.0,14.3,0,1,0,1,1,1,1,1,1,0,1,1,0,1,1
PB02033,Amritsar,Cement,1352.97,16,204.7,4208.4,15.7,0,0,0,1,1,1,1,1,1,1,0,0,0,1,1
PB02034,Sangrur,Food Processing,129.37,24,22.5,1053.3,8.2,0,1,0,1,1,1,1,1,0,0,1,1,0,0,1
PB02035,Amritsar,Electronics,210.98,9,9.0,1127.8,0.5,0,0,0,1,1,0,0,1,0,0,0,0,0,0,1
PB02036,Bathinda,Engineering/Metal Fabrication,215.41,38,14.8,1413.6,12.8,0,0,0,1,1,1,1,1,0,0,0,0,0,0,1
PB02037,Jalandhar,Paper & Pulp,42.9,31,23.1,50.0,10.7,0,1,0,1,1,1,1,1,1,0,0,1,0,0,0
PB02038,Bathinda,Rice Milling,1113.7,17,157.9,3268.7,13.3,0,1,0,1,1,1,1,1,1,0,1,1,1,1,1
PB02039,Mohali,IT/Software Services,1070.46,49,148.9,2974.2,10.5,0,0,1,1,1,0,1,1,1,0,0,0,0,1,1
PB02040,Fatehgarh Sahib,Textile,484.93,11,84.3,1021.1,3.3,0,0,0,1,1,1,1,1,0,0,0,0,0,1,1
PB02041,Mohali (SAS Nagar),Steel Rolling,186.0,50,7.5,675.1,6.0,0,0,0,1,1,1,1,1,0,0,0,0,0,0,1
PB02042,Rupnagar,Auto Components,104.23,4,30.7,50.0,9.9,0,0,0,1,0,0,0,0,0,0,0,0,0,1,0
PB02043,Fatehgarh Sahib,IT/Software Services,584.16,11,89.0,1873.2,11.0,0,0,1,1,1,0,1,1,0,0,0,0,0,1,1
PB02044,Sangrur,Rice Milling,75.2,16,21.2,50.0,26.7,0,1,0,1,1,1,1,1,0,0,1,1,0,0,0
PB02045,Amritsar,IT/Software Services,45.13,45,2.0,640.1,8.1,0,0,1,1,1,0,1,1,0,0,0,0,0,0,1
PB02046,Hoshiarpur,Leather Products,363.03,29,78.3,840.5,14.5,1,0,0,1,1,1,1,1,1,0,0,0,1,1,1
PB02047,Ludhiana,Steel Rolling,73.24,15,12.7,732.7,5.7,0,0,0,1,1,1,1,1,0,0,0,0,0,0,1
PB02048,Patiala,Plastic Products,410.6,18,40.8,1180.9,0.8,1,0,0,1,1,1,1,1,1,0,0,0,1,1,1
PB02049,Ludhiana,IT/Software Services,369.96,29,59.6,1617.3,3.0,0,0,1,1,1,0,1,1,0,0,0,0,0,1,1
PB02050,Jalandhar,IT/Software Services,691.52,63,117.4,1728.6,0.5,0,0,1,1,1,0,1,1,0,0,0,0,0,1,1
PB02051,Amritsar,Pharmaceutical,309.13,21,23.1,359.4,22.5,1,0,0,1,1,1,1,1,1,0,0,0,1,0,1
PB02052,Sangrur,Cement,222.7,14,22.1,1235.8,1.7,0,0,0,1,1,1,1,1,0,0,0,0,0,0,1
PB02053,Bathinda,Engineering/Metal Fabrication,215.82,7,24.7,1414.4,4.9,0,0,0,1,1,0,1,1,0,0,0,0,0,0,1
PB02054,Hoshiarpur,Furniture/Wood,492.52,9,72.1,1325.1,23.1,0,0,0,1,1,0,1,1,1,0,0,0,0,1,1
PB02055,Mohali,Beverages,238.1,127,58.1,1273.7,1.0,0,1,0,1,1,1,1,1,1,0,1,1,0,1,1
PB02056,Hoshiarpur,Pharmaceutical,210.82,17,50.0,810.6,35.9,1,0,0,1,1,1,1,1,1,0,0,0,1,1,1
PB02057,Mohali (SAS Nagar),IT/Software Services,1690.7,9,217.4,5813.5,15.8,1,0,1,1,1,0,1,1,1,0,0,0,0,1,1
PB02058,Amritsar,Auto Components,963.07,26,128.6,3685.7,5.1,0,0,0,1,1,1,1,1,0,0,0,0,0,1,0
PB02059,Jalandhar,Chemical,178.42,44,40.9,50.0,6.0,1,1,0,1,1,1,1,1,1,0,0,1,1,1,0
PB02060,Jalandhar,Agro-based,118.69,14,6.9,484.6,18.6,0,0,0,1,1,1,1,1,1,0,0,0,0,0,1
PB02061,Sangrur,Auto Components,309.03,35,47.2,1538.2,8.1,0,0,0,1,1,1,1,1,0,0,0,0,0,1,1
PB02062,Mohali,Chemical,1056.88,5,137.9,3736.0,33.9,1,0,0,1,1,0,1,1,1,1,0,0,1,1,1
PB02063,Mohali,Paper & Pulp,204.04,12,24.8,1018.4,26.2,0,1,0,1,1,1,1,1,1,0,0,1,0,0,1
PB02064,Hoshiarpur,Textile Dyeing,390.92,50,59.4,239.1,24.4,0,1,0,1,0,1,1,1,1,0,0,1,0,1,1
PB02065,Patiala,Pharmaceutical,499.97,17,32.0,1764.5,20.4,1,0,0,1,0,1,0,1,1,0,0,0,1,1,1
PB02066,Ludhiana,Textile,731.84,10,131.3,2592.9,0.5,0,0,0,1,1,1,1,1,0,0,0,0,0,1,1
PB02067,Moga,Engineering/Metal Fabrication,1003.64,38,159.7,2800.5,4.5,0,0,0,1,1,1,1,1,0,0,0,0,0,1,1
PB02068,Bathinda,Beverages,79.43,25,56.0,50.0,16.8,0,1,0,1,1,1,1,1,1,0,1,1,0,0,0
PB02069,Moga,Rice Milling,774.16,6,72.0,2629.7,24.7,1,0,0,1,1,0,1,1,0,0,1,0,1,1,1
PB02070,Fatehgarh Sahib,Paper & Pulp,3314.48,4,520.1,9797.9,20.6,0,0,0,1,1,0,0,1,1,1,0,0,0,1,1
PB02071,Mohali (SAS Nagar),Textile Dyeing,32.86,19,23.1,50.0,24.0,1,0,0,1,1,1,0,1,1,0,0,0,0,0,0
PB02072,Hoshiarpur,Agro-based,229.52,7,2.0,371.2,19.3,0,0,0,1,1,0,1,0,1,0,0,0,0,0,1
PB02073,Sangrur,Pharmaceutical,479.35,23,37.6,1993.2,18.5,1,0,0,1,1,1,1,1,1,0,0,0,1,1,1
PB02074,Mohali,Auto Components,695.49,4,78.4,2304.9,0.5,0,0,0,1,1,0,0,1,0,0,0,0,0,1,1
PB02075,Amritsar,Electronics,1467.22,30,193.9,4005.2,16.9,0,0,0,1,1,1,1,1,1,0,0,0,0,1,1
PB02076,Bathinda,Steel Rolling,390.68,30,23.5,1048.2,0.5,0,0,0,1,1,1,1,1,0,0,0,0,0,0,1
PB02077,Fatehgarh Sahib,Cement,1119.1,9,175.5,2781.5,5.6,0,0,0,1,1,0,1,1,0,1,0,0,0,1,1
PB02078,Hoshiarpur,IT/Software Services,200.44,56,40.2,779.1,0.5,0,0,1,1,0,0,1,1,0,0,0,0,0,1,1
PB02079,Moga,Rice Milling,604.91,78,88.2,1932.3,20.6,0,1,0,1,1,1,1,1,0,0,1,1,0,1,1
PB02080,Hoshiarpur,Paper & Pulp,188.02,38,26.2,50.0,6.0,0,1,0,1,1,1,1,1,1,1,0,1,0,1,0
PB02081,Ludhiana,Auto Components,91.31,46,15.2,50.0,5.7,0,0,0,1,1,1,1,1,1,0,0,0,0,0,0
PB02082,Rupnagar,Steel Rolling,71.75,65,58.4,50.0,0.5,0,0,0,1,1,1,1,1,0,0,0,0,0,1,0
PB02083,Sangrur,Pharmaceutical,107.01,10,2.0,50.0,22.4,1,0,0,1,1,0,1,1,1,0,0,0,1,0,0
PB02084,Hoshiarpur,Textile Dyeing,532.88,30,92.8,1004.1,19.8,0,1,0,1,1,1,1,1,1,0,0,1,0,1,1
PB02085,Bathinda,Textile Dyeing,154.33,19,26.9,214.9,29.8,0,0,0,1,1,1,1,1,1,0,0,0,0,1,1
PB02086,Bathinda,Textile Dyeing,952.86,24,159.8,3493.1,20.0,0,1,0,1,1,1,1,1,1,0,0,1,1,1,1
PB02087,Mohali (SAS Nagar),Textile Dyeing,25.11,14,16.2,50.0,5.3,0,1,0,1,1,1,1,1,1,0,0,1,0,0,0
PB02088,Jalandhar,Rice Milling,824.17,4,116.5,2626.5,24.1,0,1,0,1,1,0,0,1,1,0,1,1,0,1,1
PB02089,Bathinda,IT/Software Services,1229.65,18,217.5,3414.8,8.9,0,0,1,1,1,0,1,1,0,0,0,0,0,1,1
PB02090,Fatehgarh Sahib,Paper & Pulp,305.67,44,18.9,50.0,20.8,0,1,0,1,1,1,1,1,1,0,0,1,0,0,0
PB02091,Ludhiana,Paper & Pulp,681.02,17,116.1,2490.2,22.9,1,1,0,1,1,1,1,1,0,1,0,1,1,1,1
PB02092,Rupnagar,Rice Milling,1435.46,2,204.4,4553.5,27.3,0,0,0,1,1,0,0,1,1,0,1,0,0,1,1
PB02093,Patiala,Pharmaceutical,2319.05,8,361.0,6468.8,18.2,1,0,0,1,1,0,1,1,1,1,0,0,1,0,1
PB02094,Amritsar,Pharmaceutical,388.46,14,44.2,1469.2,18.0,1,0,0,1,1,1,1,1,1,0,0,0,1,1,1
PB02095,Fatehgarh Sahib,Furniture/Wood,1768.5,74,255.2,5695.5,16.4,0,0,0,1,1,1,1,1,1,0,0,0,0,1,1
PB02096,Amritsar,Plastic Products,627.36,30,104.6,1931.9,12.1,1,0,0,1,1,1,1,1,1,0,0,0,1,0,1
PB02097,Mohali (SAS Nagar),Cement,281.89,49,36.1,50.0,2.7,0,0,0,1,1,0,1,1,0,0,0,0,0,1,0
PB02098,Hoshiarpur,Plastic Products,328.9,8,50.7,160.6,21.0,1,0,0,1,1,0,1,1,1,0,0,0,1,1,1
PB02099,Fatehgarh Sahib,Agro-based,60.63,11,35.2,391.9,12.5,0,0,0,1,1,1,1,1,0,0,0,0,0,1,1
PB02100,Patiala,Rice Milling,261.81,13,67.1,50.0,25.3,0,0,0,1,0,1,1,0,1,0,1,0,0,1,0
PB02101,Amritsar,Furniture/Wood,177.43,22,24.9,198.6,11.9,0,0,0,1,1,1,1,1,0,0,0,0,0,0,1
PB02102,Bathinda,Furniture/Wood,933.58,27,140.3,2514.8,0.5,0,0,0,1,1,1,1,1,0,0,0,0,0,1,1
PB02103,Jalandhar,Food Processing,349.3,7,40.3,285.5,10.0,0,1,0,1,1,0,1,1,0,0,1,1,0,1,1
PB02104,Moga,Textile Dyeing,898.59,2,113.7,2402.3,21.2,0,0,0,1,1,0,1,1,1,0,0,0,0,1,1
PB02105,Sangrur,Engineering/Metal Fabrication,89.13,30,25.3,50.0,13.0,0,0,0,1,1,1,1,1,0,0,0,0,0,1,0
PB02106,Amritsar,Textile,913.71,4,127.4,4085.2,7.2,0,0,0,1,1,0,0,1,0,0,0,0,0,1,1
PB02107,Bathinda,Textile Dyeing,1169.72,28,186.8,3332.3,11.6,0,0,0,1,1,0,1,1,1,0,0,0,0,1,1
PB02108,Moga,Steel Rolling,952.64,18,161.1,2922.2,13.9,0,0,0,1,1,1,1,1,0,0,0,0,0,1,1
PB02109,Jalandhar,Plastic Products,1232.06,27,176.0,3571.6,0.5,1,0,0,1,1,1,1,1,1,0,0,0,1,1,1
PB02110,Hoshiarpur,Chemical,136.1,19,10.9,326.5,0.5,1,1,0,1,1,1,1,1,1,0,0,1,1,0,1
PB02111,Fatehgarh Sahib,Food Processing,1587.87,7,219.3,4978.0,2.0,0,0,0,1,1,0,1,1,0,1,1,0,0,1,0
PB02112,Patiala,Textile Dyeing,537.97,3,79.2,2147.3,17.4,0,1,0,1,1,0,0,1,1,0,0,1,0,1,1
PB02113,Moga,Leather Products,1384.8,30,236.5,2590.5,21.4,1,0,0,1,1,1,1,1,1,0,0,0,1,1,1
PB02114,Mohali (SAS Nagar),Food Processing,770.36,24,102.6,1359.6,0.5,0,0,0,1,1,1,1,1,0,0,1,0,1,1,1
PB02115,Ludhiana,Paper & Pulp,502.84,45,99.8,2176.0,14.8,0,1,0,1,1,1,1,1,1,1,0,1,0,1,1
PB02116,Bathinda,Beverages,320.94,57,28.3,814.3,25.7,0,1,0,1,1,1,1,1,1,0,1,1,0,1,1
PB02117,Jalandhar,Pharmaceutical,14.84,7,2.0,50.0,23.6,1,0,0,1,1,0,1,1,1,0,0,0,0,0,0
PB02118,Jalandhar,Beverages,1405.66,104,186.3,3829.3,20.0,0,1,0,1,1,1,1,1,1,0,1,1,0,1,1
PB02119,Moga,Cement,312.52,5,40.1,1138.9,24.1,0,0,0,1,1,0,1,1,1,0,0,0,0,1,1
PB02120,Amritsar,Auto Components,282.98,38,4.4,1020.5,6.8,0,0,0,1,1,1,1,1,0,0,0,0,0,0,1
PB02121,Rupnagar,Food Processing,712.12,37,77.0,2066.7,1.5,0,0,0,1,1,1,1,1,0,0,1,0,0,1,1
PB02122,Rupnagar,Furniture/Wood,1142.44,17,182.9,3018.2,0.5,0,0,0,1,1,1,1,1,0,0,0,0,0,1,1
PB02123,Patiala,IT/Software Services,352.64,20,84.1,784.8,1.2,0,0,1,1,1,0,1,1,0,0,0,0,0,1,1
PB02124,Sangrur,Textile,64.56,16,17.3,76.1,0.5,0,0,0,1,1,1,1,1,0,0,0,0,0,0,0
PB02125,Sangrur,Electronics,164.04,18,3.0,1273.2,5.6,0,0,0,1,0,0,1,1,0,0,0,0,0,0,1
PB02126,Bathinda,Food Processing,1280.8,16,224.8,3390.0,12.1,0,0,0,1,1,1,1,1,0,0,1,0,0,1,1
PB02127,Mohali,Agro-based,1495.61,14,225.4,3231.6,4.3,0,0,0,1,1,1,1,1,0,0,0,0,0,1,1
PB02128,Patiala,Textile,1629.52,11,234.5,3895.4,11.1,0,0,0,1,1,1,1,1,0,0,0,0,0,1,1
PB02129,Mohali (SAS Nagar),Chemical,503.76,58,86.7,1526.7,29.2,1,1,0,1,1,1,1,1,1,1,0,1,1,1,1
PB02130,Amritsar,Agro-based,605.18,33,108.9,2214.6,1.6,0,0,0,1,1,1,1,1,0,0,0,0,0,1,1
PB02131,Sangrur,Cement,586.56,127,96.8,1736.6,6.2,0,0,0,1,1,1,1,1,0,1,0,0,0,1,1
PB02132,Jalandhar,Plastic Products,771.71,20,137.7,2239.8,2.3,1,0,0,1,1,1,1,1,1,0,0,0,1,1,1
PB02133,Fatehgarh Sahib,Furniture/Wood,555.22,4,91.4,1246.1,0.8,0,0,0,1,1,0,0,1,0,0,0,0,0,1,1
PB02134,Sangrur,Rice Milling,1174.87,15,170.2,3295.9,11.1,0,1,0,1,1,1,1,1,1,0,1,1,1,1,1
PB02135,Amritsar,Rice Milling,345.69,17,51.8,1267.8,24.8,0,1,0,1,1,1,1,1,1,0,1,1,0,1,0
PB02136,Fatehgarh Sahib,Beverages,382.08,85,42.9,1721.7,21.6,0,1,0,1,1,1,1,1,1,0,1,1,0,1,1
PB02137,Mohali (SAS Nagar),Beverages,3804.66,39,572.4,11834.3,19.6,0,1,0,1,1,1,1,1,1,1,1,1,0,1,0
PB02138,Mohali,Electronics,1236.52,31,175.0,3506.5,8.0,0,0,0,1,1,1,1,1,0,0,0,0,0,1,1
PB02139,Fatehgarh Sahib,Engineering/Metal Fabrication,249.7,26,2.0,1230.3,4.5,0,0,0,1,1,1,1,1,0,0,0,0,0,0,1
PB02140,Ludhiana,Furniture/Wood,720.11,6,137.7,2324.0,8.5,0,0,0,1,1,0,1,1,0,0,0,0,0,0,1
PB02141,Hoshiarpur,Pharmaceutical,143.19,79,2.0,369.0,21.4,1,0,0,1,1,1,1,1,1,0,0,0,1,0,1
PB02142,Mohali (SAS Nagar),Rice Milling,152.8,5,53.8,1038.1,19.2,0,1,0,1,1,0,1,1,1,0,1,1,0,1,1
PB02143,Amritsar,Electronics,1838.57,13,254.9,5533.5,21.1,0,0,0,1,1,1,1,1,1,0,0,0,0,1,1
PB02144,Bathinda,Beverages,140.67,24,22.0,50.0,36.8,0,1,0,1,1,1,1,1,1,0,1,1,0,0,0
PB02145,Patiala,Engineering/Metal Fabrication,29.25,70,12.7,124.7,1.6,0,0,0,1,1,1,1,1,0,0,0,0,0,0,0
PB02146,Ludhiana,Textile Dyeing,630.07,13,114.9,1934.0,34.4,0,0,0,1,1,1,1,1,1,1,0,0,0,1,1
PB02147,Jalandhar,Textile Dyeing,253.55,19,30.4,50.0,7.7,0,1,0,1,1,1,1,1,1,0,0,1,0,1,0
PB02148,Bathinda,Paper & Pulp,1134.66,5,158.7,3211.8,19.1,0,1,0,1,1,0,1,1,1,1,0,1,0,1,1
PB02149,Patiala,Food Processing,123.68,17,45.3,250.7,15.0,0,1,0,1,1,1,1,1,0,0,1,1,0,1,1
PB02150,Rupnagar,IT/Software Services,1423.04,11,206.4,4054.2,3.9,0,0,1,1,1,0,1,1,0,0,0,0,0,1,0
PB02151,Rupnagar,Rice Milling,517.4,3,107.1,1623.7,22.5,1,1,0,1,1,0,0,1,1,0,1,1,1,1,1
PB02152,Hoshiarpur,Rice Milling,623.26,36,102.1,1669.4,19.9,0,1,0,1,1,1,1,1,1,0,1,1,0,1,1
PB02153,Bathinda,Textile,1989.89,10,251.4,5866.7,0.5,0,0,0,1,1,1,1,1,0,0,0,0,0,1,1
PB02154,Moga,Engineering/Metal Fabrication,234.32,26,36.8,675.2,18.4,0,0,0,1,1,1,1,1,1,0,0,0,0,1,1
PB02155,Hoshiarpur,Beverages,604.86,32,106.8,1625.3,28.7,0,1,0,1,1,1,1,1,1,0,1,1,1,1,1
PB02156,Amritsar,Chemical,565.72,8,95.7,2396.9,15.3,1,0,0,1,1,0,1,1,1,1,0,0,1,0,1
PB02157,Jalandhar,Paper & Pulp,893.52,9,107.7,3553.2,22.6,0,0,0,1,1,0,1,1,1,1,0,0,0,1,1
PB02158,Fatehgarh Sahib,Chemical,459.7,8,68.6,1652.5,21.3,1,1,0,1,1,0,1,1,1,0,0,1,1,1,1
PB02159,Patiala,Food Processing,89.91,38,11.8,50.0,9.3,0,1,0,1,1,1,1,1,0,0,1,1,0,0,0
PB02160,Fatehgarh Sahib,IT/Software Services,315.34,37,44.9,1053.7,11.4,0,0,1,1,1,0,1,1,0,0,0,0,0,1,1
PB02161,Moga,Agro-based,243.64,17,35.9,700.7,0.5,0,0,0,1,1,1,1,1,0,0,0,0,0,1,1
PB02162,Hoshiarpur,IT/Software Services,605.9,39,71.6,2777.1,0.5,0,0,1,1,1,0,1,1,0,0,0,0,0,1,1
PB02163,Sangrur,Beverages,342.64,33,62.8,1017.7,6.9,0,0,0,1,1,1,1,1,1,0,1,0,0,1,1
PB02164,Mohali (SAS Nagar),Textile Dyeing,1902.2,3,263.0,5209.9,12.0,0,1,0,1,1,0,0,0,1,0,0,1,0,1,1
PB02165,Ludhiana,Plastic Products,174.14,6,12.1,533.2,3.1,1,0,0,1,1,0,1,1,1,0,0,0,1,0,1
PB02166,Moga,Beverages,240.68,4,52.0,50.0,6.2,0,0,0,1,1,0,0,0,1,0,1,0,0,1,0
PB02167,Patiala,Cement,613.03,7,113.9,1077.8,16.3,0,0,0,1,1,0,1,1,1,1,0,0,0,1,1
PB02168,Mohali (SAS Nagar),Agro-based,40.96,65,2.0,935.6,9.7,0,0,0,1,1,1,1,1,0,0,0,0,0,0,1
PB02169,Mohali,Beverages,1416.17,82,212.5,3697.0,22.5,0,1,0,1,1,1,1,1,1,0,1,1,0,1,1
PB02170,Patiala,IT/Software Services,92.59,8,17.6,205.8,21.7,0,0,1,1,1,0,1,0,1,0,0,0,0,0,1
PB02171,Hoshiarpur,Steel Rolling,229.17,15,2.0,444.1,5.0,0,0,0,1,1,0,1,1,0,0,0,0,0,0,1
PB02172,Mohali,Rice Milling,1703.55,15,247.5,5651.9,22.6,0,0,0,1,1,1,1,1,1,0,1,0,0,1,1
PB02173,Amritsar,Auto Components,386.35,11,44.7,1457.2,0.5,0,0,0,1,1,1,1,1,0,0,0,0,0,1,1
PB02174,Rupnagar,Chemical,141.07,4,2.0,50.0,17.1,1,0,0,1,1,0,1,1,1,0,0,0,1,0,0
PB02175,Hoshiarpur,Engineering/Metal Fabrication,354.69,2,70.4,1684.8,8.4,0,0,0,1,1,0,0,1,0,0,0,0,0,1,1
PB02176,Rupnagar,IT/Software Services,49.34,24,11.4,472.9,3.1,0,0,1,1,1,0,1,1,0,0,0,0,0,0,1
PB02177,Patiala,Electronics,180.52,7,51.7,50.0,11.8,0,0,0,1,1,0,1,0,0,0,0,0,0,1,0
PB02178,Sangrur,Plastic Products,89.94,12,14.3,453.1,7.7,1,0,0,1,1,1,1,1,1,0,0,0,0,0,1
PB02179,Patiala,Textile,1035.39,14,137.0,4415.4,9.0,0,0,0,1,1,1,1,1,0,0,0,0,0,1,1
PB02180,Patiala,Electronics,53.25,96,16.1,50.0,0.5,0,0,0,1,1,1,1,1,0,0,0,0,0,0,0
PB02181,Mohali (SAS Nagar),Electronics,134.83,5,74.0,718.8,13.7,0,0,0,1,1,0,1,1,0,0,0,0,0,1,1
PB02182,Jalandhar,Plastic Products,783.78,118,123.6,2070.4,0.5,1,0,0,1,1,1,1,1,1,0,0,0,1,1,1
PB02183,Jalandhar,Furniture/Wood,197.89,27,3.2,1673.2,0.5,0,0,0,1,1,1,1,1,0,0,0,0,0,0,1
PB02184,Mohali (SAS Nagar),Textile Dyeing,506.65,44,69.5,1922.0,32.5,0,1,0,1,1,1,1,1,1,0,0,1,1,1,0
PB02185,Bathinda,Pharmaceutical,1175.95,2,196.0,4760.9,29.5,1,0,0,1,1,0,0,1,1,1,0,0,1,1,1
PB02186,Jalandhar,Leather Products,168.61,19,14.3,559.1,23.7,1,0,0,1,1,1,1,1,1,0,0,0,1,0,1
PB02187,Mohali,Steel Rolling,1962.38,47,273.9,5167.7,14.4,1,0,0,1,1,1,1,1,1,0,0,0,1,1,1
PB02188,Rupnagar,Auto Components,336.05,6,65.3,50.0,11.6,0,0,0,1,1,0,1,0,0,0,0,0,0,1,0
PB02189,Rupnagar,Pharmaceutical,857.88,16,113.9,2282.9,34.6,1,0,0,1,1,1,1,1,1,1,0,0,1,1,1
PB02190,Mohali,Plastic Products,490.92,37,77.4,748.0,0.5,1,0,0,1,1,1,1,1,1,0,0,0,1,1,1
PB02191,Hoshiarpur,Engineering/Metal Fabrication,217.84,2,50.8,935.3,4.2,0,0,0,1,1,0,0,1,0,0,0,0,0,1,1
PB02192,Amritsar,Textile Dyeing,489.01,15,74.7,2147.6,13.7,0,1,0,1,1,1,1,0,1,0,0,1,0,1,1
PB02193,Hoshiarpur,Furniture/Wood,1190.23,8,174.6,2603.0,1.5,0,0,0,1,1,0,1,1,0,0,0,0,0,1,1
PB02194,Moga,Rice Milling,503.57,24,67.1,1215.7,14.7,0,1,0,1,1,1,1,1,1,0,1,1,0,1,1
PB02195,Mohali,Textile Dyeing,913.62,21,157.7,3348.6,20.0,0,0,0,1,1,1,1,1,1,0,0,0,0,1,1
PB02196,Sangrur,Electronics,2422.63,3,344.3,7536.7,1.4,0,0,0,1,1,0,0,1,0,1,0,0,0,1,1
PB02197,Hoshiarpur,Plastic Products,176.42,10,22.4,668.6,2.6,1,0,0,1,1,1,1,1,1,0,0,0,1,0,1
PB02198,Amritsar,Rice Milling,156.93,13,21.9,692.7,19.4,0,1,0,1,1,1,1,1,1,0,1,1,0,0,1
PB02199,Bathinda,Beverages,666.6,38,73.8,1893.2,19.8,0,1,0,1,1,1,1,1,1,0,1,1,0,1,1
PB02200,Moga,Steel Rolling,191.19,10,11.0,1142.5,4.0,0,0,0,1,1,1,1,1,0,0,0,0,0,0,1
PB02201,Fatehgarh Sahib,Chemical,256.93,5,45.5,101.2,25.9,1,1,0,1,1,0,1,1,1,0,0,1,1,1,0
PB02202,Jalandhar,Auto Components,657.15,9,127.4,2093.6,10.7,0,0,0,1,1,0,1,1,0,1,0,0,0,1,0
PB02203,Fatehgarh Sahib,Beverages,109.48,32,2.0,338.5,24.4,0,1,0,1,1,1,0,1,1,0,1,1,0,0,1
PB02204,Hoshiarpur,Auto Components,286.2,10,58.4,453.2,0.5,1,0,0,1,1,1,1,1,1,0,0,0,1,1,1
PB02205,Bathinda,Agro-based,264.32,5,30.3,613.7,9.2,0,0,0,1,1,1,1,1,0,0,0,0,0,1,1
PB02206,Patiala,Textile Dyeing,267.5,5,18.4,990.8,31.9,0,1,0,1,1,0,1,1,1,0,0,1,0,0,1
PB02207,Sangrur,Pharmaceutical,3678.93,19,564.2,10466.1,6.9,1,0,0,1,1,1,1,1,0,1,0,0,1,1,1
PB02208,Mohali,Rice Milling,1584.23,7,229.9,5527.6,19.5,0,1,0,1,1,0,1,1,1,0,1,1,0,1,1
PB02209,Jalandhar,Food Processing,3769.71,28,549.1,11675.2,0.5,0,0,0,1,1,1,1,1,0,1,1,0,0,1,1
PB02210,Bathinda,Paper & Pulp,58.59,63,14.6,50.0,27.7,0,0,0,1,1,1,1,1,1,0,0,0,0,0,0
PB02211,Fatehgarh Sahib,Plastic Products,101.41,83,2.0,538.9,0.5,1,0,0,1,1,1,1,1,1,0,0,0,1,0,1
PB02212,Amritsar,Engineering/Metal Fabrication,292.67,67,63.3,1288.7,5.1,0,0,0,1,1,1,1,1,0,0,0,0,0,1,1
PB02213,Amritsar,Pharmaceutical,173.25,22,51.7,800.5,22.7,1,0,0,1,1,1,1,1,1,0,0,0,1,1,1
PB02214,Jalandhar,Chemical,157.02,21,16.0,610.0,17.5,1,1,0,1,1,1,1,1,1,1,0,1,1,0,1
PB02215,Rupnagar,Leather Products,1933.9,1,283.3,5932.5,5.7,1,0,0,1,1,0,1,1,1,0,0,0,1,1,1
PB02216,Patiala,Engineering/Metal Fabrication,225.3,5,25.8,906.5,6.0,0,0,0,1,1,0,1,1,0,0,0,0,0,1,1
PB02217,Rupnagar,Electronics,1951.95,9,274.0,6177.8,0.5,1,0,0,1,1,0,1,1,1,0,0,0,1,1,1
PB02218,Sangrur,Textile Dyeing,529.08,22,74.8,1548.2,22.1,0,1,0,1,1,1,1,1,1,1,0,1,0,1,1
PB02219,Amritsar,Auto Components,324.61,12,69.9,492.7,0.5,0,0,0,1,1,1,1,1,0,0,0,0,0,1,1
PB02220,Bathinda,Steel Rolling,494.22,42,73.3,777.6,10.5,1,0,0,1,1,1,1,1,1,0,0,0,1,1,1
PB02221,Mohali,Pharmaceutical,1710.07,98,218.6,5145.6,23.3,1,0,0,1,1,1,0,1,1,1,0,0,1,1,1
PB02222,Moga,Textile,298.27,17,62.9,1494.5,0.5,0,0,0,1,1,1,1,1,0,0,0,0,0,1,1
PB02223,Mohali (SAS Nagar),Chemical,372.14,24,81.8,1146.7,16.0,1,1,0,1,1,1,1,1,1,0,0,1,1,1,1
PB02224,Jalandhar,Rice Milling,551.76,2,105.0,799.9,22.5,0,1,0,1,1,0,0,1,1,0,1,1,0,1,1
PB02225,Rupnagar,Plastic Products,138.24,21,16.0,50.0,8.8,1,0,0,1,1,1,1,1,1,0,0,0,1,0,0
PB02226,Fatehgarh Sahib,Paper & Pulp,518.13,90,84.3,1051.7,17.6,0,1,0,1,1,1,1,1,1,1,0,1,0,1,1
PB02227,Mohali,Leather Products,327.75,39,41.5,605.7,25.6,1,0,0,1,1,1,1,1,0,0,0,0,1,1,1
PB02228,Bathinda,Pharmaceutical,127.18,3,2.0,1461.8,25.8,1,0,0,1,1,0,0,1,0,1,0,0,1,0,0
PB02229,Ludhiana,Agro-based,1576.43,60,241.2,5462.5,0.5,0,0,0,1,1,1,1,1,0,0,0,0,0,1,1
PB02230,Ludhiana,Cement,977.75,2,140.8,3796.0,17.2,0,0,0,1,1,0,1,1,1,1,0,0,0,1,1
PB02231,Ludhiana,Paper & Pulp,313.07,1,12.0,666.2,14.7,0,1,0,1,1,0,0,1,1,0,0,1,0,0,1
PB02232,Fatehgarh Sahib,Paper & Pulp,422.23,31,46.1,1162.5,36.1,0,1,0,1,1,1,1,1,1,0,0,1,0,1,1
PB02233,Fatehgarh Sahib,IT/Software Services,373.15,16,106.9,1139.4,0.5,0,0,1,1,1,0,1,1,0,0,0,0,0,1,1
PB02234,Sangrur,Plastic Products,196.2,16,52.4,835.2,0.5,1,0,0,1,1,1,1,1,1,0,0,0,1,1,1
PB02235,Patiala,Textile Dyeing,183.75,26,48.7,924.1,25.7,0,0,0,1,0,1,1,1,1,0,0,0,0,1,1
PB02236,Fatehgarh Sahib,Cement,754.5,22,108.9,3029.6,9.7,0,0,0,1,1,1,1,1,0,1,0,0,0,1,1
PB02237,Sangrur,Paper & Pulp,331.88,1,70.5,410.4,41.3,0,1,0,1,1,0,0,1,1,0,0,1,0,1,1
PB02238,Mohali,Furniture/Wood,190.23,103,16.0,436.1,9.4,0,0,0,1,1,1,1,1,0,0,0,0,0,0,1
PB02239,Moga,Textile,1742.81,1,261.0,6403.1,0.5,0,0,0,1,1,0,0,1,0,0,0,0,0,1,1
PB02240,Rupnagar,Steel Rolling,118.07,56,2.0,178.3,0.5,0,0,0,1,1,1,1,1,0,0,0,0,0,0,1
PB02241,Ludhiana,Agro-based,37.24,7,2.0,50.0,5.6,0,0,0,1,1,0,1,0,0,1,0,0,0,0,0
PB02242,Bathinda,Beverages,424.47,95,66.5,1697.5,18.0,0,0,0,1,1,1,1,1,1,0,1,0,0,1,1
PB02243,Ludhiana,Engineering/Metal Fabrication,300.01,10,31.0,641.3,0.5,0,0,0,1,1,1,1,1,0,0,0,0,0,1,1
PB02244,Hoshiarpur,Plastic Products,163.82,129,2.0,85.1,4.1,1,0,0,1,1,1,1,1,0,0,0,0,1,0,0
PB02245,Mohali,Plastic Products,288.55,5,14.6,1959.1,0.5,1,0,0,1,1,0,1,1,1,0,0,0,1,0,1
PB02246,Fatehgarh Sahib,Textile Dyeing,2611.71,8,364.4,7929.8,9.4,0,1,0,1,1,0,1,1,1,1,0,1,0,0,1
PB02247,Moga,Engineering/Metal Fabrication,56.21,7,43.5,317.4,0.5,1,0,0,1,1,0,1,1,1,0,0,0,0,1,1
PB02248,Fatehgarh Sahib,Paper & Pulp,388.55,39,48.2,747.8,13.5,0,1,0,1,1,1,1,1,1,0,0,1,0,1,1
PB02249,Mohali,Furniture/Wood,6000.0,229,894.7,17541.3,6.9,0,0,0,1,1,1,1,1,0,1,0,0,0,1,1
PB02250,Patiala,Steel Rolling,783.99,29,115.9,2507.7,11.1,0,0,0,1,1,1,1,1,0,0,0,0,0,1,1
PB02251,Amritsar,Electronics,1079.27,22,151.8,2723.8,1.8,0,0,0,1,1,1,1,1,0,0,0,0,0,1,1
PB02252,Fatehgarh Sahib,Auto Components,63.29,9,3.3,50.0,7.9,0,0,0,1,1,0,1,0,0,0,0,0,0,0,0
PB02253,Mohali,Beverages,1174.32,25,178.6,3748.6,22.7,0,1,0,1,1,1,1,1,1,0,1,1,0,1,1
PB02254,Rupnagar,Plastic Products,332.53,4,43.5,1282.1,0.5,1,0,0,1,1,0,0,1,1,0,0,0,1,1,1
PB02255,Ludhiana,IT/Software Services,5723.41,13,868.2,17676.7,0.5,0,0,1,1,1,0,1,1,0,1,0,0,0,1,1
PB02256,Moga,Pharmaceutical,53.65,4,2.0,50.0,9.4,1,0,0,1,1,0,0,1,1,0,0,0,0,0,0
PB02257,Hoshiarpur,Electronics,72.74,4,4.1,316.7,8.8,0,0,0,1,1,0,0,1,0,0,0,0,0,0,1
PB02258,Fatehgarh Sahib,Furniture/Wood,324.59,7,26.7,1069.1,3.3,0,0,0,1,1,1,1,1,0,0,0,0,0,1,1
PB02259,Bathinda,IT/Software Services,116.75,11,34.0,50.0,6.2,1,0,1,1,1,0,1,1,1,0,0,0,1,1,0
PB02260,Bathinda,IT/Software Services,744.41,3,105.3,2194.8,5.9,0,0,1,1,1,0,0,1,0,0,0,0,0,1,1
PB02261,Mohali,Auto Components,393.96,30,50.9,1432.4,12.8,0,0,0,1,1,1,1,1,0,0,0,0,0,1,1
PB02262,Ludhiana,Auto Components,398.78,4,49.5,1953.1,4.7,0,0,0,1,1,0,0,1,0,0,0,0,0,1,1
PB02263,Fatehgarh Sahib,IT/Software Services,795.24,12,118.9,2279.9,11.7,0,0,1,1,1,0,1,1,0,0,0,0,0,0,1
PB02264,Amritsar,Furniture/Wood,322.08,74,32.0,792.2,12.9,0,0,0,1,1,1,1,1,0,0,0,0,0,1,1
PB02265,Bathinda,Chemical,189.95,30,28.3,904.0,37.8,1,1,0,1,1,1,1,1,1,1,0,1,1,1,1
PB02266,Amritsar,Cement,63.0,44,43.3,50.0,7.3,0,0,0,1,1,1,1,1,0,0,0,0,0,1,0
PB02267,Mohali,Pharmaceutical,743.17,11,110.5,1894.1,40.8,1,0,0,1,1,1,1,1,1,1,0,0,1,1,1
PB02268,Jalandhar,Leather Products,147.14,10,10.1,50.0,23.6,1,0,0,1,1,1,1,1,1,0,0,0,1,0,0
PB02269,Amritsar,Pharmaceutical,232.26,106,44.8,569.2,15.5,1,0,0,1,1,1,1,1,1,0,0,0,1,0,1
PB02270,Moga,Rice Milling,991.85,30,159.8,3470.2,11.9,0,1,0,1,1,1,1,0,1,0,1,1,0,1,1
PB02271,Rupnagar,Auto Components,227.83,15,55.6,919.0,0.5,0,0,0,1,1,1,1,1,0,0,0,0,0,0,1
PB02272,Fatehgarh Sahib,Textile,345.69,7,22.8,1654.7,0.5,0,0,0,1,1,0,1,1,0,0,0,0,0,0,1
PB02273,Ludhiana,Rice Milling,251.06,5,51.7,50.0,15.2,0,1,0,1,1,0,1,1,1,0,1,1,0,1,0
PB02274,Hoshiarpur,IT/Software Services,2070.23,23,304.0,6082.8,4.2,0,0,1,1,1,0,1,1,0,1,0,0,0,1,1
PB02275,Hoshiarpur,Furniture/Wood,833.33,6,109.0,2622.2,0.5,0,0,0,1,1,0,1,1,0,1,0,0,0,1,1
PB02276,Mohali (SAS Nagar),Food Processing,3481.1,56,540.0,10408.6,8.6,0,1,0,1,1,1,1,1,0,1,1,1,0,1,1
PB02277,Mohali,Textile Dyeing,207.52,80,31.2,1022.8,30.2,0,1,0,1,1,1,1,1,1,0,0,1,0,1,1
PB02278,Fatehgarh Sahib,Textile,6000.0,13,893.6,17861.2,1.0,0,0,0,1,1,1,1,1,0,1,0,0,0,1,1
PB02279,Mohali (SAS Nagar),Engineering/Metal Fabrication,377.06,9,83.8,1489.7,3.6,0,0,0,1,1,0,1,1,0,0,0,0,0,1,1
PB02280,Moga,Electronics,327.53,12,57.9,1515.5,9.9,0,0,0,1,1,1,1,1,0,0,0,0,0,0,1
PB02281,Jalandhar,Electronics,861.14,6,152.3,2406.7,22.4,0,0,0,1,1,0,1,1,1,0,0,0,0,1,1
PB02282,Fatehgarh Sahib,Steel Rolling,435.09,38,89.6,1855.2,15.9,0,0,0,1,1,1,1,1,1,0,0,0,0,1,1
PB02283,Fatehgarh Sahib,Electronics,574.29,6,52.4,1642.0,7.2,0,0,0,1,1,0,1,1,0,0,0,0,0,1,1
PB02284,Mohali (SAS Nagar),Textile,498.73,22,84.0,1580.2,10.5,0,0,0,1,1,1,1,1,0,0,0,0,0,1,1
PB02285,Sangrur,Paper & Pulp,517.86,6,91.4,1581.8,11.2,0,0,0,1,1,0,1,1,1,1,0,0,0,1,1
PB02286,Patiala,Electronics,1259.36,5,218.7,3808.1,17.8,0,0,0,1,1,0,1,1,1,0,0,0,0,1,1
PB02287,Fatehgarh Sahib,Steel Rolling,556.23,13,87.1,1574.2,0.5,0,0,0,1,1,1,1,1,0,0,0,0,0,1,1
PB02288,Rupnagar,Agro-based,2371.85,6,339.9,6733.1,7.5,0,0,0,1,1,0,1,1,0,1,0,0,0,1,1
PB02289,Patiala,Steel Rolling,584.38,159,100.7,2003.4,0.5,0,0,0,1,1,1,1,1,0,0,0,0,0,1,1
PB02290,Sangrur,Textile Dyeing,316.92,75,51.0,753.3,17.9,0,0,0,1,1,1,1,1,1,0,0,0,0,1,1
PB02291,Fatehgarh Sahib,Leather Products,570.79,12,74.4,2172.7,6.5,1,0,0,1,0,0,1,1,1,0,0,0,1,1,1
PB02292,Hoshiarpur,Food Processing,1858.68,11,283.4,5548.4,17.5,0,1,0,1,1,1,1,1,1,0,1,1,0,1,1
PB02293,Jalandhar,Steel Rolling,180.17,9,28.2,537.5,7.0,0,0,0,1,1,0,1,1,0,0,0,0,0,1,1
PB02294,Hoshiarpur,Paper & Pulp,234.42,12,39.2,1034.5,16.3,0,0,0,1,1,1,1,1,1,0,0,0,1,1,1
PB02295,Bathinda,Steel Rolling,805.58,8,176.0,2757.2,3.2,0,0,0,1,1,0,1,1,0,0,0,0,0,1,1
PB02296,Hoshiarpur,Food Processing,187.36,6,73.7,1626.6,4.3,0,1,0,1,1,0,0,1,0,0,1,1,0,1,1
PB02297,Patiala,Beverages,923.18,19,121.1,3299.6,17.5,0,0,0,1,1,1,1,1,1,0,1,0,0,1,1
PB02298,Bathinda,Textile,582.19,15,95.0,1912.8,7.2,1,0,0,1,1,1,1,1,1,0,0,0,1,0,1
PB02299,Mohali (SAS Nagar),Agro-based,341.26,8,81.1,906.7,0.5,1,0,0,1,1,0,1,1,1,0,0,0,1,1,1
PB02300,Bathinda,Textile,121.91,10,47.4,549.7,0.5,0,0,0,1,1,1,1,1,0,0,0,0,0,1,1
PB02301,Rupnagar,Engineering/Metal Fabrication,286.98,3,52.4,1052.3,15.7,0,0,0,1,1,0,0,1,0,0,0,0,0,1,1
PB02302,Moga,Textile,262.17,103,81.6,599.3,2.8,0,0,0,1,1,1,1,1,0,0,0,0,0,1,0
PB02303,Mohali (SAS Nagar),Engineering/Metal Fabrication,154.77,4,8.0,50.0,5.3,0,0,0,1,1,0,0,0,0,0,0,0,0,0,0
PB02304,Mohali (SAS Nagar),Agro-based,62.09,11,2.0,623.0,7.5,0,0,0,1,1,0,1,1,0,0,0,0,0,0,1
PB02305,Hoshiarpur,Food Processing,1114.48,14,146.9,4042.1,10.0,0,1,0,1,1,1,1,1,0,0,1,1,0,1,1
PB02306,Sangrur,Food Processing,972.41,13,143.6,2665.8,0.5,0,0,0,1,1,1,1,1,0,0,1,0,0,1,1
PB02307,Moga,Paper & Pulp,392.97,24,78.7,801.2,15.5,0,0,0,1,1,1,1,1,1,0,0,0,0,1,1
PB02308,Patiala,Paper & Pulp,187.79,2,21.4,202.1,20.8,0,1,0,1,1,0,0,1,0,0,0,1,0,0,1
PB02309,Sangrur,Rice Milling,2059.27,17,288.0,6565.7,22.1,0,1,0,1,1,1,0,1,1,1,1,1,0,1,1
PB02310,Moga,Rice Milling,134.66,2,10.2,1325.0,23.8,0,0,0,1,1,0,0,1,1,0,1,0,0,1,1
PB02311,Mohali,Electronics,6000.0,3,928.1,17765.8,2.3,0,0,0,1,1,0,0,1,0,1,0,0,0,1,0
PB02312,Sangrur,Pharmaceutical,542.73,32,107.2,1450.0,14.1,1,0,0,1,1,1,1,1,1,1,0,0,1,1,1
PB02313,Mohali (SAS Nagar),Paper & Pulp,40.26,12,2.0,50.0,7.8,0,1,0,1,1,0,1,1,1,0,0,1,0,0,0
PB02314,Hoshiarpur,Electronics,352.3,6,78.9,693.4,4.0,0,0,0,1,1,0,1,1,0,0,0,0,0,1,1
PB02315,Moga,Textile Dyeing,365.31,3,72.9,50.0,17.5,0,0,0,1,1,0,0,0,1,0,0,0,0,1,0
PB02316,Sangrur,Steel Rolling,55.7,12,12.0,50.0,16.6,0,0,0,1,1,1,1,0,1,0,0,0,0,0,0
PB02317,Sangrur,IT/Software Services,825.8,30,148.3,2302.9,0.5,0,0,1,1,1,0,1,1,0,0,0,0,0,1,1
PB02318,Mohali (SAS Nagar),Electronics,1150.65,36,153.5,3192.3,10.6,0,0,0,1,1,1,1,1,0,1,0,0,0,1,1
PB02319,Moga,Cement,323.23,69,20.1,1912.6,5.8,0,0,0,1,1,1,1,1,0,0,0,0,0,0,1
PB02320,Mohali (SAS Nagar),Furniture/Wood,330.91,3,77.7,1741.2,14.9,0,0,0,1,1,0,0,1,0,0,0,0,0,1,1
PB02321,Jalandhar,Plastic Products,841.94,27,131.9,2743.8,21.1,1,0,0,1,1,1,1,1,1,0,0,0,1,1,1
PB02322,Mohali (SAS Nagar),Electronics,1731.53,6,278.5,5242.7,8.4,0,0,0,1,1,0,1,1,0,0,0,0,0,1,1
PB02323,Amritsar,Electronics,470.85,16,34.3,1531.6,0.5,0,0,0,1,1,1,1,1,0,0,0,0,0,1,1
PB02324,Hoshiarpur,Engineering/Metal Fabrication,1242.07,8,157.1,3467.8,0.5,0,0,0,1,0,0,1,1,0,0,0,0,0,1,1
PB02325,Mohali (SAS Nagar),Cement,2267.2,9,322.6,6579.4,12.4,0,0,0,1,1,0,1,1,0,1,0,0,0,1,1
PB02326,Jalandhar,Chemical,456.77,4,65.1,1088.4,8.6,1,1,0,1,1,0,0,1,1,0,0,1,1,1,1
PB02327,Mohali (SAS Nagar),Engineering/Metal Fabrication,231.91,119,26.5,1046.0,8.7,0,0,0,1,1,1,1,1,0,0,0,0,0,1,1
PB02328,Bathinda,Plastic Products,34.98,57,2.0,451.1,0.5,1,0,0,1,1,1,1,1,1,1,0,0,0,0,1
PB02329,Fatehgarh Sahib,Pharmaceutical,178.37,5,42.1,1293.5,26.9,1,0,0,1,1,0,1,1,1,0,0,0,0,1,1
PB02330,Jalandhar,Rice Milling,109.61,40,42.4,167.2,18.6,0,1,0,1,1,1,1,1,1,0,1,1,0,1,1
PB02331,Jalandhar,Leather Products,305.95,28,30.2,854.8,21.7,1,0,0,1,1,0,1,1,1,0,0,0,1,1,1
PB02332,Fatehgarh Sahib,Leather Products,2185.46,20,341.0,7124.3,14.0,1,0,0,1,1,0,1,1,1,1,0,0,1,1,1
PB02333,Patiala,Paper & Pulp,1392.98,22,239.3,3848.6,18.2,0,1,0,1,1,1,1,1,1,1,0,1,1,1,1
PB02334,Moga,Rice Milling,303.63,28,56.0,1013.1,16.6,0,0,0,1,1,0,1,1,1,0,1,0,0,1,1
PB02335,Hoshiarpur,Pharmaceutical,502.95,21,73.0,1833.0,19.3,1,0,0,1,1,1,1,1,1,1,0,0,1,1,1
PB02336,Bathinda,Engineering/Metal Fabrication,309.73,31,58.4,860.2,0.5,0,0,0,1,1,1,1,1,0,0,0,0,0,1,1
PB02337,Ludhiana,IT/Software Services,68.41,35,3.8,50.0,0.5,0,0,1,1,1,0,1,1,0,0,0,0,0,0,0
PB02338,Jalandhar,Textile Dyeing,330.42,19,55.1,1113.2,27.7,0,0,0,1,1,1,1,1,1,0,0,0,0,1,1
PB02339,Sangrur,Textile Dyeing,1826.52,23,300.5,5594.7,32.1,1,1,0,1,1,1,1,1,1,0,0,1,1,1,1
PB02340,Patiala,IT/Software Services,1521.43,21,254.4,5085.1,0.5,0,0,1,1,1,0,1,1,0,0,0,0,0,1,1
PB02341,Rupnagar,Auto Components,161.72,3,14.9,667.8,0.7,0,0,0,1,1,0,0,1,0,0,0,0,0,0,1
PB02342,Amritsar,Textile Dyeing,272.85,16,24.2,1445.6,20.4,0,0,0,1,1,1,1,1,1,0,0,0,0,0,1
PB02343,Rupnagar,Leather Products,22.38,25,9.9,268.1,21.0,1,0,0,1,1,1,1,1,1,0,0,0,0,0,1
PB02344,Mohali (SAS Nagar),Textile Dyeing,46.65,184,13.5,287.0,10.4,0,1,0,1,1,1,1,1,1,0,0,1,0,0,1
PB02345,Sangrur,Leather Products,262.86,13,49.6,902.4,19.5,1,0,0,1,1,1,1,0,1,0,0,0,1,1,1
PB02346,Ludhiana,Cement,1452.77,70,198.5,4535.4,6.6,0,0,0,1,1,1,1,1,0,1,0,0,0,1,1
PB02347,Amritsar,Steel Rolling,354.0,69,52.0,1009.4,0.5,0,0,0,1,1,1,1,1,0,0,0,0,0,1,1
PB02348,Moga,Rice Milling,213.83,4,45.1,531.1,7.2,0,0,0,1,1,0,0,1,1,0,1,0,0,1,1
PB02349,Ludhiana,Steel Rolling,486.55,18,65.6,1192.3,0.5,0,0,0,1,1,1,1,1,0,0,0,0,0,1,1
PB02350,Amritsar,Textile Dyeing,97.01,12,22.8,50.0,11.2,0,1,0,1,1,1,1,0,1,0,0,1,0,0,0
PB02351,Ludhiana,Pharmaceutical,519.07,6,93.7,461.1,15.0,1,0,0,1,1,0,1,1,1,1,0,0,1,0,1
PB02352,Bathinda,Engineering/Metal Fabrication,385.65,39,110.7,1661.5,6.7,0,0,0,1,1,1,1,1,0,0,0,0,0,1,1
PB02353,Mohali,Pharmaceutical,143.22,5,46.8,337.0,23.5,1,0,0,1,1,0,1,1,1,0,0,0,1,1,1
PB02354,Moga,Beverages,170.16,4,70.1,50.0,9.9,0,1,0,1,1,0,0,1,1,0,1,1,0,1,0
PB02355,Moga,Beverages,537.88,27,84.7,1661.0,16.8,0,1,0,1,1,1,1,1,1,0,1,1,0,1,1
PB02356,Jalandhar,Electronics,545.01,24,85.1,1462.6,15.6,0,0,0,1,1,1,1,1,1,0,0,0,0,1,1
PB02357,Fatehgarh Sahib,Textile Dyeing,148.46,47,37.1,1360.8,7.1,0,1,0,1,1,1,1,1,1,0,0,1,0,1,1
PB02358,Jalandhar,Food Processing,2641.15,28,383.6,7395.8,4.0,0,1,0,1,1,1,1,1,0,1,1,1,0,1,1
PB02359,Moga,Pharmaceutical,461.77,11,43.9,1636.3,24.7,1,0,0,1,1,1,1,1,1,0,0,0,1,1,1
PB02360,Rupnagar,Engineering/Metal Fabrication,274.58,3,39.9,133.9,4.6,0,0,0,1,1,0,0,0,0,0,0,0,0,1,0
PB02361,Mohali,Food Processing,260.26,9,27.1,468.4,0.5,0,1,0,1,1,0,1,1,0,0,1,1,0,1,1
PB02362,Fatehgarh Sahib,Engineering/Metal Fabrication,131.76,3,3.9,371.7,13.9,0,0,0,1,1,0,0,1,0,0,0,0,0,0,1
PB02363,Rupnagar,Steel Rolling,4776.96,9,695.2,14605.5,3.0,0,0,0,1,1,0,1,1,0,1,0,0,0,1,1
PB02364,Amritsar,Textile,838.64,10,89.5,1707.1,0.5,0,0,0,1,1,1,1,1,0,0,0,0,0,1,1
PB02365,Patiala,Chemical,371.28,40,40.2,754.5,31.0,1,1,0,1,1,1,1,1,1,0,0,1,1,1,1
PB02366,Mohali (SAS Nagar),Textile Dyeing,1792.27,21,253.6,5122.7,16.6,0,1,0,1,1,1,1,1,1,0,0,1,0,1,1
PB02367,Rupnagar,Food Processing,119.98,27,15.7,273.4,0.5,0,1,0,1,1,1,1,1,0,0,1,1,0,0,1
PB02368,Amritsar,Food Processing,105.21,11,15.7,196.1,0.5,0,0,0,1,1,1,1,0,0,0,1,0,0,0,1
PB02369,Rupnagar,Furniture/Wood,415.92,52,90.8,864.1,7.8,0,0,0,1,1,1,1,1,0,0,0,0,0,1,1
PB02370,Bathinda,Leather Products,1237.09,4,167.9,2711.2,21.2,1,0,0,1,1,0,0,1,1,0,0,0,1,1,1
PB02371,Sangrur,Agro-based,1575.51,3,216.6,3603.3,6.0,0,0,0,1,1,0,0,1,0,0,0,0,0,1,1
PB02372,Mohali,IT/Software Services,505.4,85,87.5,2691.9,14.6,0,0,1,1,1,1,1,1,0,0,0,0,0,1,1
PB02373,Sangrur,Food Processing,76.83,12,2.0,901.3,0.5,0,1,0,1,1,0,1,1,0,0,1,1,0,0,1
PB02374,Sangrur,Plastic Products,182.96,40,56.3,953.3,8.5,1,0,0,1,1,1,1,1,1,0,0,0,1,1,1
PB02375,Mohali (SAS Nagar),Textile Dyeing,1937.92,104,253.7,5616.8,11.1,0,1,0,1,1,1,1,1,1,0,0,1,0,1,1
PB02376,Hoshiarpur,Electronics,196.8,36,37.9,50.0,6.2,0,0,0,1,1,1,1,1,0,0,0,0,0,1,0
PB02377,Amritsar,Paper & Pulp,379.39,11,59.6,1534.1,25.4,0,1,0,1,1,1,1,1,1,0,0,1,0,1,1
PB02378,Hoshiarpur,IT/Software Services,106.73,10,11.4,554.9,2.6,0,0,1,1,1,0,1,1,0,0,0,0,0,0,1
PB02379,Fatehgarh Sahib,Auto Components,236.93,15,31.6,379.1,6.2,0,0,0,1,1,1,1,1,0,0,0,0,0,1,1
PB02380,Patiala,Agro-based,226.53,19,30.1,50.0,9.5,0,0,0,1,1,1,1,1,0,0,0,0,0,1,0
PB02381,Patiala,Pharmaceutical,1429.29,28,233.6,4438.8,13.2,1,0,0,1,1,1,1,1,1,0,0,0,1,1,1
PB02382,Sangrur,Food Processing,205.4,18,63.8,923.8,0.5,0,1,0,1,1,1,1,1,0,0,1,1,0,1,1
PB02383,Sangrur,Steel Rolling,357.82,17,63.7,1601.9,1.3,0,0,0,1,1,1,1,1,0,0,0,0,0,1,1
PB02384,Mohali,Pharmaceutical,770.0,48,121.1,3375.6,28.5,1,0,0,1,1,0,1,1,1,1,0,0,1,1,1
PB02385,Fatehgarh Sahib,Paper & Pulp,250.64,1,76.6,815.4,13.5,0,1,0,1,1,0,0,1,1,0,0,1,0,1,1
PB02386,Hoshiarpur,IT/Software Services,352.66,2,65.8,378.3,7.5,0,0,1,1,1,0,0,1,0,0,0,0,0,1,1
PB02387,Fatehgarh Sahib,Pharmaceutical,444.78,89,57.4,1111.9,28.0,1,0,0,1,1,1,1,1,1,0,0,0,1,1,1
PB02388,Moga,Paper & Pulp,1227.74,2,167.3,4006.7,27.9,0,1,0,1,1,0,0,1,1,1,0,1,0,1,1
PB02389,Ludhiana,Engineering/Metal Fabrication,649.88,6,106.4,2153.0,17.3,0,0,0,1,1,0,1,1,1,0,0,0,0,1,1
PB02390,Bathinda,Paper & Pulp,361.72,41,70.2,198.0,18.2,0,1,0,1,1,1,1,1,1,1,0,1,0,1,1
PB02391,Hoshiarpur,Plastic Products,407.7,28,79.3,1277.1,6.8,1,0,0,1,1,1,1,1,1,0,0,0,1,1,1
PB02392,Amritsar,Rice Milling,816.78,10,151.4,1951.4,16.0,0,1,0,1,1,1,1,1,1,0,1,1,0,1,1
PB02393,Mohali (SAS Nagar),Electronics,309.28,28,39.0,1385.6,0.5,0,0,0,1,1,1,1,1,0,0,0,0,0,1,1
PB02394,Mohali,IT/Software Services,453.64,45,88.1,1768.4,16.2,0,0,1,1,1,0,1,1,1,0,0,0,0,1,1
PB02395,Fatehgarh Sahib,Plastic Products,2279.77,33,318.4,6829.4,0.5,1,0,0,1,0,1,1,1,1,1,0,0,0,0,1
PB02396,Patiala,Rice Milling,1638.61,20,237.3,4863.5,18.3,0,1,0,1,1,1,1,1,1,0,1,1,0,1,1
PB02397,Mohali (SAS Nagar),Textile Dyeing,492.19,12,125.9,1778.8,20.1,0,1,0,1,1,1,1,1,1,0,0,1,0,1,1
PB02398,Hoshiarpur,Furniture/Wood,223.9,41,74.7,637.9,11.6,0,0,0,1,1,1,1,1,0,0,0,0,0,1,1
PB02399,Mohali,Food Processing,1164.67,14,153.1,4110.2,21.0,0,0,0,1,1,1,1,1,1,0,1,0,0,0,1
PB02400,Mohali,Pharmaceutical,130.63,3,2.0,231.3,28.7,1,0,0,1,1,0,0,1,1,0,0,0,1,0,1
PB02401,Fatehgarh Sahib,Agro-based,136.13,21,7.3,713.2,3.8,0,0,0,1,1,1,1,1,0,0,0,0,0,0,1
PB02402,Rupnagar,Furniture/Wood,1356.28,13,182.6,3739.5,5.4,1,0,0,1,1,1,1,1,1,0,0,0,1,1,1
PB02403,Amritsar,Textile,104.16,3,2.0,664.0,3.1,0,0,0,1,1,0,0,1,0,0,0,0,0,0,1
PB02404,Jalandhar,Textile Dyeing,490.78,39,78.7,959.7,18.6,0,1,0,1,1,1,1,1,1,0,0,1,0,1,1
PB02405,Bathinda,Agro-based,95.37,9,8.7,458.5,4.7,0,0,0,1,1,0,1,1,0,0,0,0,0,0,1
PB02406,Jalandhar,Beverages,270.0,52,60.1,392.8,15.3,0,0,0,1,1,1,1,1,1,0,1,0,0,1,1
PB02407,Sangrur,Cement,6000.0,7,904.4,18086.9,9.0,0,0,0,1,1,0,1,1,0,1,0,0,0,1,1
PB02408,Mohali (SAS Nagar),Furniture/Wood,168.51,3,19.0,470.4,6.3,0,0,0,1,1,0,0,1,0,0,0,0,0,0,1
PB02409,Mohali (SAS Nagar),Textile Dyeing,81.11,15,15.6,50.0,15.1,0,0,0,1,1,1,1,1,1,0,0,0,0,0,0
PB02410,Sangrur,Engineering/Metal Fabrication,301.6,38,58.4,686.8,0.5,0,0,0,1,1,1,1,1,0,0,0,0,1,1,1
PB02411,Moga,Leather Products,531.65,43,83.6,1507.1,13.4,1,0,0,1,1,1,1,1,1,0,0,0,1,1,1
PB02412,Hoshiarpur,Furniture/Wood,177.88,17,17.0,206.1,0.5,0,0,0,1,1,0,1,1,0,0,0,0,1,0,1
PB02413,Ludhiana,Textile Dyeing,200.79,53,39.8,1369.7,21.1,0,0,0,1,1,1,1,1,1,0,0,0,0,1,1
PB02414,Hoshiarpur,Electronics,1320.29,4,209.4,3950.2,17.9,1,0,0,1,1,0,0,1,1,0,0,0,1,1,1
PB02415,Mohali,Plastic Products,5522.66,25,815.7,16686.8,9.5,1,0,0,1,1,1,1,1,1,1,0,0,1,1,1
PB02416,Hoshiarpur,Auto Components,697.83,55,107.2,2300.1,11.5,0,0,0,1,1,1,1,1,0,0,0,0,0,1,1
PB02417,Hoshiarpur,Paper & Pulp,1039.27,33,179.7,2972.5,19.0,0,0,0,1,1,1,1,1,1,0,0,0,0,1,1
PB02418,Bathinda,Auto Components,151.93,25,2.0,155.6,2.5,0,0,0,1,1,1,1,1,0,0,0,0,0,0,1
PB02419,Sangrur,Auto Components,6000.0,17,919.9,18269.6,0.5,0,0,0,1,1,1,1,1,0,1,0,0,0,1,1
PB02420,Ludhiana,Plastic Products,412.42,7,44.4,1221.4,18.8,1,0,0,1,0,0,1,1,1,0,0,0,1,1,1
PB02421,Rupnagar,Food Processing,618.6,14,83.6,2564.1,2.5,0,0,0,1,1,1,1,1,0,0,1,0,0,1,1
PB02422,Ludhiana,Auto Components,244.82,17,84.7,1359.3,0.5,0,0,0,1,1,1,1,1,0,0,0,0,0,1,1
PB02423,Fatehgarh Sahib,Pharmaceutical,583.01,14,49.9,2227.7,5.4,1,0,0,1,1,1,1,1,1,0,0,0,1,1,1
PB02424,Amritsar,Chemical,139.33,13,12.7,50.0,18.5,1,1,0,1,1,1,1,1,1,0,0,1,1,0,0
PB02425,Ludhiana,Paper & Pulp,352.33,8,52.3,1197.6,31.6,0,1,0,1,1,0,1,1,1,0,0,1,0,1,1
PB02426,Bathinda,Plastic Products,1122.31,40,150.7,3881.7,14.3,1,0,0,1,1,1,1,1,1,0,0,0,1,1,1
PB02427,Moga,Furniture/Wood,51.26,3,2.0,105.0,0.5,0,0,0,1,1,0,0,0,0,0,0,0,0,0,0
PB02428,Fatehgarh Sahib,Rice Milling,125.66,7,37.6,852.9,8.0,0,1,0,1,1,0,1,1,1,0,1,1,0,1,1
PB02429,Rupnagar,Cement,49.21,24,14.7,499.2,7.9,0,0,0,1,1,1,1,1,0,0,0,0,0,0,1
PB02430,Sangrur,Textile,139.97,31,20.9,161.9,0.5,0,0,0,1,1,1,1,1,0,0,0,0,0,0,1
PB02431,Moga,Pharmaceutical,246.69,9,2.0,1228.0,24.2,1,0,0,1,1,0,1,1,1,0,0,0,1,0,1
PB02432,Mohali,Textile,2183.35,15,342.8,7359.1,0.5,0,0,0,1,1,1,1,1,0,1,0,0,0,1,1
PB02433,Patiala,Plastic Products,667.8,34,131.2,1456.0,0.5,1,0,0,1,1,1,1,1,1,0,0,0,0,1,1
PB02434,Mohali,Textile,506.77,11,124.2,1995.9,7.3,0,0,0,1,1,1,1,1,0,0,0,0,0,1,0
PB02435,Ludhiana,Furniture/Wood,214.33,7,49.4,486.2,7.1,0,0,0,1,1,0,1,1,0,0,0,0,0,1,1
PB02436,Ludhiana,Food Processing,842.33,9,113.7,2373.0,4.5,0,0,0,1,1,0,1,1,0,0,1,0,0,1,1
PB02437,Bathinda,Food Processing,313.55,8,41.9,660.0,0.5,0,1,0,1,1,0,1,1,0,0,1,1,0,1,1
PB02438,Bathinda,Textile Dyeing,82.44,8,2.0,435.9,14.9,0,1,0,1,1,0,1,1,1,0,0,1,0,0,1
PB02439,Mohali (SAS Nagar),Chemical,453.06,26,71.1,2039.6,9.8,1,0,0,1,1,1,1,0,1,0,0,0,1,1,1
PB02440,Sangrur,Paper & Pulp,250.32,17,37.6,627.5,22.1,0,1,0,1,1,1,1,1,1,0,0,1,0,1,1
PB02441,Amritsar,Cement,6000.0,8,907.3,18101.7,5.7,0,0,0,1,1,0,1,1,0,1,0,0,0,1,1
PB02442,Mohali,Electronics,216.82,76,29.5,103.3,0.5,0,0,0,1,1,0,1,1,0,0,0,0,0,1,0
PB02443,Rupnagar,Cement,138.99,7,54.0,50.0,8.8,0,0,0,1,1,0,1,0,0,0,0,0,0,1,0
PB02444,Ludhiana,Paper & Pulp,57.08,3,2.0,1082.6,30.3,0,0,0,1,1,0,0,1,1,0,0,0,0,0,1
PB02445,Mohali (SAS Nagar),Textile Dyeing,339.37,23,33.6,1150.8,20.0,1,0,0,1,1,1,1,1,1,0,0,0,1,1,1
PB02446,Mohali,Steel Rolling,156.86,37,2.0,50.0,8.8,0,0,0,1,1,1,1,1,0,0,0,0,0,0,0
PB02447,Moga,Leather Products,2420.19,6,350.6,6902.2,22.5,1,0,0,1,1,0,1,1,1,1,0,0,1,1,1
PB02448,Moga,Cement,429.12,10,81.2,588.9,15.8,0,0,0,1,1,1,1,1,1,0,0,0,0,1,1
PB02449,Sangrur,Food Processing,964.83,7,165.6,2514.4,2.1,0,1,0,1,1,0,1,1,0,0,1,1,0,1,1
PB02450,Fatehgarh Sahib,Plastic Products,163.42,77,26.5,1522.8,0.5,1,0,0,1,1,1,1,1,1,0,0,0,1,1,1
PB02451,Moga,Chemical,297.13,10,63.9,672.4,16.9,1,1,0,1,1,1,1,1,1,0,0,1,1,1,1
PB02452,Moga,Cement,154.42,15,2.0,1409.9,6.9,0,0,0,1,1,0,1,0,0,0,0,0,0,0,1
PB02453,Amritsar,Electronics,361.19,13,35.1,792.6,2.7,0,0,0,1,1,1,1,1,0,0,0,0,0,1,1
PB02454,Ludhiana,Agro-based,133.13,14,17.4,565.9,0.5,0,0,0,1,1,1,1,1,0,0,0,0,0,0,1
PB02455,Moga,Beverages,1282.06,19,209.7,3200.4,23.6,0,1,0,1,1,1,1,1,1,0,1,1,0,1,1
PB02456,Fatehgarh Sahib,Pharmaceutical,244.26,43,20.4,352.7,25.9,1,0,0,1,1,1,1,1,1,0,0,0,1,0,1
PB02457,Ludhiana,Leather Products,372.96,95,39.6,897.6,29.7,1,0,0,1,1,1,1,1,1,0,0,0,1,1,1
PB02458,Ludhiana,IT/Software Services,84.03,32,15.2,50.0,0.5,0,0,1,1,1,0,1,1,0,0,0,0,0,0,0
PB02459,Moga,Paper & Pulp,268.51,20,49.0,1421.3,20.2,0,1,0,1,1,1,1,1,1,0,0,1,0,0,1
PB02460,Bathinda,Agro-based,86.18,23,44.1,428.8,2.9,0,0,0,1,1,1,1,1,0,0,0,0,0,1,1
PB02461,Rupnagar,Engineering/Metal Fabrication,512.76,75,102.8,1391.5,6.7,0,0,0,1,1,1,1,1,0,0,0,0,0,1,1
PB02462,Sangrur,Rice Milling,1101.6,3,139.5,3685.5,32.2,0,1,0,1,1,0,0,1,1,0,1,1,0,1,1
PB02463,Patiala,Beverages,618.83,22,76.6,1881.9,17.4,0,0,0,1,1,1,1,1,1,0,1,0,0,1,1
PB02464,Mohali (SAS Nagar),Textile Dyeing,277.5,19,21.6,1361.7,16.4,0,1,0,1,0,1,1,1,1,0,0,1,0,0,1
PB02465,Amritsar,Food Processing,1144.25,13,146.4,2482.8,14.7,1,1,0,1,1,1,1,1,1,0,1,1,1,1,1
PB02466,Jalandhar,Rice Milling,1569.57,4,245.1,4656.9,28.1,0,1,0,1,1,0,0,1,1,0,1,1,0,1,1
PB02467,Hoshiarpur,Paper & Pulp,456.11,23,95.9,1944.6,19.5,0,1,0,1,1,1,1,1,1,0,0,1,0,1,1
PB02468,Fatehgarh Sahib,Plastic Products,220.95,63,36.8,668.0,0.5,1,0,0,1,1,1,1,1,1,0,0,0,1,1,1
PB02469,Hoshiarpur,Auto Components,271.13,18,2.0,1359.4,0.5,0,0,0,1,1,0,1,1,0,0,0,0,0,0,1
PB02470,Fatehgarh Sahib,Beverages,305.04,15,60.9,964.6,5.4,0,0,0,1,1,1,1,1,1,0,1,0,0,1,1
PB02471,Fatehgarh Sahib,Leather Products,221.97,9,62.4,50.0,15.1,1,0,0,1,1,0,1,1,1,0,0,0,1,1,0
PB02472,Rupnagar,Engineering/Metal Fabrication,440.24,34,57.3,1735.8,9.4,0,0,0,1,1,1,1,1,0,0,0,0,0,1,1
PB02473,Ludhiana,Furniture/Wood,101.26,16,2.0,50.0,10.6,0,0,0,1,1,0,1,1,0,0,0,0,0,0,0
PB02474,Ludhiana,Electronics,251.21,3,60.2,504.9,2.6,0,0,0,1,1,0,0,1,0,0,0,0,0,1,1
PB02475,Hoshiarpur,Engineering/Metal Fabrication,357.91,35,62.1,837.1,0.5,0,0,0,1,1,1,1,1,0,0,0,0,0,1,1
PB02476,Amritsar,Beverages,232.69,5,47.1,50.0,20.4,0,1,0,1,1,0,1,1,1,0,1,1,0,1,0
PB02477,Jalandhar,Electronics,763.42,7,104.1,2787.3,0.5,0,0,0,1,1,0,1,1,0,0,0,0,0,1,1
PB02478,Bathinda,Food Processing,689.06,24,81.5,2820.7,2.8,0,1,0,1,1,1,1,1,0,0,1,1,0,1,1
PB02479,Moga,Electronics,31.83,43,21.1,50.0,0.5,0,0,0,1,1,1,1,1,0,0,0,0,0,0,0
PB02480,Ludhiana,Furniture/Wood,1018.51,18,161.1,3017.0,0.5,0,0,0,1,1,1,1,1,0,0,0,0,0,1,1
PB02481,Jalandhar,Engineering/Metal Fabrication,724.24,24,124.5,1889.5,7.4,0,0,0,1,1,0,1,1,0,0,0,0,0,1,1
PB02482,Ludhiana,Food Processing,31.01,32,9.3,50.0,0.5,0,1,0,1,1,1,1,1,0,0,1,1,0,0,0
PB02483,Fatehgarh Sahib,Food Processing,750.89,7,119.6,2395.5,9.3,0,1,0,1,1,0,1,1,0,0,1,1,0,1,1
PB02484,Moga,Leather Products,386.55,9,81.5,1344.3,22.5,1,0,0,1,1,0,1,1,1,0,0,0,1,1,1
PB02485,Sangrur,Engineering/Metal Fabrication,318.71,8,92.5,754.2,20.9,0,0,0,1,1,0,1,1,1,0,0,0,0,1,1
PB02486,Patiala,Engineering/Metal Fabrication,297.08,3,44.1,732.4,4.3,0,0,0,1,1,0,0,1,0,0,0,0,0,1,1
PB02487,Mohali,Leather Products,677.4,7,95.0,1780.7,23.0,1,0,0,1,1,0,1,1,1,0,0,0,1,1,1
PB02488,Hoshiarpur,Pharmaceutical,350.12,43,77.2,110.7,25.3,1,0,0,1,1,1,1,1,1,0,0,0,1,1,0
PB02489,Sangrur,Rice Milling,372.49,20,51.9,914.6,21.6,0,1,0,1,1,1,1,1,1,0,1,1,0,1,1
PB02490,Hoshiarpur,Food Processing,1894.8,12,268.9,5627.5,1.6,0,0,0,1,1,1,1,1,0,0,1,0,0,1,1
PB02491,Rupnagar,Engineering/Metal Fabrication,22.73,30,2.0,50.0,0.5,0,0,0,1,1,1,1,1,0,0,0,0,0,0,0
PB02492,Patiala,Steel Rolling,146.67,14,12.2,50.0,3.1,0,0,0,1,1,1,1,0,0,0,0,0,0,0,0
PB02493,Bathinda,Textile,390.49,6,65.4,598.2,11.0,0,0,0,1,1,0,1,1,0,0,0,0,0,1,1
PB02494,Fatehgarh Sahib,IT/Software Services,179.75,30,44.2,50.0,7.2,0,0,1,1,1,0,1,1,0,0,0,0,0,1,0
PB02495,Mohali,Rice Milling,555.67,21,62.0,1534.8,21.9,0,0,0,1,1,1,1,1,1,0,1,0,0,1,1
PB02496,Amritsar,Plastic Products,153.09,78,31.2,637.4,7.0,1,0,0,1,1,1,1,1,1,0,0,0,1,1,1
PB02497,Patiala,Auto Components,464.52,16,41.6,263.0,0.5,0,0,0,1,1,1,1,1,0,0,0,0,0,1,1
PB02498,Fatehgarh Sahib,Textile,224.92,5,43.6,1384.7,7.3,0,0,0,1,1,0,1,1,0,0,0,0,0,1,1
PB02499,Mohali (SAS Nagar),Engineering/Metal Fabrication,2009.64,41,306.0,5901.9,0.5,0,0,0,1,1,1,1,1,0,1,0,0,0,1,1
PB02500,Amritsar,Textile Dyeing,938.49,62,138.8,3335.8,17.3,0,1,0,1,1,1,1,1,1,0,0,1,0,1,1
PB02501,Mohali (SAS Nagar),Auto Components,1301.53,16,186.7,4340.0,1.6,0,0,0,1,1,1,1,1,0,0,0,0,0,1,1
PB02502,Bathinda,Pharmaceutical,384.55,28,69.2,50.0,17.0,1,0,0,1,1,1,1,1,1,0,0,0,1,1,0
PB02503,Moga,Electronics,198.16,5,48.7,2263.2,0.5,0,0,0,1,1,0,1,1,0,0,0,0,0,1,1
PB02504,Moga,Beverages,1239.24,9,182.1,3558.9,23.2,0,1,0,1,1,0,1,1,1,0,1,1,0,1,1
PB02505,Patiala,Textile Dyeing,338.26,10,68.8,976.9,8.0,0,1,0,1,1,1,1,1,1,0,0,1,0,1,1
PB02506,Hoshiarpur,Agro-based,46.67,4,7.7,50.0,19.2,0,0,0,1,1,0,0,0,1,0,0,0,0,0,0
PB02507,Moga,Agro-based,884.69,13,157.2,2309.9,2.5,0,0,0,1,0,1,1,1,0,0,0,0,0,1,1
PB02508,Sangrur,Chemical,41.65,79,8.0,50.0,13.6,1,1,0,1,1,1,1,1,1,0,0,1,0,0,0
PB02509,Jalandhar,Cement,713.05,21,120.5,2813.7,0.5,0,0,0,1,1,1,1,1,0,1,0,0,0,1,1
PB02510,Jalandhar,Engineering/Metal Fabrication,301.2,12,28.4,447.7,22.1,0,0,0,1,1,1,1,1,1,0,0,0,0,1,1
PB02511,Moga,Electronics,657.29,4,107.5,1739.5,18.8,0,0,0,1,1,0,0,1,1,0,0,0,1,1,1
PB02512,Sangrur,Textile Dyeing,84.25,49,44.6,83.9,19.4,0,0,0,1,1,1,1,1,1,0,0,0,0,1,0
PB02513,Moga,Rice Milling,339.55,16,85.1,345.6,9.8,0,1,0,1,1,1,1,1,1,0,1,1,0,1,1
PB02514,Amritsar,Furniture/Wood,1159.02,6,155.2,2458.7,16.9,0,0,0,1,1,0,1,1,1,0,0,0,0,1,1
PB02515,Patiala,Rice Milling,342.55,82,69.2,256.3,3.8,0,1,0,1,1,1,1,1,1,0,1,1,0,1,1
PB02516,Patiala,Textile,2391.89,5,365.4,7474.8,3.4,0,0,0,1,1,0,1,1,0,1,0,0,0,1,1
PB02517,Mohali,Beverages,162.58,29,35.7,347.0,25.3,0,1,0,1,1,1,1,1,1,0,1,1,0,1,1
PB02518,Amritsar,Food Processing,514.24,11,83.1,1651.2,19.1,0,1,0,1,1,1,1,1,1,0,1,1,0,1,1
PB02519,Rupnagar,Cement,211.85,27,39.0,1184.3,9.5,0,0,0,1,1,1,1,1,0,0,0,0,0,1,1
PB02520,Sangrur,Agro-based,1014.32,12,152.6,3542.0,9.5,0,0,0,1,1,1,1,1,1,0,0,0,0,1,1
PB02521,Amritsar,Rice Milling,434.97,14,59.9,1417.9,24.3,0,1,0,1,1,1,1,1,1,0,1,1,0,1,1
PB02522,Fatehgarh Sahib,Beverages,114.61,8,43.1,453.2,14.3,0,0,0,1,1,0,1,1,1,0,1,0,0,1,1
PB02523,Rupnagar,Electronics,231.38,29,43.3,757.0,15.8,0,0,0,1,1,1,0,0,1,0,0,0,0,1,1
PB02524,Mohali,Furniture/Wood,583.99,22,103.0,2183.1,13.4,0,0,0,1,1,1,1,1,0,0,0,0,0,1,1
PB02525,Mohali (SAS Nagar),Cement,87.17,4,2.0,777.3,17.3,0,0,0,1,1,0,0,1,1,0,0,0,0,0,1
PB02526,Bathinda,Food Processing,278.08,47,47.3,1478.8,3.9,1,1,0,1,1,1,1,1,1,0,1,1,1,1,1
PB02527,Mohali,Pharmaceutical,401.32,3,86.3,1393.5,9.4,1,0,0,1,1,0,0,1,0,0,0,0,1,1,1
PB02528,Hoshiarpur,Cement,245.16,10,55.2,50.0,6.9,0,0,0,1,1,1,1,0,0,0,0,0,0,1,0
PB02529,Rupnagar,Engineering/Metal Fabrication,925.04,18,105.5,2836.8,0.5,0,0,0,1,1,1,1,1,0,0,0,0,0,1,1
PB02530,Mohali (SAS Nagar),Cement,83.96,14,27.0,596.4,2.2,0,0,0,1,1,1,1,1,0,0,0,0,0,1,1
PB02531,Sangrur,Electronics,426.42,1,77.5,1315.0,21.0,0,0,0,1,1,0,0,1,1,0,0,0,0,1,0
PB02532,Patiala,Rice Milling,3243.98,136,490.6,9922.8,8.5,0,1,0,1,1,1,1,1,1,1,1,1,0,1,1
PB02533,Amritsar,Textile,816.99,7,104.7,2421.2,10.7,0,0,0,1,1,0,1,1,0,0,0,0,0,1,1
PB02534,Ludhiana,Textile,97.55,4,9.7,267.5,17.9,0,0,0,1,1,0,0,0,1,0,0,0,0,0,1
PB02535,Mohali,Leather Products,935.04,16,154.1,2716.5,28.1,1,0,0,1,1,1,1,1,1,0,0,0,1,1,1
PB02536,Jalandhar,Beverages,866.69,18,107.6,2419.8,28.1,0,0,0,1,1,1,1,1,1,0,1,0,0,1,1
PB02537,Bathinda,Rice Milling,420.18,18,85.5,287.0,15.6,0,0,0,1,1,1,1,1,1,0,1,0,0,1,0
PB02538,Moga,Leather Products,185.81,19,40.3,924.9,29.2,1,0,0,1,1,1,1,1,1,0,0,0,1,1,1
PB02539,Mohali,Textile Dyeing,310.55,87,56.4,779.0,18.4,0,1,0,1,1,1,1,1,1,0,0,1,0,1,0
PB02540,Mohali (SAS Nagar),Textile Dyeing,320.78,33,78.3,170.1,21.4,0,1,0,1,1,1,1,1,1,0,0,1,0,1,1
PB02541,Mohali (SAS Nagar),Auto Components,1397.35,4,211.9,3474.9,12.1,0,0,0,1,1,0,0,1,1,0,0,0,0,1,1
PB02542,Bathinda,Steel Rolling,642.02,10,121.4,1996.3,1.3,0,0,0,1,1,1,1,1,0,1,0,0,0,1,1
PB02543,Bathinda,Pharmaceutical,216.33,14,17.2,340.6,14.3,1,0,0,1,1,1,1,1,1,0,0,0,1,0,1
PB02544,Mohali (SAS Nagar),Electronics,369.71,7,76.8,1309.7,2.3,0,0,0,1,1,0,1,1,0,0,0,0,0,1,1
PB02545,Sangrur,Steel Rolling,176.88,4,2.0,847.2,0.8,0,0,0,1,1,0,0,1,0,0,0,0,0,0,1
PB02546,Bathinda,Leather Products,1297.96,56,209.5,4185.5,19.3,1,0,0,1,1,1,1,1,1,0,0,0,1,1,0
PB02547,Fatehgarh Sahib,Chemical,306.8,6,50.7,653.7,31.2,1,1,0,1,1,0,1,1,1,0,0,1,0,1,1
PB02548,Mohali (SAS Nagar),Furniture/Wood,165.11,20,11.4,791.3,6.3,0,0,0,1,1,1,1,1,0,0,0,0,0,0,0
PB02549,Fatehgarh Sahib,Pharmaceutical,587.91,7,64.9,1193.9,23.2,1,0,0,1,1,0,1,1,1,1,0,0,1,1,1
PB02550,Fatehgarh Sahib,Pharmaceutical,94.25,21,2.0,557.3,22.5,1,0,0,1,1,1,1,1,1,0,0,0,0,0,1
PB02551,Hoshiarpur,Beverages,583.87,7,102.9,1513.4,14.3,0,1,0,1,1,0,1,1,1,0,1,1,0,1,1
PB02552,Ludhiana,Beverages,3647.31,15,551.4,10870.7,14.5,0,1,0,1,1,1,1,1,1,1,1,1,0,1,1
PB02553,Bathinda,Leather Products,851.61,94,142.0,2477.7,28.0,1,0,0,1,1,1,1,1,1,0,0,0,1,1,1
PB02554,Patiala,Electronics,425.59,8,72.2,1460.0,0.5,0,0,0,1,1,0,1,1,0,0,0,0,0,1,1
PB02555,Sangrur,Electronics,427.79,18,82.4,1938.7,5.0,0,0,0,1,1,1,1,1,0,0,0,0,0,1,1
PB02556,Jalandhar,Cement,94.07,11,12.1,322.0,6.7,0,0,0,1,1,1,1,1,0,0,0,0,0,0,1
PB02557,Ludhiana,Auto Components,137.01,5,22.8,526.7,0.5,0,0,0,1,1,0,1,1,0,0,0,0,0,0,1
PB02558,Mohali (SAS Nagar),Chemical,367.77,18,89.6,404.7,23.7,1,1,0,1,1,1,1,1,1,0,0,1,1,1,1
PB02559,Amritsar,Plastic Products,266.95,16,44.7,590.9,0.5,1,0,0,1,0,1,1,1,1,0,0,0,1,1,1
PB02560,Jalandhar,Textile,117.73,9,10.0,207.6,0.5,0,0,0,1,1,0,1,0,0,0,0,0,0,0,1
PB02561,Fatehgarh Sahib,Food Processing,310.66,12,64.0,815.9,0.5,0,1,0,1,1,1,1,1,0,0,1,1,0,1,1
PB02562,Hoshiarpur,Rice Milling,821.23,46,114.9,1894.3,19.1,0,1,0,1,1,1,1,1,1,0,1,1,0,1,1
PB02563,Mohali,Agro-based,195.77,11,35.5,50.0,20.3,0,0,0,1,1,1,1,0,1,0,0,0,0,1,0
PB02564,Mohali (SAS Nagar),Steel Rolling,608.44,23,94.0,1201.3,0.5,0,0,0,1,1,1,1,1,0,0,0,0,0,1,1
PB02565,Bathinda,Leather Products,272.33,12,13.8,1179.9,16.6,1,0,0,1,1,1,1,1,1,0,0,0,1,0,1
PB02566,Patiala,Leather Products,29.44,2,27.5,50.0,21.6,1,0,0,1,1,0,0,1,1,0,0,0,0,1,0
PB02567,Patiala,IT/Software Services,482.77,29,119.8,1592.2,6.3,0,0,1,1,1,0,1,1,0,0,0,0,0,1,1
PB02568,Mohali,Pharmaceutical,734.41,25,109.1,2760.0,10.8,1,0,0,1,1,1,1,1,1,1,0,0,1,1,1
PB02569,Rupnagar,Chemical,480.45,6,86.4,1342.9,34.7,1,0,0,1,1,0,1,1,1,0,0,0,1,1,1
PB02570,Jalandhar,Agro-based,96.14,9,20.1,61.6,23.9,0,0,0,1,1,1,1,0,1,0,0,0,0,0,0
PB02571,Patiala,Paper & Pulp,240.8,11,2.0,492.8,8.6,0,1,0,1,1,0,1,1,1,0,0,1,0,0,0
PB02572,Jalandhar,Engineering/Metal Fabrication,953.79,11,115.7,2514.1,14.7,0,0,0,1,1,1,1,1,0,0,0,0,0,1,1
PB02573,Fatehgarh Sahib,Textile Dyeing,314.3,1,45.3,591.9,25.3,0,1,0,1,1,0,0,1,1,0,0,1,0,1,1
PB02574,Hoshiarpur,Cement,481.86,27,33.9,863.5,8.4,0,0,0,1,1,1,1,1,1,0,0,0,0,1,1
PB02575,Mohali,Auto Components,320.33,11,22.2,949.5,4.0,0,0,0,1,1,1,1,1,0,0,0,0,0,0,1
PB02576,Amritsar,Textile,132.97,9,39.2,287.8,4.2,0,0,0,1,1,0,1,0,0,0,0,0,0,1,1
PB02577,Amritsar,Paper & Pulp,869.35,7,112.2,2788.1,10.1,0,0,0,1,1,0,1,0,1,1,0,0,0,1,1
PB02578,Sangrur,Pharmaceutical,2713.87,42,414.1,8617.7,13.7,1,0,0,1,1,1,1,1,1,1,0,0,1,1,1
PB02579,Sangrur,IT/Software Services,95.43,10,10.2,661.0,0.5,0,0,1,1,1,0,1,1,0,0,0,0,0,0,1
PB02580,Ludhiana,Leather Products,6000.0,41,907.5,18305.8,8.2,1,0,0,1,1,1,1,1,1,1,0,0,1,1,1
PB02581,Mohali,Rice Milling,4493.17,21,672.0,13017.7,9.8,0,1,0,1,1,1,1,1,1,1,1,1,0,1,1
PB02582,Fatehgarh Sahib,Pharmaceutical,329.3,11,49.0,645.0,10.9,1,0,0,1,1,1,1,1,1,0,0,0,1,1,1
PB02583,Hoshiarpur,Paper & Pulp,70.14,3,2.0,50.0,39.8,0,1,0,1,1,0,0,1,1,0,0,1,0,0,0
PB02584,Hoshiarpur,Electronics,549.13,14,99.8,802.9,5.9,0,0,0,1,1,1,0,1,0,0,0,0,0,1,1
PB02585,Ludhiana,Beverages,991.51,21,139.7,3221.6,14.8,1,1,0,1,1,1,0,0,1,0,1,1,1,1,1
PB02586,Jalandhar,Leather Products,112.17,18,45.6,630.6,20.4,1,0,0,1,1,1,1,0,1,0,0,0,1,1,1
PB02587,Mohali,IT/Software Services,375.75,62,42.3,538.0,2.3,0,0,1,1,1,0,1,1,0,0,0,0,0,1,1
PB02588,Amritsar,Agro-based,244.37,31,29.8,50.0,10.8,0,0,0,1,1,1,1,1,0,0,0,0,0,1,0
PB02589,Amritsar,Chemical,791.0,130,118.0,2414.9,21.0,1,1,0,1,1,1,1,1,1,1,0,1,1,1,1
PB02590,Moga,Cement,360.49,40,30.1,538.7,0.5,0,0,0,1,1,1,1,1,0,0,0,0,0,1,1
PB02591,Mohali (SAS Nagar),Textile,169.89,19,47.7,788.6,0.5,0,0,0,1,1,1,1,1,0,0,0,0,0,1,1
PB02592,Mohali,Furniture/Wood,850.07,45,147.0,2121.4,20.4,0,0,0,1,1,1,0,1,1,0,0,0,0,1,1
PB02593,Bathinda,Textile,720.69,2,122.0,2466.5,7.8,0,0,0,1,1,0,0,1,0,0,0,0,0,1,1
PB02594,Mohali,Rice Milling,1133.85,53,182.2,3717.8,7.7,0,1,0,1,1,1,1,1,1,0,1,1,0,1,1
PB02595,Hoshiarpur,Textile,587.52,11,80.6,1932.7,1.0,0,0,0,1,1,1,1,1,0,0,0,0,0,1,1
PB02596,Amritsar,Beverages,162.17,51,14.3,1064.0,31.6,0,1,0,1,1,1,0,1,1,0,1,1,0,0,1
PB02597,Rupnagar,Textile Dyeing,321.12,38,61.0,1383.1,8.7,0,0,0,1,1,1,1,1,1,0,0,0,0,1,1
PB02598,Sangrur,Paper & Pulp,348.97,5,76.7,1313.7,13.2,1,0,0,1,1,0,1,1,1,0,0,0,1,1,1
PB02599,Hoshiarpur,Chemical,184.57,13,45.0,1122.9,19.2,1,1,0,1,1,1,1,0,1,0,0,1,1,1,1
PB02600,Ludhiana,Auto Components,551.16,79,95.8,1625.9,4.3,0,0,0,1,1,1,1,1,0,0,0,0,0,1,1
PB02601,Jalandhar,Beverages,2609.73,17,375.8,7825.7,16.5,0,1,0,1,1,1,1,1,1,1,1,1,0,1,1
PB02602,Jalandhar,Textile Dyeing,415.77,4,67.6,1427.8,7.9,0,0,0,1,1,0,0,1,1,0,0,0,0,1,1
PB02603,Fatehgarh Sahib,Paper & Pulp,280.11,23,56.5,785.3,25.0,0,1,0,1,1,1,1,1,1,0,0,1,1,1,1
PB02604,Bathinda,Agro-based,817.65,15,128.9,1867.0,2.8,0,0,0,1,1,1,1,1,0,0,0,0,0,1,1
PB02605,Sangrur,Electronics,152.96,28,5.1,50.0,5.8,0,0,0,1,1,1,1,1,0,0,0,0,0,0,0
PB02606,Ludhiana,Beverages,100.73,25,2.0,50.0,18.5,0,1,0,1,1,1,1,1,1,0,1,1,0,0,1
PB02607,Ludhiana,Cement,6000.0,12,893.1,18484.3,0.5,1,0,0,1,1,1,1,1,1,1,0,0,1,1,1
PB02608,Jalandhar,Beverages,369.65,53,53.1,582.4,25.4,0,0,0,1,1,1,1,1,1,0,1,0,0,0,1
PB02609,Rupnagar,Textile,716.39,25,77.2,2567.8,19.8,0,0,0,1,1,1,1,1,1,0,0,0,0,1,1
PB02610,Mohali (SAS Nagar),IT/Software Services,274.16,5,57.9,1669.2,3.2,0,0,1,1,1,0,1,1,0,0,0,0,0,1,1
PB02611,Rupnagar,Steel Rolling,126.26,25,28.0,710.6,0.5,0,0,0,1,0,1,1,1,0,0,0,0,0,1,1
PB02612,Patiala,Auto Components,510.94,35,101.8,1320.4,14.2,0,0,0,1,1,1,1,1,0,0,0,0,0,1,1
PB02613,Rupnagar,Auto Components,743.53,30,95.5,2647.1,6.9,0,0,0,1,1,1,1,1,0,0,0,0,0,1,1
PB02614,Fatehgarh Sahib,Paper & Pulp,269.94,15,37.2,122.9,20.4,0,1,0,1,1,1,1,1,1,0,0,1,0,1,0
PB02615,Patiala,Electronics,589.1,8,154.0,2074.3,16.3,0,0,0,1,1,0,1,1,0,0,0,0,0,1,0
PB02616,Rupnagar,Leather Products,651.26,106,80.3,2749.3,21.5,1,0,0,1,1,1,1,1,1,0,0,0,1,1,1
PB02617,Mohali (SAS Nagar),IT/Software Services,165.98,53,30.4,165.2,0.5,0,0,1,1,1,0,1,1,0,0,0,0,0,1,1
PB02618,Fatehgarh Sahib,Agro-based,603.35,61,72.8,2668.1,4.3,0,0,0,1,1,1,1,1,0,0,0,0,0,1,1
PB02619,Amritsar,Pharmaceutical,191.27,8,48.2,537.1,15.1,1,0,0,1,1,0,1,1,1,0,0,0,1,1,1
PB02620,Amritsar,Leather Products,152.01,86,9.8,614.7,19.9,1,0,0,1,1,0,1,1,0,0,0,0,1,0,1
PB02621,Amritsar,Textile,158.71,69,55.0,1600.0,9.6,0,0,0,1,1,1,1,1,0,0,0,0,0,1,1
PB02622,Fatehgarh Sahib,Beverages,637.24,7,94.7,1714.9,17.2,0,1,0,1,1,0,1,1,1,0,1,1,0,1,1
PB02623,Patiala,Beverages,1333.74,39,244.2,2887.8,30.9,0,1,0,1,1,1,1,1,1,0,1,1,0,1,1
PB02624,Fatehgarh Sahib,Steel Rolling,967.17,23,156.1,2836.3,5.4,0,0,0,1,1,1,1,1,0,0,0,0,0,1,1
PB02625,Amritsar,Textile,351.58,10,68.5,65.0,11.3,0,0,0,1,1,1,1,0,1,0,0,0,0,1,0
PB02626,Mohali,Rice Milling,445.75,12,50.6,1788.5,16.1,0,1,0,1,1,1,1,1,1,0,1,1,0,1,1
PB02627,Amritsar,Textile,195.16,13,2.0,1262.2,2.9,0,0,0,1,1,0,1,1,0,0,0,0,1,0,1
PB02628,Ludhiana,Plastic Products,1723.41,4,268.6,5788.0,14.6,1,0,0,1,1,0,0,1,1,0,0,0,1,1,0
PB02629,Sangrur,Plastic Products,294.5,14,32.9,820.6,4.7,1,0,0,1,1,1,1,1,1,0,0,0,1,1,1
PB02630,Mohali,Chemical,2511.39,20,340.8,7405.9,17.4,1,0,0,1,1,1,1,0,1,1,0,0,1,1,1
PB02631,Bathinda,Leather Products,189.27,6,29.9,682.5,0.5,1,0,0,1,1,0,1,1,1,0,0,0,1,1,1
PB02632,Moga,Steel Rolling,228.88,4,46.2,554.1,19.7,0,0,0,1,1,0,0,1,1,0,0,0,0,1,1
PB02633,Fatehgarh Sahib,Auto Components,295.5,10,21.9,1022.6,5.4,0,0,0,1,1,1,1,1,0,0,0,0,0,0,1
PB02634,Ludhiana,Agro-based,245.08,37,19.9,894.0,11.0,0,0,0,1,1,1,1,1,0,0,0,0,0,0,1
PB02635,Bathinda,Pharmaceutical,125.49,10,2.0,50.0,33.8,1,0,0,1,1,0,1,1,1,0,0,0,1,0,0
PB02636,Amritsar,Pharmaceutical,521.44,18,95.7,1173.4,14.1,1,0,0,1,1,1,1,1,1,1,0,0,1,1,1
PB02637,Rupnagar,Leather Products,175.6,28,20.3,110.0,19.1,1,0,0,1,1,1,1,1,1,0,0,0,1,0,0
PB02638,Amritsar,Engineering/Metal Fabrication,86.54,7,2.0,50.0,6.8,0,0,0,1,0,0,1,0,0,0,0,0,0,0,0
PB02639,Fatehgarh Sahib,Auto Components,567.9,16,73.9,1503.3,10.6,0,0,0,1,1,1,1,1,0,0,0,0,0,1,1
PB02640,Bathinda,Furniture/Wood,319.67,34,68.4,879.6,20.2,1,0,0,1,1,1,1,1,1,0,0,0,1,1,1
PB02641,Rupnagar,Agro-based,933.19,33,122.3,2500.7,0.6,0,0,0,1,1,1,1,1,0,0,0,0,0,1,1
PB02642,Hoshiarpur,Electronics,1237.71,24,225.4,4146.9,7.6,0,0,0,1,1,1,1,1,0,0,0,0,0,1,1
PB02643,Amritsar,Auto Components,2122.68,49,311.5,5799.4,1.8,0,0,0,1,1,1,1,1,0,1,0,0,0,1,1
PB02644,Mohali (SAS Nagar),Engineering/Metal Fabrication,479.32,23,48.6,763.3,0.5,1,0,0,1,1,1,1,1,1,0,0,0,1,1,1
PB02645,Moga,Engineering/Metal Fabrication,619.51,4,79.3,1561.0,2.9,0,0,0,1,1,0,0,1,0,0,0,0,0,1,1
PB02646,Mohali,Auto Components,186.66,25,37.2,1140.6,2.9,0,0,0,1,1,1,1,1,0,0,0,0,0,1,1
PB02647,Ludhiana,Cement,459.96,57,69.7,1436.7,8.1,0,0,0,1,1,0,1,1,0,0,0,0,0,1,1
PB02648,Sangrur,Leather Products,256.71,5,48.1,524.1,23.3,1,0,0,1,0,0,1,1,1,0,0,0,1,1,1
PB02649,Patiala,Food Processing,302.03,2,52.8,854.7,0.5,0,1,0,1,1,0,0,1,0,0,1,1,0,1,1
PB02650,Patiala,Agro-based,310.36,27,35.7,1263.6,0.5,0,0,0,1,1,1,1,1,0,0,0,0,0,1,1
PB02651,Fatehgarh Sahib,Textile,423.97,15,18.5,1210.0,0.5,0,0,0,1,0,1,1,1,0,0,0,0,0,0,1
PB02652,Amritsar,IT/Software Services,131.64,22,10.9,583.2,0.5,0,0,1,1,1,0,1,1,0,0,0,0,0,0,1
PB02653,Hoshiarpur,Steel Rolling,2176.62,24,349.1,6128.2,3.2,0,0,0,1,1,1,1,1,0,1,0,0,0,1,1
PB02654,Ludhiana,Engineering/Metal Fabrication,482.64,7,98.9,1535.2,0.5,0,0,0,1,1,0,1,1,0,0,0,0,0,1,1
PB02655,Patiala,Auto Components,164.35,9,10.0,140.6,0.5,0,0,0,1,1,0,1,0,0,0,0,0,0,0,0
PB02656,Patiala,Leather Products,293.13,5,32.0,603.6,19.9,1,0,0,1,1,0,1,1,1,0,0,0,1,1,1
PB02657,Ludhiana,Electronics,490.15,30,91.2,1064.6,11.0,0,0,0,1,1,1,1,1,0,0,0,0,0,1,0
PB02658,Bathinda,Beverages,2522.76,5,368.3,8018.5,11.5,0,1,0,1,1,0,1,1,1,1,1,1,0,1,1
PB02659,Jalandhar,Chemical,149.91,40,57.3,1033.1,12.1,1,1,0,1,1,1,1,1,1,0,0,1,1,1,1
PB02660,Hoshiarpur,Leather Products,714.37,5,169.1,1720.3,25.6,1,0,0,1,1,0,1,1,1,0,0,0,1,1,1
PB02661,Hoshiarpur,Cement,1740.99,19,240.9,4773.7,2.9,0,0,0,1,1,1,1,1,0,1,0,0,0,1,1
PB02662,Patiala,Plastic Products,597.03,18,86.9,2209.0,9.5,1,0,0,1,1,1,1,1,1,0,0,0,1,1,1
PB02663,Sangrur,IT/Software Services,250.24,10,16.0,1210.4,1.4,0,0,1,1,1,0,1,1,0,0,0,0,0,0,1
PB02664,Jalandhar,Furniture/Wood,136.85,11,14.4,50.0,0.5,0,0,0,1,1,1,1,0,0,0,0,0,0,0,0
PB02665,Moga,Paper & Pulp,617.35,2,85.3,1441.6,21.3,0,0,0,1,1,0,0,1,1,0,0,0,0,1,1
PB02666,Patiala,Cement,196.1,22,17.8,583.5,3.9,0,0,0,1,1,1,1,1,0,0,0,0,0,0,1
PB02667,Patiala,Electronics,658.87,45,82.1,2251.1,9.8,0,0,0,1,1,1,1,1,0,0,0,0,0,1,1
PB02668,Fatehgarh Sahib,Textile Dyeing,34.81,52,21.8,61.7,31.7,0,1,0,1,1,1,1,1,1,0,0,1,0,0,0
PB02669,Jalandhar,Agro-based,604.26,13,83.4,1041.9,0.5,0,0,0,1,1,1,1,1,0,0,0,0,0,1,1
PB02670,Mohali,Leather Products,423.95,3,71.7,1431.0,14.1,1,0,0,1,1,0,0,1,1,0,0,0,1,1,0
PB02671,Rupnagar,Textile Dyeing,2384.34,19,373.3,7855.0,30.7,0,1,0,1,1,1,1,1,1,1,0,1,0,1,1
PB02672,Rupnagar,Beverages,366.61,7,34.3,564.2,10.3,0,1,0,1,1,0,1,1,1,0,1,1,0,1,1
PB02673,Mohali,Leather Products,786.15,6,112.6,1907.3,30.0,1,0,0,1,1,0,1,1,1,0,0,0,1,0,1
PB02674,Mohali,Electronics,251.01,11,43.8,1497.3,17.2,1,0,0,1,1,1,1,1,1,1,0,0,1,0,1
PB02675,Fatehgarh Sahib,Beverages,1192.11,30,161.2,2903.5,41.3,0,0,0,1,1,1,1,1,1,0,1,0,0,1,1
PB02676,Hoshiarpur,Agro-based,565.48,15,54.3,1204.5,0.5,0,0,0,1,1,1,1,1,0,0,0,0,0,1,1
PB02677,Amritsar,Textile,154.13,33,50.9,427.0,3.3,0,0,0,1,1,1,1,1,0,0,0,0,0,1,1
PB02678,Bathinda,Textile,284.08,7,40.9,695.8,12.6,0,0,0,1,1,0,1,1,0,0,0,0,0,1,1
PB02679,Patiala,Beverages,1068.06,8,143.0,3591.2,28.4,0,1,0,1,1,0,1,1,1,0,1,1,0,1,1
PB02680,Fatehgarh Sahib,Steel Rolling,195.87,29,27.1,649.3,0.5,0,0,0,1,1,1,1,1,0,0,0,0,0,1,1
PB02681,Moga,Engineering/Metal Fabrication,910.08,34,152.1,3479.2,9.3,0,0,0,1,1,1,1,1,0,0,0,0,0,1,1
PB02682,Moga,Engineering/Metal Fabrication,2231.61,8,332.0,6783.1,4.4,0,0,0,1,1,0,1,1,0,1,0,0,0,1,1
PB02683,Hoshiarpur,Rice Milling,220.91,13,42.2,492.8,18.7,0,1,0,1,1,1,1,1,1,0,1,1,0,0,1
PB02684,Mohali (SAS Nagar),Furniture/Wood,1004.26,12,168.7,2555.5,0.5,0,0,0,1,1,1,1,1,0,0,0,0,0,1,1
PB02685,Patiala,Leather Products,173.01,15,2.5,50.0,22.6,1,0,0,1,1,0,1,1,1,0,0,0,1,0,0
PB02686,Sangrur,Food Processing,435.02,9,79.3,1252.6,0.5,0,1,0,1,1,0,1,0,1,0,1,1,0,1,1
PB02687,Jalandhar,Chemical,148.9,15,17.5,1294.1,17.1,1,0,0,1,1,1,1,1,1,0,0,0,1,0,1
PB02688,Patiala,Paper & Pulp,385.33,26,33.2,788.1,23.6,0,1,0,1,1,1,1,1,1,0,0,1,0,1,1
PB02689,Patiala,Rice Milling,242.81,29,26.3,563.6,23.3,0,1,0,1,1,1,1,1,1,0,1,1,0,1,1
PB02690,Ludhiana,Paper & Pulp,845.23,16,149.5,2321.2,25.7,0,1,0,1,1,1,1,1,1,1,0,1,0,1,1
PB02691,Mohali,IT/Software Services,327.36,27,45.0,893.1,0.5,0,0,1,1,1,0,1,1,0,0,0,0,0,1,1
PB02692,Moga,Food Processing,373.2,2,33.8,624.9,1.1,0,0,0,1,1,0,0,1,0,0,1,0,0,1,1
PB02693,Jalandhar,Electronics,323.67,28,66.3,50.0,0.5,0,0,0,1,1,1,1,1,0,0,0,0,0,1,0
PB02694,Sangrur,Auto Components,43.54,36,25.9,721.5,8.4,1,0,0,1,1,1,1,1,1,0,0,0,0,1,1
PB02695,Patiala,Furniture/Wood,932.44,52,147.0,2924.8,0.5,0,0,0,1,1,1,1,1,0,0,0,0,0,1,1
PB02696,Mohali (SAS Nagar),Beverages,117.04,5,8.0,448.1,23.1,0,0,0,1,1,0,1,1,1,0,1,0,0,0,1
PB02697,Patiala,Engineering/Metal Fabrication,859.26,25,110.6,2551.0,0.5,0,0,0,1,1,1,1,1,0,0,0,0,0,1,1
PB02698,Moga,Auto Components,1050.41,3,165.1,2827.2,0.5,0,0,0,1,1,0,0,1,0,0,0,0,0,1,1
PB02699,Bathinda,Steel Rolling,226.11,33,25.9,866.6,1.2,0,0,0,1,1,1,1,1,0,0,0,0,0,1,1
PB02700,Moga,IT/Software Services,337.19,4,22.4,1574.9,18.5,0,0,1,1,1,0,0,1,1,0,0,0,0,0,1
PB02701,Jalandhar,Rice Milling,246.99,15,74.0,950.4,11.6,0,1,0,1,1,1,1,1,1,0,1,1,0,1,1
PB02702,Patiala,Electronics,440.02,19,52.8,1365.0,6.7,0,0,0,1,1,1,1,1,0,0,0,0,0,1,1
PB02703,Ludhiana,Steel Rolling,150.48,19,6.9,499.2,17.5,0,0,0,1,1,1,1,1,1,0,0,0,0,0,1
PB02704,Amritsar,Agro-based,1271.68,37,184.1,3613.2,0.5,0,0,0,1,0,1,1,1,0,0,0,0,0,1,1
PB02705,Moga,Engineering/Metal Fabrication,347.8,11,57.4,50.0,5.0,0,0,0,1,1,1,1,0,0,0,0,0,0,1,0
PB02706,Moga,Food Processing,339.93,2,64.7,1444.1,13.9,0,1,0,1,1,0,0,1,0,0,1,1,0,1,1
PB02707,Rupnagar,Plastic Products,2351.07,19,324.2,7256.4,0.5,1,0,0,1,1,1,1,1,1,1,0,0,1,0,1
PB02708,Mohali (SAS Nagar),Agro-based,51.19,9,2.0,50.0,10.1,0,0,0,1,1,1,1,0,0,0,0,0,0,0,0
PB02709,Rupnagar,Leather Products,457.59,71,75.7,1047.9,22.8,1,0,0,1,1,1,1,1,1,0,0,0,1,1,1
PB02710,Fatehgarh Sahib,Pharmaceutical,572.02,13,87.2,1403.1,16.4,1,0,0,1,0,1,1,1,1,1,0,0,1,1,1
PB02711,Rupnagar,Plastic Products,56.64,23,35.7,435.1,5.4,1,0,0,1,1,1,1,1,1,0,0,0,0,1,1
PB02712,Jalandhar,Chemical,2181.77,10,302.1,5570.3,8.3,1,1,0,1,1,1,1,1,1,1,0,1,1,1,1
PB02713,Patiala,Agro-based,219.12,8,46.8,1262.0,4.6,0,0,0,1,1,0,1,1,0,0,0,0,0,1,1
PB02714,Mohali (SAS Nagar),Food Processing,843.44,2,132.5,2185.5,0.8,0,1,0,1,1,0,0,1,0,0,1,1,0,1,1
PB02715,Hoshiarpur,Chemical,393.27,2,49.0,1777.6,16.9,1,0,0,1,1,0,0,1,1,1,0,0,1,1,1
PB02716,Moga,Textile,980.46,15,115.5,2344.6,16.6,0,0,0,1,1,1,1,1,1,0,0,0,0,1,1
PB02717,Rupnagar,Agro-based,196.81,19,44.1,1294.9,19.4,0,0,0,1,1,1,1,0,1,0,0,0,0,1,1
PB02718,Bathinda,Food Processing,270.36,77,27.4,698.8,17.3,0,0,0,1,1,1,1,1,1,0,1,0,0,1,1
PB02719,Mohali (SAS Nagar),IT/Software Services,123.84,12,2.0,50.0,2.4,0,0,1,1,1,0,1,0,0,0,0,0,0,0,0
PB02720,Sangrur,Beverages,305.39,19,66.0,50.0,11.5,0,0,0,1,1,1,1,1,1,0,1,0,0,1,0
PB02721,Rupnagar,Textile,924.88,26,139.5,3226.3,14.6,0,0,0,1,1,1,1,1,0,0,0,0,0,1,0
PB02722,Jalandhar,Chemical,287.39,15,19.2,1247.0,8.3,1,1,0,1,1,1,1,1,1,0,0,1,1,0,1
PB02723,Fatehgarh Sahib,Auto Components,38.32,19,2.0,50.0,16.3,0,0,0,1,1,0,1,0,1,0,0,0,0,0,0
PB02724,Mohali (SAS Nagar),Pharmaceutical,243.91,7,7.9,1230.0,30.7,1,0,0,1,1,0,1,1,1,0,0,0,1,0,1
PB02725,Fatehgarh Sahib,Steel Rolling,403.21,47,32.4,776.2,2.1,0,0,0,1,1,1,1,1,0,0,0,0,0,1,1
PB02726,Fatehgarh Sahib,Auto Components,329.04,2,27.5,1732.8,10.0,0,0,0,1,0,0,0,1,0,0,0,0,0,1,1
PB02727,Jalandhar,Steel Rolling,169.37,21,35.6,786.8,22.0,0,0,0,1,1,1,1,1,1,0,0,0,1,1,1
PB02728,Fatehgarh Sahib,Food Processing,425.1,3,61.9,99.0,3.7,0,1,0,1,1,0,0,1,0,0,1,1,0,1,0
PB02729,Amritsar,Agro-based,1449.53,3,210.9,4623.5,19.0,0,0,0,1,1,0,0,1,1,0,0,0,0,1,1
PB02730,Bathinda,Pharmaceutical,386.56,4,49.1,227.7,13.3,1,0,0,1,1,0,0,1,1,0,0,0,1,1,1
PB02731,Ludhiana,Engineering/Metal Fabrication,196.19,32,31.1,50.0,0.7,0,0,0,1,1,1,1,1,0,0,0,0,0,1,0
PB02732,Sangrur,Pharmaceutical,103.5,5,8.5,166.4,16.9,1,0,0,1,1,0,1,1,1,0,0,0,1,0,1
PB02733,Patiala,Auto Components,121.08,78,4.1,1330.3,0.5,0,0,0,1,1,1,1,1,0,0,0,0,0,1,1
PB02734,Sangrur,Textile Dyeing,132.25,10,22.5,245.5,15.4,0,1,0,1,1,1,1,1,1,0,0,1,0,0,1
PB02735,Fatehgarh Sahib,Paper & Pulp,273.48,6,50.5,839.6,21.8,0,1,0,1,1,0,1,1,1,0,0,1,0,1,1
PB02736,Sangrur,Food Processing,159.04,99,30.3,963.5,16.0,0,1,0,1,0,1,1,1,1,0,1,1,0,0,1
PB02737,Bathinda,Pharmaceutical,523.75,29,107.2,827.6,27.5,1,0,0,1,1,1,1,1,1,1,0,0,1,1,1
PB02738,Ludhiana,Cement,47.25,8,2.0,189.2,5.7,0,0,0,1,1,0,1,0,0,0,0,0,0,0,1
PB02739,Rupnagar,Textile Dyeing,92.6,46,35.8,458.7,21.0,0,1,0,1,1,1,1,1,1,0,0,1,0,1,1
PB02740,Rupnagar,Electronics,230.43,10,16.5,1427.1,5.5,0,0,0,1,1,0,1,1,0,0,0,0,0,0,1
PB02741,Moga,Textile Dyeing,672.1,85,116.6,1795.1,6.0,0,1,0,1,1,1,1,0,1,0,0,1,0,1,1
PB02742,Jalandhar,Agro-based,205.75,4,39.8,99.9,12.3,0,0,0,1,1,0,0,0,0,0,0,0,0,1,0
PB02743,Rupnagar,Beverages,3576.76,77,507.9,10116.5,18.4,0,1,0,1,1,1,1,1,1,1,1,1,0,1,1
PB02744,Ludhiana,Plastic Products,1641.5,12,291.3,5365.9,3.1,1,0,0,1,1,1,1,1,1,0,0,0,1,1,1
PB02745,Moga,Paper & Pulp,1056.78,40,181.6,3134.6,16.1,0,1,0,1,1,1,1,1,0,1,0,1,0,1,1
PB02746,Mohali,Rice Milling,408.17,1,35.8,1679.7,10.2,0,1,0,1,1,0,0,1,1,0,1,1,0,1,1
PB02747,Amritsar,Electronics,885.24,18,143.0,2347.6,0.5,0,0,0,1,1,1,1,1,0,0,0,0,0,1,1
PB02748,Mohali (SAS Nagar),Textile,342.55,8,71.6,1273.1,22.7,0,0,0,1,1,0,1,1,1,0,0,0,0,1,1
PB02749,Fatehgarh Sahib,Furniture/Wood,216.92,8,48.5,50.0,0.5,0,0,0,1,1,0,1,0,0,0,0,0,1,1,0
PB02750,Fatehgarh Sahib,Food Processing,1901.2,6,300.1,5983.2,8.1,0,1,0,1,1,0,1,1,0,0,1,1,0,1,1
PB02751,Fatehgarh Sahib,Electronics,373.23,8,58.5,1195.1,23.8,0,0,0,1,1,0,1,1,1,0,0,0,0,1,1
PB02752,Sangrur,Furniture/Wood,206.0,11,45.4,531.8,15.0,1,0,0,1,1,1,1,1,1,0,0,0,1,1,1
PB02753,Mohali (SAS Nagar),Paper & Pulp,104.03,5,34.6,542.6,14.9,0,1,0,1,1,0,1,1,0,0,0,1,0,1,1
PB02754,Mohali,Steel Rolling,61.13,9,5.5,1063.3,0.5,0,0,0,1,1,0,1,1,0,0,0,0,0,0,1
PB02755,Bathinda,Textile Dyeing,1395.18,8,204.3,3765.8,17.3,0,1,0,1,1,0,1,1,1,0,0,1,0,1,1
PB02756,Hoshiarpur,Food Processing,243.77,7,38.0,715.6,22.3,0,1,0,1,1,0,1,1,1,0,1,1,0,1,1
PB02757,Mohali (SAS Nagar),Agro-based,231.21,52,34.7,2022.0,2.7,0,0,0,1,1,1,1,1,0,0,0,0,0,1,1
PB02758,Hoshiarpur,Furniture/Wood,6000.0,22,908.3,18190.4,14.9,0,0,0,1,1,1,1,1,0,1,0,0,0,1,0
PB02759,Bathinda,Textile,502.35,52,63.0,1576.5,0.5,0,0,0,1,1,1,1,1,0,1,0,0,0,1,1
PB02760,Hoshiarpur,Steel Rolling,328.7,29,13.2,896.9,11.1,0,0,0,1,1,1,1,1,0,0,0,0,0,0,1
PB02761,Mohali (SAS Nagar),Agro-based,164.79,28,30.3,151.4,6.0,0,0,0,1,1,1,1,1,0,0,0,0,0,1,1
PB02762,Mohali,Leather Products,1037.14,7,146.7,3007.9,30.4,1,0,0,1,1,0,1,1,1,0,0,0,1,1,1
PB02763,Amritsar,IT/Software Services,615.6,13,83.3,1829.2,0.5,0,0,1,1,1,0,1,1,0,0,0,0,0,1,1
PB02764,Hoshiarpur,Agro-based,281.2,21,59.0,1178.3,14.9,1,0,0,1,1,1,1,0,1,0,0,0,1,1,1
PB02765,Ludhiana,Cement,948.51,26,159.2,2436.4,0.5,1,0,0,1,1,1,1,1,1,1,0,0,1,1,1
PB02766,Jalandhar,Pharmaceutical,296.3,21,68.9,814.5,21.7,1,0,0,1,1,1,1,1,1,0,0,0,1,1,1
PB02767,Hoshiarpur,Leather Products,211.03,4,11.5,1053.4,11.6,1,0,0,1,1,0,0,1,1,1,0,0,0,0,1
PB02768,Moga,Electronics,166.92,13,30.0,956.7,0.5,0,0,0,1,1,1,1,1,0,0,0,0,0,1,1
PB02769,Mohali,Plastic Products,731.41,134,93.7,2148.9,19.4,1,0,0,1,1,1,1,1,1,0,0,0,1,1,1
PB02770,Mohali (SAS Nagar),Agro-based,591.81,8,90.0,1836.8,3.9,0,0,0,1,1,0,1,1,0,0,0,0,0,1,1
PB02771,Fatehgarh Sahib,Textile,1650.21,4,250.7,4312.6,1.0,0,0,0,1,1,0,0,1,0,0,0,0,0,1,1
PB02772,Jalandhar,Auto Components,120.08,34,23.5,499.0,0.5,0,0,0,1,1,1,1,1,0,0,0,0,0,0,1
PB02773,Sangrur,Plastic Products,409.91,12,75.3,1846.6,12.5,1,0,0,1,1,1,1,1,1,0,0,0,1,1,1
PB02774,Hoshiarpur,Cement,757.36,1,82.9,1831.3,0.5,0,0,0,1,1,0,0,1,0,1,0,0,0,1,1
PB02775,Mohali,Agro-based,1393.62,3,194.8,3607.6,0.5,0,0,0,1,1,0,0,1,0,0,0,0,0,1,1
PB02776,Amritsar,Agro-based,309.0,16,21.8,50.0,0.5,0,0,0,1,1,1,1,1,0,0,0,0,0,0,0
PB02777,Patiala,Agro-based,4657.92,53,702.3,13790.6,0.5,0,0,0,1,1,1,1,1,0,1,0,0,0,1,1
PB02778,Ludhiana,Textile Dyeing,455.18,8,51.3,1339.2,27.2,0,1,0,1,1,0,1,1,1,0,0,1,0,1,1
PB02779,Jalandhar,Textile Dyeing,431.04,19,52.5,2146.1,19.3,0,1,0,1,1,1,1,1,1,0,0,1,0,1,1
PB02780,Rupnagar,Pharmaceutical,702.3,19,97.5,1921.5,32.0,1,0,0,1,1,1,1,1,1,1,0,0,1,0,1
PB02781,Hoshiarpur,Pharmaceutical,245.93,32,34.5,1273.1,4.1,1,0,0,1,1,1,1,1,1,0,0,0,1,1,1
PB02782,Moga,Chemical,97.75,12,2.0,569.4,7.8,1,1,0,1,1,0,1,1,1,0,0,1,0,0,1
PB02783,Jalandhar,Auto Components,94.64,183,17.9,693.9,8.9,0,0,0,1,1,1,1,1,0,0,0,0,0,0,1
PB02784,Patiala,Pharmaceutical,2110.4,26,326.7,6238.6,14.9,1,0,0,1,1,1,1,1,1,1,0,0,1,1,1
PB02785,Amritsar,Engineering/Metal Fabrication,160.93,37,44.7,1123.6,13.5,0,0,0,1,1,1,1,1,0,0,0,0,0,1,1
PB02786,Patiala,Textile,141.44,4,23.4,794.8,0.5,0,0,0,1,1,0,0,1,0,0,0,0,0,0,1
PB02787,Rupnagar,Cement,898.3,7,147.8,2898.7,0.5,0,0,0,1,1,0,1,0,0,1,0,0,0,1,1
PB02788,Amritsar,Engineering/Metal Fabrication,405.91,6,46.2,1964.9,1.3,0,0,0,1,1,0,0,1,0,0,0,0,0,1,1
PB02789,Ludhiana,Paper & Pulp,413.6,23,61.4,1649.9,29.8,0,1,0,1,1,1,1,1,0,0,0,1,0,1,1
PB02790,Rupnagar,Textile Dyeing,149.4,14,5.5,762.9,24.3,0,1,0,1,1,1,1,1,1,1,0,1,0,0,1
PB02791,Ludhiana,Steel Rolling,414.81,5,73.7,1967.3,17.8,0,0,0,1,1,0,1,1,1,0,0,0,0,1,1
PB02792,Mohali,Plastic Products,861.92,33,139.7,2517.0,0.5,1,0,0,1,1,1,1,1,1,0,0,0,1,1,1
PB02793,Jalandhar,Pharmaceutical,108.5,11,46.3,653.4,21.4,1,0,0,1,1,1,1,1,0,0,0,0,0,1,1
PB02794,Ludhiana,Rice Milling,3445.33,66,540.8,10795.7,16.0,0,1,0,1,1,1,1,1,1,1,1,1,0,1,1
PB02795,Ludhiana,Pharmaceutical,554.56,8,76.3,1240.9,28.1,1,0,0,1,1,0,1,1,1,0,0,0,1,1,1
PB02796,Fatehgarh Sahib,Agro-based,342.99,7,54.4,1011.1,16.5,0,0,0,1,1,0,1,0,1,0,0,0,0,1,1
PB02797,Mohali (SAS Nagar),Engineering/Metal Fabrication,749.91,30,111.2,1843.9,0.5,1,0,0,1,0,1,0,1,1,0,0,0,1,1,1
PB02798,Fatehgarh Sahib,Engineering/Metal Fabrication,390.67,4,55.2,1121.4,2.6,0,0,0,1,1,0,0,1,0,0,0,0,0,1,1
PB02799,Bathinda,Engineering/Metal Fabrication,56.18,23,31.5,50.0,9.4,0,0,0,1,1,1,1,1,0,0,0,0,0,1,0
PB02800,Moga,Steel Rolling,58.4,14,38.0,675.1,0.5,0,0,0,1,1,1,1,1,0,0,0,0,0,1,1
PB02801,Patiala,IT/Software Services,270.8,15,76.8,356.1,7.1,0,0,1,1,0,0,1,1,0,0,0,0,0,1,1
PB02802,Bathinda,Chemical,846.01,25,105.9,3026.7,15.9,1,0,0,1,1,1,1,1,1,1,0,0,1,1,1
PB02803,Moga,Food Processing,755.58,20,105.7,2209.5,0.5,0,1,0,1,1,1,1,1,0,0,1,1,0,1,0
PB02804,Fatehgarh Sahib,Cement,94.92,42,56.6,50.0,13.0,0,0,0,1,1,1,1,1,0,0,0,0,0,1,0
PB02805,Mohali (SAS Nagar),Leather Products,472.0,12,71.4,1524.6,14.0,1,0,0,1,1,1,1,1,1,0,0,0,1,1,1
PB02806,Moga,Pharmaceutical,87.48,17,21.3,684.2,6.1,1,0,0,1,1,1,1,1,1,0,0,0,1,0,1
PB02807,Hoshiarpur,Leather Products,629.91,38,91.1,1675.0,9.9,1,0,0,1,1,1,1,1,1,0,0,0,1,1,1
PB02808,Amritsar,Paper & Pulp,512.66,15,86.8,2038.0,22.8,0,1,0,1,1,1,1,1,1,1,0,1,0,1,1
PB02809,Moga,Cement,477.64,80,70.0,1899.1,17.1,0,0,0,1,1,1,1,0,1,0,0,0,0,1,1
PB02810,Moga,Plastic Products,449.51,12,43.5,1565.2,0.5,1,0,0,1,1,1,1,1,1,0,0,0,1,1,1
PB02811,Hoshiarpur,Furniture/Wood,154.08,12,44.3,50.0,0.5,0,0,0,1,1,1,1,0,0,0,0,0,0,1,0
PB02812,Amritsar,Agro-based,177.81,37,13.6,579.6,0.5,0,0,0,1,1,1,1,1,0,0,0,0,0,0,1
PB02813,Hoshiarpur,Beverages,116.86,4,2.7,846.9,4.5,0,1,0,1,1,0,0,1,1,0,1,1,0,0,1
PB02814,Bathinda,Textile,582.51,29,69.0,1702.5,4.2,0,0,0,1,1,1,1,1,0,0,0,0,0,1,1
PB02815,Sangrur,Paper & Pulp,254.33,5,45.9,988.2,17.1,0,1,0,1,1,0,1,1,1,0,0,1,0,1,1
PB02816,Mohali,Pharmaceutical,416.68,4,52.7,345.5,29.2,1,0,0,1,1,0,0,1,1,0,0,0,1,1,1
PB02817,Sangrur,Agro-based,275.08,97,68.1,575.7,6.7,0,0,0,1,1,1,1,1,0,0,0,0,0,1,1
PB02818,Hoshiarpur,Rice Milling,212.71,53,39.2,1367.7,6.0,0,1,0,1,1,1,1,1,1,0,1,1,0,1,1
PB02819,Ludhiana,Furniture/Wood,289.35,47,72.2,1452.3,0.5,0,0,0,1,1,1,1,1,0,0,0,0,0,1,1
PB02820,Mohali,Chemical,1496.14,23,244.2,4559.7,17.1,1,1,0,1,1,1,1,1,1,1,0,1,1,1,1
PB02821,Moga,Textile,94.76,9,3.6,371.1,3.4,0,0,0,1,1,0,1,1,0,0,0,0,0,0,1
PB02822,Mohali (SAS Nagar),Chemical,660.21,4,113.3,2366.2,26.2,1,1,0,1,1,0,0,1,1,1,0,1,1,1,1
PB02823,Mohali (SAS Nagar),Engineering/Metal Fabrication,472.06,14,89.0,2038.9,0.5,0,0,0,1,1,1,1,1,0,0,0,0,0,1,1
PB02824,Hoshiarpur,Beverages,63.98,17,22.9,393.8,8.9,0,1,0,1,1,1,1,1,1,0,1,1,0,0,1
PB02825,Sangrur,Textile Dyeing,194.81,12,25.2,1412.1,18.3,0,1,0,1,1,1,1,1,1,0,0,1,0,1,1
PB02826,Rupnagar,Agro-based,795.17,48,121.9,2645.9,0.5,0,0,0,1,1,1,1,1,0,0,0,0,0,1,1
PB02827,Fatehgarh Sahib,Auto Components,99.38,18,30.1,244.3,10.0,0,0,0,1,1,1,1,1,0,0,0,0,0,1,1
PB02828,Mohali,Textile Dyeing,826.96,18,115.3,3005.9,11.0,0,1,0,1,1,1,1,1,1,0,0,1,0,1,1
PB02829,Ludhiana,Electronics,269.05,4,34.0,1044.1,10.1,0,0,0,1,0,0,0,1,0,0,0,0,0,1,1
PB02830,Patiala,Engineering/Metal Fabrication,104.73,16,7.1,754.7,2.7,0,0,0,1,1,1,1,1,0,0,0,0,0,0,1
PB02831,Fatehgarh Sahib,Furniture/Wood,230.19,19,61.1,50.0,7.5,0,0,0,1,1,1,1,1,0,0,0,0,0,1,0
PB02832,Hoshiarpur,Cement,152.0,3,58.3,686.7,4.3,0,0,0,1,1,0,0,1,0,0,0,0,0,1,1
PB02833,Ludhiana,Steel Rolling,358.14,18,56.7,1634.0,17.8,0,0,0,1,1,1,1,1,1,0,0,0,0,1,1
PB02834,Sangrur,Pharmaceutical,112.04,39,44.7,1050.6,26.2,1,0,0,1,1,1,1,1,1,0,0,0,1,1,1
PB02835,Sangrur,Rice Milling,354.45,7,35.6,1115.4,21.3,0,1,0,1,1,0,1,1,1,0,1,1,0,1,1
PB02836,Moga,Agro-based,90.31,20,6.2,50.0,8.6,0,0,0,1,1,1,1,1,0,0,0,0,0,0,0
PB02837,Amritsar,IT/Software Services,1729.12,4,252.2,4730.0,6.1,0,0,1,1,1,0,0,1,0,1,0,0,0,1,1
PB02838,Mohali (SAS Nagar),Engineering/Metal Fabrication,169.1,5,53.6,955.7,10.0,0,0,0,1,1,0,1,1,0,0,0,0,0,1,1
PB02839,Hoshiarpur,Electronics,140.55,15,2.0,50.0,0.5,0,0,0,1,1,0,1,1,0,0,0,0,0,0,0
PB02840,Mohali (SAS Nagar),Textile,1423.63,49,195.9,4422.2,0.5,0,0,0,1,1,1,1,1,0,0,0,0,0,1,1
PB02841,Moga,Rice Milling,436.99,27,43.0,2072.5,18.4,0,1,0,1,1,1,1,1,1,0,1,1,0,1,1
PB02842,Jalandhar,Beverages,612.89,94,68.7,1630.2,17.4,0,1,0,1,1,1,1,1,1,0,1,1,0,1,1
PB02843,Sangrur,Leather Products,199.09,29,25.9,365.1,32.4,1,0,0,1,1,1,1,1,1,1,0,0,1,1,1
PB02844,Moga,Beverages,2167.92,6,310.3,6085.8,25.1,0,1,0,1,1,0,1,1,0,1,1,1,0,1,1
PB02845,Rupnagar,Beverages,1739.82,65,233.3,5129.9,26.2,0,1,0,1,1,1,1,1,1,0,1,1,0,1,1
PB02846,Jalandhar,Rice Milling,258.39,6,31.8,421.7,22.4,0,0,0,1,1,0,1,1,1,0,1,0,0,1,1
PB02847,Mohali,Food Processing,32.03,24,28.1,156.5,6.4,0,1,0,1,1,1,1,1,0,0,1,1,0,1,1
PB02848,Sangrur,Leather Products,2264.31,35,351.6,7203.7,19.3,1,0,0,1,1,1,1,1,1,1,0,0,1,1,1
PB02849,Rupnagar,Leather Products,3991.8,3,620.4,11643.5,27.2,1,0,0,1,1,0,0,1,1,1,0,0,1,0,1
PB02850,Patiala,Textile,1071.74,8,167.3,3185.0,14.1,0,0,0,1,1,0,1,1,0,0,0,0,0,1,1
PB02851,Fatehgarh Sahib,Plastic Products,340.5,27,76.0,1122.3,0.5,1,0,0,1,1,1,1,1,1,0,0,0,1,1,1
PB02852,Bathinda,Auto Components,306.82,24,8.2,662.6,9.2,0,0,0,1,1,1,1,1,0,0,0,0,0,0,1
PB02853,Sangrur,Beverages,152.42,16,6.9,72.2,28.1,0,0,0,1,0,1,1,1,1,0,1,0,0,0,0
PB02854,Hoshiarpur,Pharmaceutical,80.22,76,13.0,391.7,11.2,1,0,0,1,1,1,1,1,1,0,0,0,0,0,0
PB02855,Ludhiana,IT/Software Services,703.47,49,104.5,2298.8,2.5,0,0,1,1,1,0,1,1,1,0,0,0,0,1,1
PB02856,Jalandhar,Agro-based,410.48,21,90.4,1417.7,2.6,0,0,0,1,1,0,1,1,0,0,0,0,0,1,1
PB02857,Bathinda,Agro-based,129.53,5,27.3,637.7,13.8,0,0,0,1,1,0,1,1,0,0,0,0,0,1,1
PB02858,Amritsar,Pharmaceutical,748.38,7,114.1,2663.0,23.8,1,0,0,1,1,0,1,1,1,1,0,0,1,1,1
PB02859,Hoshiarpur,Beverages,244.9,13,62.2,345.9,18.6,0,1,0,1,1,1,1,1,1,0,1,1,0,1,1
PB02860,Amritsar,Pharmaceutical,208.63,13,38.3,2013.7,3.1,1,0,0,1,1,1,1,1,1,0,0,0,1,1,1
PB02861,Fatehgarh Sahib,Chemical,167.26,9,31.1,820.5,26.3,1,1,0,1,1,0,1,1,1,1,0,1,1,1,1
PB02862,Jalandhar,Paper & Pulp,139.21,22,28.2,1367.2,16.8,0,1,0,1,1,1,1,1,1,0,0,1,0,1,1
PB02863,Sangrur,Pharmaceutical,194.84,20,55.1,540.0,23.6,1,0,0,1,1,1,1,1,1,0,0,0,1,1,1
PB02864,Fatehgarh Sahib,Leather Products,535.56,15,104.6,1341.1,20.4,1,0,0,1,1,1,1,1,1,0,0,0,1,1,1
PB02865,Rupnagar,Chemical,209.98,15,57.4,1058.2,19.1,1,1,0,1,1,1,1,1,1,0,0,1,1,1,1
PB02866,Bathinda,Leather Products,171.72,8,82.9,523.9,27.5,1,0,0,1,1,0,1,1,1,0,0,0,1,1,1
PB02867,Jalandhar,Chemical,1437.27,12,213.7,4566.2,17.0,1,1,0,1,1,1,1,1,1,1,0,1,1,1,1
PB02868,Moga,Textile,884.42,27,127.3,2585.8,1.6,0,0,0,1,1,1,1,1,0,0,0,0,0,1,1
PB02869,Fatehgarh Sahib,Cement,599.59,8,85.0,2502.6,0.5,0,0,0,1,1,0,1,1,0,1,0,0,0,1,1
PB02870,Moga,Furniture/Wood,536.19,37,70.3,1855.7,0.5,0,0,0,1,1,1,1,1,0,0,0,0,0,1,1
PB02871,Jalandhar,Furniture/Wood,274.37,28,13.8,50.0,1.8,0,0,0,1,1,1,1,1,0,0,0,0,0,0,0
PB02872,Mohali,Agro-based,806.32,5,157.0,2484.5,8.7,0,0,0,1,0,0,1,1,0,0,0,0,0,1,1
PB02873,Amritsar,Steel Rolling,207.05,69,10.1,1139.8,2.9,0,0,0,1,1,1,1,1,0,0,0,0,0,0,1
PB02874,Sangrur,Rice Milling,321.46,3,33.4,1327.2,8.8,0,1,0,1,1,0,0,1,1,0,1,1,0,1,1
PB02875,Rupnagar,Furniture/Wood,642.13,8,84.7,2209.3,8.9,0,0,0,1,1,0,1,1,0,0,0,0,0,1,1
PB02876,Hoshiarpur,Electronics,504.54,8,107.2,1944.4,16.7,0,0,0,1,1,0,1,1,1,0,0,0,0,1,1
PB02877,Ludhiana,Paper & Pulp,266.65,7,78.4,1310.3,25.3,0,0,0,1,1,0,1,1,1,0,0,0,0,1,1
PB02878,Sangrur,Furniture/Wood,1423.45,87,170.2,3909.5,16.2,0,0,0,1,1,1,1,1,1,0,0,0,0,1,1
PB02879,Bathinda,Leather Products,127.48,59,9.7,50.0,32.1,1,0,0,1,1,1,1,1,1,0,0,0,1,0,0
PB02880,Jalandhar,Textile Dyeing,83.51,14,32.2,50.0,24.5,0,1,0,1,1,1,1,1,1,0,0,1,0,1,0
PB02881,Sangrur,Leather Products,249.32,13,44.4,890.0,16.3,1,0,0,1,1,1,1,1,1,0,0,0,1,1,1
PB02882,Fatehgarh Sahib,Agro-based,1125.33,70,129.7,2156.5,18.0,0,0,0,1,1,1,1,1,1,0,0,0,0,1,1
PB02883,Bathinda,Rice Milling,84.13,11,15.3,1121.0,25.3,0,1,0,1,1,1,1,1,1,0,1,1,0,0,1
PB02884,Rupnagar,Pharmaceutical,1960.88,19,241.1,7230.3,11.1,1,0,0,1,1,1,1,1,1,1,0,0,1,0,1
PB02885,Hoshiarpur,Beverages,84.52,72,2.0,475.0,12.8,0,1,0,1,0,1,1,1,1,0,1,1,0,0,1
PB02886,Patiala,Steel Rolling,458.63,14,71.9,1376.4,8.2,0,0,0,1,1,1,1,1,0,0,0,0,0,1,1
PB02887,Moga,Furniture/Wood,69.81,7,2.0,496.4,11.4,0,0,0,1,0,0,1,1,0,0,0,0,0,0,1
PB02888,Mohali (SAS Nagar),Paper & Pulp,710.98,3,79.2,2411.3,2.1,0,0,0,1,1,0,0,1,1,1,0,0,0,1,1
PB02889,Patiala,Textile,280.37,24,48.5,1443.6,0.5,0,0,0,1,1,1,1,1,0,0,0,0,0,1,1
PB02890,Patiala,Textile,322.18,15,23.2,708.8,4.2,0,0,0,1,1,1,1,1,0,0,0,0,0,0,1
PB02891,Rupnagar,Textile,133.89,15,20.7,338.4,14.3,0,0,0,1,1,1,1,1,0,0,0,0,0,0,1
PB02892,Amritsar,Furniture/Wood,646.27,4,107.4,1499.3,8.4,0,0,0,1,1,0,0,1,0,0,0,0,0,1,1
PB02893,Amritsar,Textile,106.25,20,2.0,222.6,7.6,0,0,0,1,0,1,1,1,0,0,0,0,0,0,1
PB02894,Amritsar,Chemical,236.54,46,40.2,714.4,15.1,1,0,0,1,0,1,1,1,1,0,0,0,1,1,1
PB02895,Ludhiana,Electronics,735.93,7,68.6,2548.6,0.5,0,0,0,1,1,0,1,1,0,0,0,0,0,1,1
PB02896,Mohali (SAS Nagar),Paper & Pulp,750.56,8,137.8,2944.1,24.5,0,1,0,1,1,0,1,1,1,1,0,1,0,1,1
PB02897,Rupnagar,Cement,200.28,12,18.9,607.9,3.2,0,0,0,1,1,1,1,1,0,0,0,0,0,0,1
PB02898,Amritsar,Rice Milling,76.05,20,3.1,80.6,13.9,0,1,0,1,1,1,1,1,1,0,1,1,0,0,0
PB02899,Rupnagar,IT/Software Services,361.71,35,49.4,261.9,18.5,0,0,1,1,1,0,1,1,1,0,0,0,0,1,1
PB02900,Jalandhar,Paper & Pulp,350.29,15,71.9,1796.2,22.8,0,0,0,1,0,1,1,1,1,0,0,0,0,1,1
PB02901,Ludhiana,Textile Dyeing,115.69,8,2.0,597.8,20.7,0,1,0,1,1,0,1,1,1,0,0,1,0,0,1
PB02902,Fatehgarh Sahib,Textile,151.68,12,55.4,496.8,3.0,0,0,0,1,1,0,1,1,0,0,0,0,0,1,1
PB02903,Ludhiana,Rice Milling,106.48,13,7.6,191.6,26.0,0,1,0,1,1,1,1,1,1,0,1,1,0,0,1
PB02904,Patiala,Paper & Pulp,350.56,21,41.2,639.0,17.0,0,1,0,1,1,1,1,1,1,0,0,1,0,1,1
PB02905,Patiala,Steel Rolling,187.73,18,3.9,1027.8,0.5,0,0,0,1,1,0,1,1,0,0,0,0,0,0,1
PB02906,Jalandhar,Auto Components,100.1,6,34.5,845.0,0.5,0,0,0,1,1,0,1,1,0,0,0,0,0,1,1
PB02907,Ludhiana,Pharmaceutical,551.46,6,109.2,2375.9,22.0,1,0,0,1,1,0,1,1,1,1,0,0,1,1,1
PB02908,Hoshiarpur,Steel Rolling,466.87,37,38.6,2346.2,22.7,0,0,0,1,1,1,1,1,1,0,0,0,0,1,1
PB02909,Bathinda,Beverages,345.07,7,76.5,1779.1,18.5,0,1,0,1,1,0,1,1,1,0,1,1,0,1,0
PB02910,Mohali (SAS Nagar),Pharmaceutical,2172.41,6,356.5,7012.6,8.2,1,0,0,1,1,0,1,1,1,1,0,0,1,1,1
PB02911,Rupnagar,Pharmaceutical,553.46,33,113.9,882.6,18.3,1,0,0,1,1,1,1,1,1,1,0,0,1,1,1
PB02912,Hoshiarpur,Agro-based,75.6,15,2.0,50.0,9.3,0,0,0,1,1,0,1,1,1,0,0,0,0,0,0
PB02913,Patiala,Engineering/Metal Fabrication,492.46,9,57.8,962.2,14.6,0,0,0,1,1,0,1,1,0,0,0,0,0,1,1
PB02914,Bathinda,Leather Products,184.08,12,43.0,572.1,25.6,1,0,0,1,1,1,1,1,1,0,0,0,1,1,1
PB02915,Sangrur,Textile Dyeing,115.23,7,27.4,1151.5,22.3,0,1,0,1,1,0,1,1,1,0,0,1,0,1,1
PB02916,Bathinda,Agro-based,118.99,8,44.7,663.3,0.5,0,0,0,1,1,0,1,1,0,0,0,0,0,1,1
PB02917,Hoshiarpur,Pharmaceutical,1007.77,23,149.3,2998.8,23.9,1,0,0,1,1,0,1,1,1,1,0,0,1,1,1
PB02918,Hoshiarpur,Electronics,80.67,10,2.0,50.0,5.9,0,0,0,1,1,0,1,0,0,0,0,0,0,0,0
PB02919,Moga,Electronics,571.11,42,101.7,2077.0,15.9,0,0,0,1,1,1,1,1,0,0,0,0,0,1,1
PB02920,Rupnagar,Furniture/Wood,416.35,56,71.1,1682.7,0.5,0,0,0,1,1,1,1,1,0,0,0,0,0,1,1
PB02921,Mohali,Paper & Pulp,700.18,52,84.1,2204.3,34.9,0,1,0,1,1,1,1,0,1,1,0,1,0,1,1
PB02922,Sangrur,Electronics,195.98,8,49.7,436.6,17.6,0,0,0,1,1,0,1,1,1,0,0,0,0,1,1
PB02923,Jalandhar,Textile Dyeing,95.08,22,11.5,50.0,17.0,0,1,0,1,1,1,1,1,1,0,0,1,0,0,0
PB02924,Sangrur,Engineering/Metal Fabrication,102.0,33,2.0,50.0,4.6,0,0,0,1,1,1,0,1,0,0,0,0,0,0,0
PB02925,Patiala,Engineering/Metal Fabrication,1219.93,14,183.2,3450.3,0.5,0,0,0,1,1,1,1,1,0,0,0,0,0,1,1
PB02926,Ludhiana,Paper & Pulp,1140.52,4,180.1,4056.8,18.5,0,1,0,1,1,0,0,1,1,1,0,1,0,0,1
PB02927,Ludhiana,Textile,731.86,11,124.9,1826.4,20.9,0,0,0,1,1,1,1,1,1,0,0,0,0,1,1
PB02928,Moga,Rice Milling,691.02,5,113.8,3061.5,35.3,0,1,0,1,1,0,1,1,1,0,1,1,0,1,1
PB02929,Jalandhar,Steel Rolling,228.98,11,44.6,1508.2,21.9,0,0,0,1,1,1,1,1,1,0,0,0,0,1,1
PB02930,Mohali (SAS Nagar),Steel Rolling,666.22,7,84.3,1082.2,0.5,0,0,0,1,1,0,0,1,0,0,0,0,0,1,1
PB02931,Mohali,Rice Milling,382.29,52,58.3,416.7,20.6,0,0,0,1,1,1,1,1,1,0,1,0,0,1,1
PB02932,Jalandhar,Chemical,406.8,110,61.5,1764.2,12.2,1,1,0,1,1,1,1,1,1,0,0,1,1,1,1
PB02933,Bathinda,Rice Milling,99.14,19,2.0,50.0,17.7,0,1,0,1,1,0,1,1,1,0,1,1,0,0,0
PB02934,Fatehgarh Sahib,Electronics,40.97,19,12.8,50.0,12.2,0,0,0,1,1,1,1,1,0,0,0,0,0,0,0
PB02935,Fatehgarh Sahib,Plastic Products,142.74,25,38.2,775.0,22.3,1,0,0,1,1,1,1,1,1,1,0,0,1,1,1
PB02936,Mohali (SAS Nagar),Electronics,212.13,14,67.1,417.8,0.5,1,0,0,1,1,1,1,1,0,0,0,0,1,1,1
PB02937,Amritsar,Beverages,173.08,39,24.9,550.8,12.6,0,0,0,1,1,1,1,1,1,0,1,0,1,1,1
PB02938,Rupnagar,Furniture/Wood,503.93,4,56.3,641.7,0.5,0,0,0,1,1,0,0,1,0,0,0,0,0,1,1
PB02939,Ludhiana,IT/Software Services,1865.12,7,308.4,4721.1,16.2,0,0,1,1,1,0,1,1,1,0,0,0,0,1,1
PB02940,Moga,Cement,24.25,19,2.0,500.3,14.2,0,0,0,1,1,0,1,1,0,0,0,0,0,0,1
PB02941,Jalandhar,Furniture/Wood,6000.0,19,942.4,18491.8,0.5,0,0,0,1,1,1,1,1,0,1,0,0,0,1,1
PB02942,Sangrur,Agro-based,417.23,10,54.3,1394.3,13.3,0,0,0,1,1,1,1,1,0,0,0,0,0,1,1
PB02943,Mohali,Engineering/Metal Fabrication,880.51,14,124.6,2040.9,5.1,0,0,0,1,1,1,0,1,0,0,0,0,0,1,1
PB02944,Ludhiana,Auto Components,419.03,14,68.7,1958.6,0.5,0,0,0,1,1,1,1,1,0,0,0,0,0,1,1
PB02945,Patiala,Plastic Products,2618.45,9,380.2,7826.5,6.7,1,0,0,1,1,0,1,1,1,1,0,0,1,1,1
PB02946,Moga,Pharmaceutical,2382.29,12,383.5,6211.2,33.3,1,0,0,1,1,1,1,0,1,1,0,0,1,1,1
PB02947,Fatehgarh Sahib,Steel Rolling,266.17,6,68.0,1052.8,11.9,0,0,0,1,1,0,1,1,0,0,0,0,0,0,1
PB02948,Moga,Plastic Products,358.08,23,28.1,1706.3,8.4,1,0,0,1,1,1,1,1,1,0,0,0,1,1,1
PB02949,Mohali (SAS Nagar),Agro-based,601.33,12,106.4,1648.0,0.5,0,0,0,1,1,1,1,1,0,0,0,0,0,1,0
PB02950,Mohali (SAS Nagar),Textile Dyeing,2310.63,7,346.6,6912.8,2.7,0,1,0,1,1,0,1,1,1,1,0,1,0,1,1
PB02951,Mohali (SAS Nagar),Textile Dyeing,1409.91,8,213.7,3857.6,20.2,0,1,0,1,1,0,1,1,1,1,0,1,0,1,1
PB02952,Amritsar,Chemical,200.79,2,25.4,1324.9,8.0,1,1,0,1,1,0,0,1,1,0,0,1,1,1,1
PB02953,Fatehgarh Sahib,Plastic Products,2684.88,6,408.2,8126.5,11.9,1,0,0,1,1,0,1,1,1,1,0,0,1,1,1
PB02954,Mohali (SAS Nagar),Cement,125.85,13,3.2,115.4,3.8,0,0,0,1,1,0,1,0,0,0,0,0,0,0,0
PB02955,Jalandhar,Auto Components,4769.35,41,682.5,13106.4,5.5,1,0,0,1,1,1,1,1,1,1,0,0,1,1,1
PB02956,Patiala,Food Processing,1093.69,24,158.2,3611.3,13.9,0,1,0,1,1,1,1,1,0,0,1,1,0,1,0
PB02957,Moga,Agro-based,590.32,3,108.1,1335.4,19.3,0,0,0,1,0,0,0,1,1,0,0,0,0,1,1
PB02958,Sangrur,Pharmaceutical,1822.26,77,305.0,5764.6,3.6,1,0,0,1,1,1,1,1,1,0,0,0,1,1,1
PB02959,Patiala,Steel Rolling,116.59,11,2.0,117.7,14.6,0,0,0,1,1,0,0,0,0,0,0,0,0,0,0
PB02960,Mohali (SAS Nagar),Food Processing,218.49,11,32.4,380.8,9.6,0,1,0,1,1,1,1,1,0,0,1,1,0,1,1
PB02961,Ludhiana,Furniture/Wood,1407.91,7,194.7,4275.7,0.5,0,0,0,1,1,0,1,1,0,0,0,0,0,1,1
PB02962,Hoshiarpur,Food Processing,180.55,14,19.8,1727.8,18.6,0,1,0,1,1,1,1,1,1,0,1,1,0,0,1
PB02963,Hoshiarpur,Chemical,334.15,10,36.3,473.3,19.2,1,1,0,1,1,1,1,1,1,0,0,1,1,1,1
PB02964,Rupnagar,Textile Dyeing,796.31,26,117.2,2397.8,22.9,0,1,0,1,1,1,1,1,1,0,0,1,0,1,1
PB02965,Mohali,Plastic Products,129.93,22,14.1,50.0,6.6,1,0,0,1,1,1,1,1,1,0,0,0,1,0,0
PB02966,Mohali,Agro-based,223.37,16,9.3,819.8,13.0,0,0,0,1,1,0,0,1,0,0,0,0,0,0,1
PB02967,Jalandhar,Cement,209.78,5,65.5,345.6,3.3,0,0,0,1,1,0,1,1,0,0,0,0,0,1,1
PB02968,Patiala,Leather Products,92.28,10,2.0,285.2,26.7,1,0,0,1,1,0,1,1,1,0,0,0,0,0,1
PB02969,Patiala,Paper & Pulp,393.15,14,70.2,1082.6,31.5,0,1,0,1,1,1,1,1,1,0,0,1,0,1,1
PB02970,Mohali (SAS Nagar),Beverages,820.13,47,104.8,2594.6,31.1,0,1,0,1,1,1,1,0,1,0,1,1,0,1,1
PB02971,Mohali (SAS Nagar),Cement,2614.39,18,370.3,8338.2,21.6,0,0,0,1,1,1,1,0,1,1,0,0,0,1,1
PB02972,Hoshiarpur,Pharmaceutical,1532.81,11,208.2,5046.3,18.6,1,0,0,1,1,1,1,1,1,1,0,0,1,1,1
PB02973,Patiala,Food Processing,2586.02,12,372.4,8679.2,4.2,0,1,0,1,1,1,1,1,0,1,1,1,0,1,1
PB02974,Mohali (SAS Nagar),Steel Rolling,290.89,23,22.7,1803.8,0.5,0,0,0,1,1,1,1,1,1,0,0,0,0,0,1
PB02975,Ludhiana,Rice Milling,97.07,3,47.0,285.0,19.7,1,1,0,1,1,0,0,1,1,0,1,1,0,1,1
PB02976,Mohali (SAS Nagar),IT/Software Services,276.39,11,56.3,765.8,0.5,0,0,1,1,1,0,1,1,0,0,0,0,0,1,1
PB02977,Rupnagar,Textile,29.22,42,32.2,178.5,17.3,0,0,0,1,1,1,1,1,1,0,0,0,0,1,1
PB02978,Bathinda,Auto Components,384.65,11,73.1,1805.8,1.2,0,0,0,1,1,1,1,1,0,0,0,0,0,1,1
PB02979,Moga,Textile Dyeing,245.18,13,32.8,948.5,17.3,0,1,0,1,1,1,1,1,1,0,0,1,0,1,1
PB02980,Amritsar,Cement,161.59,16,20.6,802.8,9.2,0,0,0,1,1,1,1,1,0,0,0,0,0,0,1
PB02981,Sangrur,Engineering/Metal Fabrication,1226.29,17,214.1,3615.1,0.5,0,0,0,1,1,1,1,1,0,0,0,0,0,1,1
PB02982,Bathinda,Leather Products,721.48,16,133.6,1644.1,22.9,1,0,0,1,1,1,1,1,1,0,0,0,1,1,1
PB02983,Ludhiana,Rice Milling,3256.54,17,482.2,10830.4,21.8,0,1,0,1,1,1,1,1,0,1,1,1,0,1,1
PB02984,Patiala,Auto Components,6000.0,60,877.8,18106.2,0.5,0,0,0,1,1,1,1,1,0,1,0,0,0,1,1
PB02985,Hoshiarpur,Plastic Products,104.37,17,26.6,297.5,0.5,1,0,0,1,1,1,1,1,1,0,0,0,1,1,1
PB02986,Rupnagar,Steel Rolling,60.99,17,24.4,997.3,0.5,0,0,0,1,1,1,1,1,0,0,0,0,0,0,1
PB02987,Jalandhar,Cement,453.47,10,91.5,1233.4,2.8,0,0,0,1,1,1,1,1,0,0,0,0,0,1,1
PB02988,Fatehgarh Sahib,Paper & Pulp,709.28,9,121.6,2736.0,27.6,0,1,0,1,1,0,1,1,1,1,0,1,0,1,1
PB02989,Sangrur,Engineering/Metal Fabrication,82.27,150,20.3,366.5,9.9,0,0,0,1,1,1,1,1,0,1,0,0,0,0,1
PB02990,Amritsar,Textile,433.14,21,48.8,1252.4,0.5,0,0,0,1,1,1,1,1,0,0,0,0,0,1,1
PB02991,Sangrur,Furniture/Wood,67.28,5,14.9,50.0,0.5,0,0,0,1,1,0,1,0,0,0,0,0,0,0,0
PB02992,Mohali,Textile Dyeing,554.89,22,66.0,2015.0,41.3,0,1,0,1,1,1,1,1,1,0,0,1,0,1,1
PB02993,Mohali,IT/Software Services,38.35,15,17.1,50.0,6.3,0,0,1,1,1,0,1,1,0,0,0,0,0,0,0
PB02994,Moga,Cement,396.73,22,64.7,1753.2,0.5,0,0,0,1,1,1,1,1,0,0,0,0,0,1,1
PB02995,Patiala,Beverages,536.25,21,73.5,911.1,24.0,0,1,0,1,1,1,1,1,1,0,1,1,0,1,1
PB02996,Jalandhar,Rice Milling,135.71,23,19.2,484.2,19.0,0,0,0,1,1,1,1,1,1,0,1,0,0,0,1
PB02997,Ludhiana,Food Processing,433.3,9,75.0,1742.0,0.5,0,1,0,1,0,0,1,1,0,0,1,1,1,1,1
PB02998,Ludhiana,Leather Products,74.96,22,7.7,367.8,6.1,1,0,0,1,1,1,1,1,1,0,0,0,0,0,1
PB02999,Ludhiana,Furniture/Wood,206.96,7,13.2,241.7,18.8,0,0,0,1,0,0,1,0,1,0,0,0,0,0,1
PB03000,Amritsar,Textile Dyeing,357.19,21,61.8,827.4,29.7,0,0,0,1,1,1,1,1,1,0,0,0,0,1,1
PB03001,Amritsar,Steel Rolling,902.42,9,136.1,3514.0,11.6,0,0,0,1,1,0,1,1,0,0,0,0,0,1,1
PB03002,Mohali (SAS Nagar),Rice Milling,307.19,3,37.7,2241.2,24.5,0,1,0,1,1,0,0,1,1,0,1,1,0,1,1
PB03003,Ludhiana,Furniture/Wood,550.75,23,86.0,2150.9,4.7,0,0,0,1,1,1,1,1,0,0,0,0,0,1,0
PB03004,Fatehgarh Sahib,Beverages,878.79,34,150.4,3246.0,19.1,0,1,0,1,1,1,1,1,1,0,1,1,0,1,1
PB03005,Ludhiana,Steel Rolling,162.5,72,12.8,50.0,21.8,0,0,0,1,1,1,1,1,1,0,0,0,0,0,0
PB03006,Mohali (SAS Nagar),Steel Rolling,626.26,7,89.3,1751.1,12.7,0,0,0,1,1,0,0,1,0,0,0,0,0,1,1
PB03007,Bathinda,Food Processing,434.73,60,36.7,631.9,1.8,0,1,0,1,1,1,1,1,0,0,1,1,0,1,1
PB03008,Mohali,Paper & Pulp,37.19,3,32.0,486.1,27.7,0,1,0,1,1,0,0,1,1,0,0,1,0,1,1
PB03009,Sangrur,Food Processing,250.61,9,31.5,1795.6,9.2,0,0,0,1,1,0,1,1,0,0,1,0,0,1,1
PB03010,Fatehgarh Sahib,Engineering/Metal Fabrication,185.25,11,21.8,137.2,0.5,0,0,0,1,1,1,1,0,0,0,0,0,0,0,0
PB03011,Fatehgarh Sahib,Plastic Products,2570.83,9,382.2,6749.1,2.6,1,0,0,1,1,0,1,1,1,1,0,0,1,1,0
PB03012,Bathinda,Engineering/Metal Fabrication,94.14,21,10.1,65.6,11.2,0,0,0,1,1,1,1,1,0,0,0,0,0,0,0
PB03013,Hoshiarpur,Textile,727.46,23,132.8,2232.2,5.5,0,0,0,1,1,1,1,1,0,0,0,0,0,1,1
PB03014,Patiala,Beverages,975.81,24,143.5,3826.7,10.5,0,1,0,1,1,1,1,1,1,0,1,1,0,1,1
PB03015,Moga,Beverages,1325.5,10,177.5,4583.6,27.7,0,1,0,1,1,1,1,1,1,0,1,1,0,1,0
PB03016,Ludhiana,IT/Software Services,987.04,62,182.8,3107.6,0.5,0,0,1,1,1,0,1,1,0,0,0,0,0,1,1
PB03017,Jalandhar,Chemical,1096.96,88,189.5,3329.8,23.0,1,0,0,1,1,1,1,1,1,1,0,0,1,1,1
PB03018,Patiala,Rice Milling,285.69,7,2.0,497.7,22.6,0,1,0,1,1,0,1,1,1,0,1,1,0,0,1
PB03019,Fatehgarh Sahib,Chemical,422.83,34,62.5,1475.2,31.5,1,0,0,1,1,1,1,1,1,0,0,0,1,1,1
PB03020,Ludhiana,Rice Milling,537.75,12,67.9,957.8,11.2,0,1,0,1,1,1,1,1,1,0,1,1,0,1,1
PB03021,Patiala,Cement,891.54,22,129.9,2317.0,9.2,0,0,0,1,1,1,1,1,0,1,0,0,0,1,1
PB03022,Sangrur,Paper & Pulp,642.57,49,102.7,2093.8,11.5,1,0,0,1,1,1,1,1,1,1,0,0,1,1,1
PB03023,Patiala,Agro-based,1079.86,31,171.7,3001.8,14.0,0,0,0,1,1,1,1,1,0,0,0,0,1,1,1
PB03024,Patiala,Agro-based,59.77,36,2.0,693.8,9.9,0,0,0,1,1,1,1,1,0,0,0,0,0,0,1
PB03025,Mohali (SAS Nagar),Food Processing,1395.72,14,239.8,4854.1,3.5,0,1,0,1,1,1,1,1,0,0,1,1,0,1,1
PB03026,Hoshiarpur,Chemical,269.21,7,2.0,540.5,14.7,1,1,0,1,1,0,1,1,1,0,0,1,1,0,1
PB03027,Ludhiana,Beverages,1695.72,24,240.2,4519.3,24.9,0,1,0,1,1,1,1,1,1,0,1,1,0,1,1
PB03028,Ludhiana,Cement,1052.56,19,117.5,3184.2,0.5,0,0,0,1,1,1,1,1,0,1,0,0,0,1,1
PB03029,Ludhiana,Paper & Pulp,1015.94,14,149.1,3024.2,22.2,0,1,0,1,1,1,1,1,1,1,0,1,0,1,1
PB03030,Patiala,Chemical,506.63,37,70.4,1202.9,11.7,1,0,0,1,1,1,1,1,1,1,0,0,1,1,1
PB03031,Jalandhar,Plastic Products,4064.87,37,602.1,13040.6,0.5,1,0,0,1,1,1,1,1,1,1,0,0,1,1,1
PB03032,Amritsar,Beverages,182.16,9,3.8,1084.8,11.2,0,0,0,1,1,0,1,1,1,0,1,0,0,0,1
PB03033,Ludhiana,Electronics,324.67,43,65.5,687.9,7.9,0,0,0,1,1,1,1,1,0,0,0,0,0,1,1
PB03034,Moga,Chemical,771.98,4,95.3,2688.3,14.6,1,1,0,1,1,0,0,1,1,1,0,1,1,1,1
PB03035,Mohali (SAS Nagar),Furniture/Wood,276.61,10,64.3,527.6,10.3,0,0,0,1,1,1,1,1,0,0,0,0,0,1,1
PB03036,Hoshiarpur,Steel Rolling,119.42,132,2.0,353.7,0.5,0,0,0,1,1,1,1,1,0,0,0,0,0,0,1
PB03037,Jalandhar,Engineering/Metal Fabrication,32.02,27,2.0,419.5,0.5,0,0,0,1,1,1,1,1,0,0,0,0,0,0,1
PB03038,Amritsar,Plastic Products,1969.15,28,268.0,5894.5,14.2,1,0,0,1,1,1,1,1,1,0,0,0,1,1,1
PB03039,Amritsar,Chemical,199.92,10,20.8,102.6,14.3,1,1,0,1,1,1,1,1,1,0,0,1,1,0,0
PB03040,Mohali (SAS Nagar),Textile,499.87,47,76.2,1343.7,0.5,0,0,0,1,1,1,1,1,0,0,0,0,0,1,1
PB03041,Patiala,IT/Software Services,395.05,10,42.5,1609.8,0.5,0,0,1,1,1,0,1,0,0,0,0,0,0,1,1
PB03042,Rupnagar,IT/Software Services,399.23,38,53.0,1642.3,7.9,0,0,1,1,1,0,0,1,0,0,0,0,0,1,1
PB03043,Moga,Engineering/Metal Fabrication,1486.03,40,199.5,4125.1,0.5,0,0,0,1,1,1,1,1,0,0,0,0,0,1,1
PB03044,Moga,Beverages,72.75,14,2.0,488.8,23.4,0,1,0,1,1,0,1,1,1,0,1,1,0,0,1
PB03045,Hoshiarpur,Cement,73.52,31,2.0,50.0,16.1,0,0,0,1,1,1,1,1,1,0,0,0,0,0,0
PB03046,Bathinda,Cement,486.33,76,60.3,1341.3,12.6,0,0,0,1,1,1,1,1,0,0,0,0,0,1,1
PB03047,Mohali (SAS Nagar),Leather Products,479.29,19,77.3,1235.1,17.8,1,0,0,1,1,1,1,1,1,0,0,0,1,1,0
PB03048,Hoshiarpur,Agro-based,50.91,40,2.0,50.0,0.8,0,0,0,1,1,1,1,1,0,0,0,0,0,0,0
PB03049,Bathinda,Paper & Pulp,100.15,15,34.6,883.9,0.5,0,0,0,1,1,1,1,1,1,0,0,0,0,1,1
PB03050,Sangrur,Beverages,462.02,21,94.6,1276.3,12.1,0,0,0,1,1,1,1,1,1,0,1,0,0,1,1
PB03051,Rupnagar,IT/Software Services,65.73,3,14.6,394.5,0.5,0,0,1,1,1,0,0,1,0,0,0,0,0,0,1
PB03052,Fatehgarh Sahib,Food Processing,553.3,29,95.7,1087.1,4.6,0,1,0,1,1,1,1,1,0,0,1,1,0,1,1
PB03053,Patiala,Plastic Products,2181.69,18,311.9,7228.2,3.5,1,0,0,1,1,1,1,1,1,1,0,0,1,1,1
PB03054,Rupnagar,Food Processing,409.4,17,53.4,1094.7,0.5,0,1,0,1,1,0,1,1,0,0,1,1,0,1,1
PB03055,Hoshiarpur,Chemical,54.03,8,2.0,50.0,26.8,1,1,0,1,1,0,1,1,1,0,0,1,0,0,0
PB03056,Rupnagar,Engineering/Metal Fabrication,3688.44,54,541.2,12142.1,0.5,0,0,0,1,1,1,1,1,0,1,0,0,0,1,1
PB03057,Amritsar,Cement,131.86,5,8.6,50.0,0.5,0,0,0,1,1,0,1,0,0,0,0,0,0,0,0
PB03058,Ludhiana,Plastic Products,478.97,12,75.8,2413.3,6.7,1,0,0,1,1,1,1,1,1,0,0,0,1,1,1
PB03059,Bathinda,Plastic Products,253.84,217,42.7,50.0,6.5,1,0,0,1,1,1,1,1,1,0,0,0,1,1,0
PB03060,Sangrur,Furniture/Wood,268.48,21,39.5,839.8,2.5,0,0,0,1,1,1,1,1,0,0,0,0,0,0,0
PB03061,Rupnagar,Plastic Products,631.31,17,86.7,1989.9,3.2,1,0,0,1,1,1,1,1,1,0,0,0,1,1,1
PB03062,Moga,Furniture/Wood,4579.29,35,689.8,14241.6,9.9,0,0,0,1,1,1,1,1,0,1,0,0,0,1,1
PB03063,Fatehgarh Sahib,Plastic Products,259.38,84,46.3,1464.3,0.5,1,0,0,1,1,1,1,1,1,0,0,0,1,1,1
PB03064,Fatehgarh Sahib,Engineering/Metal Fabrication,682.57,113,96.3,1731.7,0.5,0,0,0,1,1,1,1,1,0,0,0,0,0,1,1
PB03065,Amritsar,Agro-based,455.08,118,71.2,947.4,7.8,0,0,0,1,1,1,1,1,0,0,0,0,0,1,1
PB03066,Sangrur,Beverages,265.44,23,34.3,1156.4,18.5,0,1,0,1,1,1,1,1,1,0,1,1,0,1,1
PB03067,Mohali (SAS Nagar),Rice Milling,90.63,9,32.9,50.0,15.6,0,1,0,1,1,0,1,1,1,0,1,1,0,1,0
PB03068,Fatehgarh Sahib,Textile Dyeing,650.73,7,87.5,2130.4,11.4,1,1,0,1,1,0,1,1,1,0,0,1,1,1,1
PB03069,Jalandhar,Textile Dyeing,353.55,4,50.1,315.5,17.5,0,1,0,1,1,0,0,1,1,0,0,1,0,1,1
PB03070,Sangrur,Auto Components,272.67,7,23.0,1287.8,0.5,0,0,0,1,1,0,1,1,0,0,0,0,0,0,1
PB03071,Fatehgarh Sahib,Food Processing,280.73,26,80.2,709.3,4.7,0,1,0,1,1,1,1,0,1,0,1,1,0,1,1
PB03072,Mohali,Furniture/Wood,538.81,18,105.3,1145.8,20.0,0,0,0,1,1,1,1,1,0,0,0,0,0,1,1
PB03073,Mohali (SAS Nagar),Agro-based,376.17,77,14.3,547.6,0.5,0,0,0,1,1,1,1,1,0,0,0,0,0,0,1
PB03074,Sangrur,Chemical,766.93,14,105.2,2843.7,17.8,1,1,0,1,1,1,1,1,1,1,0,1,1,1,1
PB03075,Mohali (SAS Nagar),Plastic Products,1192.74,17,175.9,3279.1,0.5,1,0,0,1,1,1,1,1,1,0,0,0,1,1,1
PB03076,Mohali (SAS Nagar),Steel Rolling,2641.03,22,409.3,7700.2,0.5,0,0,0,1,1,1,1,1,0,1,0,0,0,1,1
PB03077,Mohali,Beverages,152.89,13,20.7,416.2,31.2,0,1,0,1,1,1,1,1,1,0,1,1,0,0,1
PB03078,Ludhiana,Agro-based,360.82,10,17.8,770.7,11.0,0,0,0,1,1,1,0,1,0,0,0,0,0,0,1
PB03079,Sangrur,Engineering/Metal Fabrication,121.75,6,8.4,390.6,6.5,0,0,0,1,1,0,0,1,0,0,0,0,0,0,1
PB03080,Hoshiarpur,Pharmaceutical,741.89,6,120.6,3550.1,9.8,1,0,0,1,1,0,1,1,1,1,0,0,1,1,1
PB03081,Fatehgarh Sahib,Plastic Products,346.35,7,73.6,1186.3,2.7,1,0,0,1,1,0,1,1,1,0,0,0,1,0,1
PB03082,Fatehgarh Sahib,Rice Milling,579.71,32,75.7,2297.7,8.2,0,1,0,1,1,1,1,1,1,0,1,1,0,1,1
PB03083,Sangrur,Furniture/Wood,143.8,36,11.8,678.7,0.5,0,0,0,1,1,1,1,1,0,0,0,0,0,0,1
PB03084,Mohali,Plastic Products,473.05,6,53.5,917.1,8.6,1,0,0,1,1,0,1,1,1,0,0,0,1,1,0
PB03085,Amritsar,Cement,396.12,5,40.1,1276.0,6.8,0,0,0,1,1,0,1,1,0,0,0,0,0,1,1
PB03086,Fatehgarh Sahib,Chemical,396.34,3,41.3,1370.8,23.8,1,1,0,1,1,0,0,1,1,0,0,1,1,1,1
PB03087,Sangrur,Furniture/Wood,15.38,3,2.0,1197.9,0.5,0,0,0,1,0,0,1,1,0,0,0,0,0,0,1
PB03088,Ludhiana,Textile Dyeing,267.35,12,20.0,805.3,17.3,0,1,0,1,1,1,1,1,1,0,0,1,0,0,1
PB03089,Mohali,IT/Software Services,1956.79,64,257.8,5886.3,0.6,0,0,1,1,1,0,1,1,0,0,0,0,0,1,1
PB03090,Fatehgarh Sahib,Food Processing,302.92,19,59.6,872.7,2.7,0,1,0,1,1,1,1,1,0,0,1,1,0,1,1
PB03091,Rupnagar,Furniture/Wood,52.42,92,2.0,50.0,0.5,0,0,0,1,1,1,1,1,0,0,0,0,0,0,0
PB03092,Mohali,Food Processing,1688.8,59,270.4,4919.2,6.6,0,0,0,1,1,1,1,1,0,0,1,0,0,1,1
PB03093,Bathinda,Plastic Products,51.67,45,16.2,557.1,19.6,1,0,0,1,1,1,1,1,1,0,0,0,0,0,1
PB03094,Jalandhar,Paper & Pulp,966.58,11,174.0,3111.6,23.2,0,1,0,1,1,1,1,1,1,1,0,1,0,1,1
PB03095,Jalandhar,Textile,1462.08,20,226.6,4137.8,2.5,0,0,0,1,0,1,1,1,0,0,0,0,0,1,1
PB03096,Rupnagar,Paper & Pulp,272.77,2,56.4,406.0,11.4,0,0,0,1,1,0,0,1,1,0,0,0,0,1,1
PB03097,Rupnagar,Steel Rolling,168.24,8,43.5,854.1,0.5,0,0,0,1,1,0,1,0,0,0,0,0,0,1,1
PB03098,Rupnagar,Textile,1575.02,24,234.8,4324.5,10.1,0,0,0,1,1,1,1,1,0,0,0,0,0,1,1
PB03099,Mohali,Electronics,151.19,18,34.3,211.1,5.8,0,0,0,1,1,1,1,1,0,0,0,0,0,1,1
PB03100,Sangrur,Food Processing,539.33,21,96.5,1241.0,0.5,0,1,0,1,1,1,1,1,0,0,1,1,0,1,1
PB03101,Bathinda,Textile,119.78,34,35.7,374.0,14.8,0,0,0,1,1,1,1,1,0,0,0,0,0,1,1
PB03102,Patiala,Steel Rolling,357.87,27,62.9,1081.2,0.5,0,0,0,1,1,1,1,1,0,0,0,0,0,1,1
PB03103,Hoshiarpur,Beverages,1737.56,52,261.7,5958.3,21.7,0,1,0,1,1,1,1,1,1,0,1,1,0,1,1
PB03104,Amritsar,Paper & Pulp,385.24,5,78.9,308.1,10.9,0,1,0,1,1,0,1,1,1,0,0,1,0,1,1
PB03105,Mohali (SAS Nagar),Leather Products,802.67,27,98.3,2133.2,7.0,1,0,0,1,1,1,0,1,1,0,0,0,1,1,1
PB03106,Mohali,Auto Components,219.99,66,21.8,598.4,10.6,0,0,0,1,1,1,1,1,0,0,0,0,0,0,1
PB03107,Rupnagar,Textile,1140.45,19,221.8,3352.8,18.2,0,0,0,1,1,1,1,1,1,0,0,0,0,1,1
PB03108,Mohali (SAS Nagar),Leather Products,1422.16,11,176.6,4160.7,8.6,1,0,0,1,1,1,1,1,1,0,0,0,1,1,1
PB03109,Mohali,Chemical,79.17,2,2.0,311.8,21.7,1,1,0,1,0,0,0,1,1,0,0,1,0,0,1
PB03110,Amritsar,Agro-based,280.94,20,44.1,236.7,19.2,0,0,0,1,1,1,1,1,1,0,0,0,0,1,1
PB03111,Sangrur,Electronics,913.22,30,130.4,3091.3,0.5,0,0,0,1,1,1,1,1,0,0,0,0,0,1,1
PB03112,Moga,Engineering/Metal Fabrication,267.86,35,2.0,950.0,0.5,0,0,0,1,1,1,1,1,0,0,0,0,0,0,1
PB03113,Mohali (SAS Nagar),Auto Components,241.14,30,10.6,472.3,1.9,0,0,0,1,1,1,1,1,0,0,0,0,0,0,1
PB03114,Jalandhar,Engineering/Metal Fabrication,1437.07,7,207.4,4613.5,11.9,0,0,0,1,1,0,1,1,0,0,0,0,0,1,1
PB03115,Bathinda,Pharmaceutical,313.81,23,28.4,1433.9,23.8,1,0,0,1,1,1,1,0,1,0,0,0,1,1,1
PB03116,Moga,Steel Rolling,267.79,29,46.7,601.4,0.5,1,0,0,1,1,1,1,1,1,0,0,0,1,1,1
PB03117,Ludhiana,IT/Software Services,2047.84,21,278.3,5183.3,5.1,0,0,1,1,1,0,1,1,0,1,0,0,0,1,1
PB03118,Mohali (SAS Nagar),Beverages,192.64,20,8.9,410.1,21.5,0,0,0,1,1,1,1,1,1,0,1,0,0,0,1
PB03119,Bathinda,IT/Software Services,369.65,14,49.1,854.4,6.1,0,0,1,1,1,0,1,1,0,1,0,0,0,1,1
PB03120,Bathinda,Pharmaceutical,54.34,15,31.3,218.1,20.2,1,0,0,1,1,1,1,1,1,0,0,0,0,1,1
PB03121,Ludhiana,Plastic Products,930.74,9,151.1,2849.8,8.3,1,0,0,1,1,0,1,1,1,0,0,0,1,1,1
PB03122,Moga,Leather Products,190.19,53,33.6,914.4,29.3,1,0,0,1,1,1,1,1,1,0,0,0,1,1,1
PB03123,Sangrur,Paper & Pulp,373.92,27,65.6,1011.2,25.7,0,1,0,1,1,1,1,1,0,0,0,1,0,1,1
PB03124,Ludhiana,Paper & Pulp,311.31,26,76.3,552.1,12.7,0,0,0,1,1,1,1,1,1,0,0,0,0,1,1
PB03125,Mohali (SAS Nagar),Agro-based,131.8,6,7.8,809.5,4.7,0,0,0,1,1,0,1,1,0,0,0,0,0,0,1
PB03126,Bathinda,Engineering/Metal Fabrication,1416.42,6,166.6,3959.1,5.2,0,0,0,1,1,0,1,1,0,0,0,0,0,1,1
PB03127,Amritsar,Engineering/Metal Fabrication,74.67,76,27.2,639.2,4.3,0,0,0,1,1,1,1,1,0,0,0,0,0,1,1
PB03128,Mohali,IT/Software Services,816.22,23,128.5,2248.3,0.5,0,0,1,1,0,0,1,1,0,0,0,0,0,1,1
PB03129,Ludhiana,Food Processing,423.95,56,76.6,834.4,16.8,1,1,0,1,1,1,1,1,1,0,1,1,1,1,1
PB03130,Mohali (SAS Nagar),Pharmaceutical,6000.0,12,900.0,18495.6,30.1,1,0,0,1,1,1,1,1,1,1,0,0,1,1,1
PB03131,Fatehgarh Sahib,Textile Dyeing,169.22,15,21.5,1809.5,20.1,0,0,0,1,1,1,1,1,1,0,0,0,0,0,1
PB03132,Jalandhar,IT/Software Services,1622.44,41,277.6,4233.7,7.7,0,0,1,1,1,0,1,1,0,0,0,0,0,1,1
PB03133,Ludhiana,IT/Software Services,60.18,10,12.8,1331.9,3.2,0,0,1,1,0,0,1,1,0,0,0,0,0,0,1
PB03134,Fatehgarh Sahib,Textile Dyeing,477.26,39,52.4,753.1,31.7,0,1,0,1,1,0,1,1,1,0,0,1,0,1,1
PB03135,Jalandhar,Food Processing,110.75,10,48.4,365.6,20.4,0,1,0,1,1,1,1,1,1,0,1,1,0,1,1
PB03136,Sangrur,Cement,964.52,13,138.3,2745.2,7.6,0,0,0,1,1,1,1,1,0,1,0,0,0,1,1
PB03137,Jalandhar,Chemical,920.61,42,137.5,2622.7,1.1,1,1,0,1,1,1,1,1,1,1,0,1,1,1,1
PB03138,Fatehgarh Sahib,Furniture/Wood,424.86,30,105.1,1623.4,0.5,0,0,0,1,1,1,1,1,1,0,0,0,0,1,1
PB03139,Amritsar,Pharmaceutical,423.5,42,79.3,1262.3,5.1,1,0,0,1,1,1,1,1,1,0,0,0,1,1,1
PB03140,Bathinda,Rice Milling,27.72,14,3.1,349.5,25.9,0,1,0,1,1,0,1,1,1,0,1,1,0,0,1
PB03141,Mohali,Plastic Products,401.88,58,41.0,1173.3,20.2,1,0,0,1,1,1,1,1,1,0,0,0,1,1,1
PB03142,Mohali,Chemical,394.02,10,55.4,1769.5,22.1,1,0,0,1,1,1,1,1,1,0,0,0,0,1,1
PB03143,Sangrur,Auto Components,47.47,22,13.9,676.7,6.1,0,0,0,1,1,1,1,1,0,0,0,0,0,0,1
PB03144,Sangrur,Leather Products,1830.17,80,300.9,5532.2,14.9,1,0,0,1,1,1,1,1,1,0,0,0,1,1,1
PB03145,Fatehgarh Sahib,Textile,1732.58,22,258.8,4988.9,0.5,0,0,0,1,1,1,1,1,0,0,0,0,1,1,1
PB03146,Rupnagar,Beverages,356.32,20,91.6,708.7,20.8,0,0,0,1,1,1,1,1,1,0,1,0,0,1,1
PB03147,Hoshiarpur,Plastic Products,375.73,15,60.6,914.1,12.3,1,0,0,1,1,1,1,1,1,0,0,0,1,1,1
PB03148,Mohali,Plastic Products,844.8,137,140.8,2027.4,24.4,1,0,0,1,1,1,1,1,1,0,0,0,1,1,1
PB03149,Fatehgarh Sahib,Cement,261.8,5,37.7,395.7,0.5,0,0,0,1,1,0,1,1,0,0,0,0,0,1,1
PB03150,Moga,IT/Software Services,87.57,8,19.8,80.1,0.5,0,0,1,1,1,0,1,0,0,0,0,0,0,0,0
PB03151,Fatehgarh Sahib,Textile Dyeing,532.79,10,70.3,2370.0,27.3,0,0,0,1,1,1,1,1,1,0,0,0,0,1,1
PB03152,Jalandhar,Food Processing,194.3,41,33.3,973.4,0.5,0,1,0,1,1,1,1,1,0,0,1,1,0,1,1
PB03153,Hoshiarpur,Chemical,174.72,7,36.1,506.6,23.7,1,1,0,1,1,0,1,1,1,0,0,1,1,1,1
PB03154,Patiala,Textile,477.43,2,56.7,1293.0,1.8,0,0,0,1,1,0,1,1,0,0,0,0,0,1,1
PB03155,Mohali (SAS Nagar),Electronics,263.85,13,60.0,1041.0,0.5,0,0,0,1,1,1,1,1,0,0,0,0,0,1,1
PB03156,Moga,Beverages,201.39,17,11.5,1092.6,26.5,0,1,0,1,1,1,1,1,1,0,1,1,0,0,1
PB03157,Patiala,Engineering/Metal Fabrication,660.04,17,72.5,1962.6,2.3,0,0,0,1,1,1,1,1,0,0,0,0,0,1,1
PB03158,Moga,Electronics,87.59,63,39.7,83.0,13.3,0,0,0,1,1,1,1,1,0,0,0,0,0,1,0
PB03159,Moga,Cement,2745.65,40,416.9,8644.4,11.0,0,0,0,1,1,1,1,1,0,1,0,0,0,1,1
PB03160,Hoshiarpur,Auto Components,135.33,16,21.4,779.2,8.8,0,0,0,1,1,1,1,1,0,0,0,0,0,0,1
PB03161,Amritsar,Leather Products,721.62,30,101.1,3134.4,18.7,1,0,0,1,1,1,1,1,1,0,0,0,1,1,1
PB03162,Amritsar,IT/Software Services,442.69,9,91.5,935.3,20.5,0,0,1,1,1,0,1,1,1,0,0,0,0,1,1
PB03163,Fatehgarh Sahib,Textile,218.54,13,55.8,547.6,9.8,0,0,0,1,1,1,1,1,0,0,0,0,0,1,1
PB03164,Mohali,Food Processing,255.78,30,75.4,500.5,0.5,0,1,0,1,1,1,1,1,0,0,1,1,0,1,0
PB03165,Jalandhar,Pharmaceutical,224.12,21,28.4,50.0,25.0,1,0,0,1,1,1,1,1,1,0,0,0,0,1,0
PB03166,Mohali (SAS Nagar),Rice Milling,718.37,35,86.2,2923.5,13.0,0,1,0,1,1,1,1,1,1,0,1,1,0,1,1
PB03167,Ludhiana,Rice Milling,508.06,15,66.9,1785.1,11.9,0,0,0,1,1,1,1,1,1,0,1,0,0,1,1
PB03168,Bathinda,Beverages,390.68,29,53.7,50.0,26.2,1,0,0,1,1,1,1,1,1,0,1,0,1,1,0
PB03169,Bathinda,Food Processing,783.77,23,95.7,2005.0,10.3,0,1,0,1,1,1,1,1,0,0,1,1,0,1,1
PB03170,Hoshiarpur,Leather Products,301.12,21,41.9,816.9,15.1,1,0,0,1,1,1,1,1,1,0,0,0,1,1,1
PB03171,Rupnagar,Chemical,256.76,35,2.0,739.2,15.9,1,1,0,1,1,1,1,1,1,0,0,1,1,0,1
PB03172,Rupnagar,Beverages,182.31,10,43.3,1177.7,8.9,0,1,0,1,1,1,1,1,1,0,1,1,0,1,1
PB03173,Patiala,Textile Dyeing,483.09,3,72.8,1287.7,12.4,0,1,0,1,1,0,0,1,1,0,0,1,0,1,1
PB03174,Bathinda,Textile Dyeing,404.64,29,65.7,1418.0,31.4,0,0,0,1,1,1,0,1,1,0,0,0,0,1,1
PB03175,Moga,Engineering/Metal Fabrication,184.49,22,9.2,758.3,4.6,0,0,0,1,1,1,1,1,0,0,0,0,0,0,1
PB03176,Patiala,Cement,176.06,28,36.4,50.0,0.5,0,0,0,1,1,1,1,1,0,0,0,0,0,1,0
PB03177,Hoshiarpur,Paper & Pulp,654.04,17,64.8,2422.8,18.0,0,1,0,1,1,1,1,1,1,1,0,1,0,1,1
PB03178,Bathinda,Plastic Products,373.34,17,59.5,2428.5,10.3,1,0,0,1,1,1,1,1,1,0,0,0,1,1,1
PB03179,Moga,Plastic Products,377.78,71,62.5,1104.8,2.6,1,0,0,1,1,1,1,1,1,0,0,0,1,1,1
PB03180,Mohali (SAS Nagar),Textile Dyeing,603.59,24,119.2,1166.2,18.0,0,1,0,1,1,1,1,1,1,0,0,1,0,0,1
PB03181,Ludhiana,Furniture/Wood,748.76,28,119.1,2399.2,20.0,0,0,0,1,1,1,1,1,1,0,0,0,0,1,1
PB03182,Rupnagar,Steel Rolling,410.26,21,52.2,1696.4,0.5,0,0,0,1,1,1,1,1,0,0,0,0,0,1,1
PB03183,Amritsar,Agro-based,944.7,57,134.6,2968.9,0.5,0,0,0,1,1,1,1,1,0,0,0,0,0,1,1
PB03184,Mohali (SAS Nagar),Leather Products,6000.0,15,853.8,18337.7,9.6,1,0,0,1,1,1,1,1,1,1,0,0,1,1,1
PB03185,Sangrur,Pharmaceutical,67.44,135,2.0,85.1,0.5,1,0,0,1,1,0,1,1,1,0,0,0,0,0,0
PB03186,Moga,Electronics,476.69,39,38.0,1791.5,15.5,0,0,0,1,1,1,1,1,1,0,0,0,0,1,1
PB03187,Fatehgarh Sahib,Textile,162.99,11,11.9,1428.1,5.9,0,0,0,1,1,1,1,1,0,0,0,0,0,0,0
PB03188,Moga,Engineering/Metal Fabrication,912.76,46,119.0,2443.2,20.2,0,0,0,1,1,1,1,1,1,0,0,0,0,1,1
PB03189,Ludhiana,Textile Dyeing,4689.55,26,709.0,13999.6,35.8,0,1,0,1,1,1,1,1,1,1,0,1,0,1,1
PB03190,Fatehgarh Sahib,Paper & Pulp,242.01,4,47.3,1144.1,15.2,0,1,0,1,1,0,0,1,1,0,0,1,0,1,1
PB03191,Patiala,Rice Milling,11.67,6,2.0,50.0,13.1,0,1,0,1,1,0,1,0,1,0,1,1,0,0,0
PB03192,Sangrur,Plastic Products,1004.3,11,139.9,2945.5,0.5,1,0,0,1,1,1,1,1,1,0,0,0,1,1,1
PB03193,Patiala,Food Processing,737.32,27,91.8,2982.6,16.4,0,0,0,1,1,1,1,1,1,0,1,0,0,1,1
PB03194,Rupnagar,Textile,1761.09,6,282.5,5471.8,2.1,0,0,0,1,1,1,1,1,0,0,0,0,0,0,1
PB03195,Moga,Chemical,749.06,15,90.2,2251.6,27.0,1,1,0,1,1,1,1,1,1,1,0,1,1,1,1
PB03196,Hoshiarpur,Cement,82.14,6,2.0,50.0,0.5,0,0,0,1,1,0,1,0,0,0,0,0,0,0,0
PB03197,Mohali,Food Processing,59.09,64,2.0,556.2,0.9,0,1,0,1,1,1,1,1,0,0,1,1,0,0,1
PB03198,Rupnagar,IT/Software Services,4919.65,4,728.9,14217.2,1.3,0,0,1,1,1,0,0,1,0,1,0,0,0,1,1
PB03199,Bathinda,Engineering/Metal Fabrication,6000.0,72,887.2,17517.0,1.3,0,0,0,1,1,1,1,1,0,1,0,0,0,1,1
PB03200,Mohali (SAS Nagar),Rice Milling,713.03,29,53.7,2409.1,22.5,0,1,0,1,1,1,1,1,1,0,1,1,0,1,1
PB03201,Mohali (SAS Nagar),Electronics,732.05,16,144.3,2086.3,2.7,0,0,0,1,1,1,1,1,0,0,0,0,0,1,1
PB03202,Bathinda,Plastic Products,113.48,13,25.5,50.0,0.5,1,0,0,1,1,1,1,1,1,0,0,0,1,1,0
PB03203,Mohali,Plastic Products,181.88,9,73.5,969.6,13.4,1,0,0,1,1,1,1,1,1,0,0,0,1,1,1
PB03204,Rupnagar,Engineering/Metal Fabrication,178.38,116,17.8,724.9,10.6,1,0,0,1,1,1,1,1,1,0,0,0,1,0,1
PB03205,Mohali (SAS Nagar),Steel Rolling,480.45,16,71.7,1430.2,13.8,0,0,0,1,1,1,1,1,0,0,0,0,0,1,1
PB03206,Ludhiana,Auto Components,419.15,3,96.1,1677.0,21.6,0,0,0,1,1,0,0,1,1,0,0,0,1,1,1
PB03207,Rupnagar,Rice Milling,155.15,3,28.9,335.4,19.9,0,1,0,1,1,0,0,1,1,0,1,1,0,1,1
PB03208,Rupnagar,Furniture/Wood,226.52,16,41.6,979.2,4.1,0,0,0,1,1,1,1,1,0,0,0,0,0,1,1
PB03209,Fatehgarh Sahib,Furniture/Wood,502.81,10,70.4,1551.6,21.9,0,0,0,1,1,1,1,1,1,0,0,0,0,1,1
PB03210,Amritsar,Electronics,1244.79,9,168.9,3108.5,5.8,0,0,0,1,1,0,1,1,0,0,0,0,0,1,1
PB03211,Mohali,Textile,298.85,4,25.0,1270.0,12.6,1,0,0,1,1,0,0,1,1,0,0,0,1,0,1
PB03212,Mohali (SAS Nagar),Furniture/Wood,941.96,11,164.2,3097.8,11.6,0,0,0,1,1,1,1,1,0,0,0,0,0,1,1
PB03213,Jalandhar,IT/Software Services,157.85,18,41.0,1256.0,6.4,0,0,1,1,1,0,1,1,0,0,0,0,0,1,1
PB03214,Ludhiana,Furniture/Wood,351.89,74,41.8,1447.9,0.5,0,0,0,1,1,1,1,1,0,0,0,0,0,1,1
PB03215,Jalandhar,Beverages,96.85,5,67.4,555.9,5.2,0,1,0,1,1,0,1,1,1,1,1,1,0,1,1
PB03216,Patiala,Steel Rolling,71.58,21,16.0,50.0,1.6,0,0,0,1,0,1,1,1,0,0,0,0,0,0,0
PB03217,Jalandhar,Furniture/Wood,1436.83,13,244.3,3802.5,4.3,0,0,0,1,1,1,1,1,0,0,0,0,0,1,1
PB03218,Moga,Furniture/Wood,215.77,47,39.0,1147.6,6.4,0,0,0,1,1,1,1,1,0,0,0,0,0,1,1
PB03219,Mohali,Leather Products,183.84,8,25.9,882.9,15.0,1,0,0,1,1,0,1,1,1,0,0,0,1,1,1
PB03220,Patiala,Chemical,1079.99,14,152.2,2959.9,33.6,1,1,0,1,1,1,1,1,1,1,0,1,1,1,1
PB03221,Rupnagar,Rice Milling,65.86,3,2.0,50.0,19.1,0,1,0,1,1,0,0,1,1,0,1,1,0,0,0
PB03222,Amritsar,Electronics,2056.54,10,288.8,7154.3,0.5,0,0,0,1,1,1,1,1,0,1,0,0,0,1,1
PB03223,Moga,Beverages,463.33,11,78.4,1724.7,25.9,0,1,0,1,1,1,1,1,1,1,1,1,0,1,1
PB03224,Sangrur,Steel Rolling,292.3,4,71.9,508.2,6.9,0,0,0,1,1,0,0,1,0,0,0,0,0,1,1
PB03225,Patiala,Beverages,87.76,36,26.8,50.0,18.9,0,1,0,1,0,1,1,1,1,0,1,1,0,1,0
PB03226,Patiala,Plastic Products,1286.05,119,173.8,4127.9,7.3,1,0,0,1,1,1,1,1,1,0,0,0,1,1,1
PB03227,Amritsar,Pharmaceutical,2099.2,14,340.2,6712.0,21.1,1,0,0,1,1,1,1,1,1,1,0,0,1,1,1
PB03228,Mohali,Plastic Products,344.94,43,53.0,1033.5,3.2,1,0,0,1,1,1,1,1,1,0,0,0,1,1,1
PB03229,Rupnagar,Textile,553.11,45,93.1,1622.6,13.1,0,0,0,1,1,1,1,1,0,0,0,0,0,1,1
PB03230,Hoshiarpur,Engineering/Metal Fabrication,393.4,5,90.0,1712.3,3.0,0,0,0,1,1,0,1,1,0,0,0,0,0,1,1
PB03231,Amritsar,Chemical,218.35,19,18.3,330.5,35.2,1,0,0,1,1,1,1,1,1,0,0,0,1,0,1
PB03232,Patiala,Cement,84.15,194,27.0,433.6,19.8,0,0,0,1,1,0,1,1,1,1,0,0,0,1,1
PB03233,Moga,Paper & Pulp,347.23,6,70.6,915.6,27.8,0,1,0,1,1,0,1,1,1,0,0,1,0,1,1
PB03234,Sangrur,Beverages,6000.0,5,876.7,17579.4,16.4,0,0,0,1,1,1,1,0,1,1,1,0,0,1,1
PB03235,Moga,Rice Milling,53.6,38,2.0,52.5,17.1,0,0,0,1,1,1,1,1,1,0,1,0,0,0,0
PB03236,Ludhiana,Engineering/Metal Fabrication,716.56,47,125.3,1850.8,7.9,1,0,0,1,1,1,1,1,1,0,0,0,1,1,1
PB03237,Fatehgarh Sahib,Electronics,202.15,25,34.5,50.0,10.1,0,0,0,1,1,1,1,1,0,0,0,0,0,1,0
PB03238,Sangrur,Paper & Pulp,457.54,19,54.7,829.8,27.9,0,1,0,1,1,1,1,1,1,0,0,1,0,1,1
PB03239,Rupnagar,Auto Components,955.71,8,127.5,2392.8,3.8,0,0,0,1,0,0,1,1,0,0,0,0,0,1,1
PB03240,Amritsar,Steel Rolling,1226.37,80,151.4,3067.6,0.5,0,0,0,1,1,1,1,1,0,0,0,0,0,1,1
PB03241,Patiala,Chemical,201.37,16,71.0,577.6,23.6,1,1,0,1,1,1,1,1,1,0,0,1,1,1,1
PB03242,Sangrur,Cement,78.85,27,2.0,50.0,11.2,1,0,0,1,1,1,1,1,1,0,0,0,0,0,0
PB03243,Jalandhar,Paper & Pulp,337.36,24,17.2,816.9,11.4,0,1,0,1,1,1,1,1,1,0,0,1,0,1,1
PB03244,Bathinda,Agro-based,1932.57,19,287.3,6350.7,9.4,0,0,0,1,1,1,1,0,0,0,0,0,0,1,1
PB03245,Sangrur,Plastic Products,986.91,25,113.8,2544.1,18.2,1,0,0,1,1,1,1,1,0,0,0,0,1,1,1
PB03246,Hoshiarpur,Rice Milling,956.8,9,120.4,2102.4,8.2,0,1,0,1,1,0,1,1,1,0,1,1,0,1,1
PB03247,Sangrur,Plastic Products,567.97,11,103.0,1177.4,6.4,1,0,0,1,1,1,1,1,1,0,0,0,1,1,1
PB03248,Patiala,IT/Software Services,960.69,27,125.1,3242.5,7.0,0,0,1,1,1,0,1,1,0,0,0,0,0,1,1
PB03249,Bathinda,Agro-based,689.73,16,97.3,2057.1,11.2,0,0,0,1,1,1,1,1,0,0,0,0,0,1,1
PB03250,Hoshiarpur,Cement,380.39,25,80.6,847.3,15.2,0,0,0,1,1,1,1,1,1,0,0,0,0,1,1
PB03251,Bathinda,Electronics,2095.35,18,304.8,6241.9,6.3,0,0,0,1,1,1,1,1,0,0,0,0,0,1,1
PB03252,Mohali (SAS Nagar),Auto Components,17.65,23,37.5,287.5,6.7,0,0,0,1,1,1,1,1,0,0,0,0,0,1,1
PB03253,Patiala,Food Processing,576.95,11,110.7,1743.1,0.5,0,1,0,1,1,1,1,1,0,0,1,1,0,1,1
PB03254,Ludhiana,Plastic Products,572.76,36,54.1,1576.4,12.0,1,0,0,1,1,1,1,1,1,0,0,0,1,1,1
PB03255,Hoshiarpur,IT/Software Services,93.27,8,2.0,815.5,14.0,0,0,1,1,1,0,1,0,0,0,0,0,0,0,1
PB03256,Fatehgarh Sahib,Plastic Products,599.49,125,68.6,1789.5,2.1,1,0,0,1,1,1,1,1,1,0,0,0,1,1,1
PB03257,Mohali,Plastic Products,607.37,83,112.6,1580.8,3.2,1,0,0,1,1,1,1,1,1,0,0,0,1,1,1
PB03258,Bathinda,Beverages,108.95,28,24.7,50.0,29.0,0,1,0,1,1,1,1,1,1,0,1,1,0,0,0
PB03259,Patiala,Pharmaceutical,98.59,95,47.5,50.0,10.0,1,0,0,1,1,1,1,1,1,0,0,0,0,1,0
PB03260,Mohali,Textile,1325.94,11,194.3,3873.7,0.5,0,0,0,1,1,1,1,1,0,0,0,0,0,1,1
PB03261,Jalandhar,Paper & Pulp,429.83,5,21.5,2397.1,20.0,0,1,0,1,1,0,1,1,1,0,0,1,0,0,1
PB03262,Patiala,Cement,283.03,42,48.9,1118.4,7.8,0,0,0,1,1,0,1,1,0,0,0,0,0,1,1
PB03263,Bathinda,Cement,4329.13,24,678.9,12335.7,7.3,0,0,0,1,1,1,1,1,1,1,0,0,0,1,1
PB03264,Mohali (SAS Nagar),Agro-based,709.1,8,103.3,1789.4,7.8,0,0,0,1,1,0,1,1,0,0,0,0,0,1,1
PB03265,Fatehgarh Sahib,Furniture/Wood,23.57,3,2.0,266.4,0.5,0,0,0,1,1,0,0,0,0,0,0,0,0,0,1
PB03266,Moga,Engineering/Metal Fabrication,398.31,22,68.3,1794.6,2.2,0,0,0,1,1,1,1,1,0,0,0,0,0,1,1
PB03267,Mohali (SAS Nagar),Electronics,440.4,10,24.0,526.9,0.5,0,0,0,1,1,1,1,1,0,0,0,0,0,0,1
PB03268,Fatehgarh Sahib,Steel Rolling,426.07,8,58.8,1594.4,6.0,0,0,0,1,0,0,1,1,0,0,0,0,0,1,1
PB03269,Mohali,Plastic Products,210.7,39,54.3,50.0,6.5,1,0,0,1,1,1,1,1,1,0,0,0,1,1,0
PB03270,Ludhiana,Textile,296.44,51,62.4,899.1,0.5,0,0,0,1,1,1,1,1,0,0,0,0,0,1,1
PB03271,Hoshiarpur,Chemical,181.86,198,54.8,644.2,32.0,1,0,0,1,1,1,1,1,1,0,0,0,1,1,1
PB03272,Amritsar,Engineering/Metal Fabrication,199.16,51,16.7,1428.9,12.0,0,0,0,1,1,1,1,1,0,1,0,0,0,0,1
PB03273,Moga,Textile,1476.53,24,218.6,4365.8,0.5,0,0,0,1,1,1,1,1,0,0,0,0,0,1,1
PB03274,Hoshiarpur,Paper & Pulp,139.7,41,26.4,526.5,14.6,0,1,0,1,1,1,1,1,1,0,0,1,0,1,1
PB03275,Hoshiarpur,Textile Dyeing,356.63,99,78.0,427.9,14.8,0,1,0,1,1,1,1,1,1,0,0,1,0,1,1
PB03276,Rupnagar,Leather Products,2052.33,26,304.0,6121.2,24.4,1,0,0,1,1,1,1,1,1,1,0,0,1,1,1
PB03277,Amritsar,Leather Products,428.5,8,57.1,1248.9,20.2,1,0,0,1,1,0,1,1,1,0,0,0,1,1,1
PB03278,Fatehgarh Sahib,Cement,254.95,44,42.1,61.9,8.1,0,0,0,1,1,1,1,1,0,0,0,0,0,1,0
PB03279,Patiala,Paper & Pulp,1831.22,26,287.7,5600.5,39.4,1,0,0,1,1,1,1,1,1,1,0,0,1,1,1
PB03280,Hoshiarpur,Pharmaceutical,43.49,46,25.4,50.0,22.5,1,0,0,1,1,1,1,1,1,0,0,0,0,1,0
PB03281,Sangrur,Leather Products,10.84,8,7.8,464.2,16.7,1,0,0,1,1,0,1,1,1,0,0,0,0,0,1
PB03282,Sangrur,Textile,297.39,79,24.1,976.8,15.4,0,0,0,1,1,1,1,1,1,0,0,0,0,0,1
PB03283,Rupnagar,Plastic Products,502.63,9,95.1,1867.7,5.4,1,0,0,1,1,0,0,0,1,0,0,0,1,1,1
PB03284,Sangrur,Agro-based,2352.92,8,379.8,7574.2,13.3,0,0,0,1,1,0,1,1,0,1,0,0,0,1,1
PB03285,Patiala,IT/Software Services,189.95,28,51.2,203.1,0.5,0,0,1,1,1,0,1,1,0,0,0,0,0,0,1
PB03286,Rupnagar,Plastic Products,373.51,5,22.4,1072.1,0.5,1,0,0,1,1,0,1,1,1,0,0,0,1,1,1
PB03287,Sangrur,Furniture/Wood,277.22,13,37.3,539.8,8.0,0,0,0,1,1,1,1,1,0,0,0,0,0,1,1
PB03288,Moga,Leather Products,38.29,16,5.2,455.2,27.3,1,0,0,1,1,1,1,1,1,0,0,0,0,0,1
PB03289,Mohali (SAS Nagar),Plastic Products,325.18,17,53.7,1750.4,4.6,1,0,0,1,1,1,1,1,1,0,0,0,1,1,1
PB03290,Mohali (SAS Nagar),Steel Rolling,2945.83,13,412.8,8593.3,13.6,0,0,0,1,1,1,1,1,1,1,0,0,0,1,1
PB03291,Patiala,Furniture/Wood,28.47,14,27.7,50.0,7.6,0,0,0,1,1,1,1,0,0,0,0,0,0,1,0
PB03292,Ludhiana,Beverages,54.42,37,2.0,50.0,29.1,0,1,0,1,1,1,1,1,1,0,1,1,0,0,0
PB03293,Moga,Plastic Products,52.67,21,2.0,165.5,1.5,1,0,0,1,1,1,1,1,1,0,0,0,0,0,1
PB03294,Bathinda,Plastic Products,173.71,15,36.8,521.1,4.3,1,0,0,1,1,1,1,1,1,0,0,0,1,1,1
PB03295,Moga,Textile,272.9,12,25.5,1117.1,13.0,0,0,0,1,1,1,1,1,0,0,0,0,1,1,1
PB03296,Rupnagar,Pharmaceutical,5992.38,6,920.0,18277.6,23.4,1,0,0,1,1,1,1,1,1,1,0,0,1,1,1
PB03297,Ludhiana,Paper & Pulp,257.09,5,65.4,583.9,23.7,1,1,0,1,1,0,1,1,1,0,0,1,1,1,1
PB03298,Amritsar,Leather Products,506.36,10,73.1,1738.1,19.8,1,0,0,1,1,1,1,1,1,0,0,0,1,1,1
PB03299,Moga,Agro-based,1044.7,4,128.9,2504.2,11.7,0,0,0,1,1,0,0,1,0,0,0,0,0,1,1
PB03300,Mohali (SAS Nagar),Leather Products,200.0,25,59.5,162.6,9.8,1,0,0,1,1,1,1,1,1,0,0,0,1,1,1
PB03301,Jalandhar,Pharmaceutical,607.12,14,111.7,1250.6,25.7,1,0,0,1,1,1,1,1,1,1,0,0,1,1,1
PB03302,Rupnagar,Pharmaceutical,792.47,52,110.0,2917.4,26.2,1,0,0,1,0,1,1,1,1,1,0,0,1,1,1
PB03303,Moga,Chemical,803.48,13,137.3,2486.3,28.1,1,1,0,1,1,1,1,1,1,1,0,1,1,1,1
PB03304,Moga,Engineering/Metal Fabrication,85.13,18,40.8,879.8,6.8,0,0,0,1,1,1,1,1,0,0,0,0,0,1,1
PB03305,Mohali,Pharmaceutical,378.55,10,73.3,1535.0,20.4,1,0,0,1,1,1,1,1,1,1,0,0,1,1,0
PB03306,Mohali (SAS Nagar),Food Processing,569.37,12,108.3,231.9,12.4,0,1,0,1,1,1,1,1,0,0,1,1,0,1,1
PB03307,Bathinda,Electronics,36.98,6,44.7,50.0,0.5,0,0,0,1,1,0,1,0,0,0,0,0,1,1,0
PB03308,Fatehgarh Sahib,Agro-based,169.62,38,61.1,326.8,0.5,0,0,0,1,1,1,1,1,0,0,0,0,0,1,1
PB03309,Patiala,Beverages,765.09,6,128.2,2313.2,21.1,0,1,0,1,1,0,1,1,1,0,1,1,0,1,1
PB03310,Hoshiarpur,Textile Dyeing,511.27,26,94.6,2345.2,23.7,0,1,0,1,1,1,1,1,1,0,0,1,0,0,1
PB03311,Rupnagar,Leather Products,188.25,14,18.7,455.6,13.4,1,0,0,1,1,1,1,1,1,0,0,0,1,0,1
PB03312,Hoshiarpur,Agro-based,120.27,5,3.3,50.0,0.5,0,0,0,1,1,0,0,0,0,0,0,0,0,0,0
PB03313,Sangrur,Furniture/Wood,237.87,6,52.6,1433.6,3.8,0,0,0,1,1,0,1,1,0,0,0,0,0,1,1
PB03314,Bathinda,Furniture/Wood,150.19,6,13.8,50.0,0.5,0,0,0,1,1,0,1,0,0,0,0,0,0,0,0
PB03315,Fatehgarh Sahib,Food Processing,566.58,19,97.3,1597.7,10.7,0,1,0,1,1,1,1,1,0,0,1,1,0,1,1
PB03316,Moga,Leather Products,585.58,37,78.2,2353.6,7.9,1,0,0,1,1,1,1,1,1,0,0,0,1,1,1
PB03317,Fatehgarh Sahib,Textile,704.2,35,78.0,2033.1,0.5,0,0,0,1,1,1,1,1,0,0,0,0,0,1,1
PB03318,Rupnagar,Agro-based,281.0,4,48.6,1210.0,18.4,0,0,0,1,1,0,0,1,1,0,0,0,0,1,1
PB03319,Rupnagar,Food Processing,149.32,8,22.0,1560.5,2.5,0,1,0,1,1,0,1,1,0,0,1,1,1,0,0
PB03320,Mohali (SAS Nagar),Beverages,803.8,17,156.8,2444.0,12.2,0,1,0,1,1,1,1,1,1,0,1,1,0,1,1
PB03321,Jalandhar,IT/Software Services,137.9,16,5.3,948.9,7.7,0,0,1,1,1,0,1,1,0,0,0,0,0,0,1
PB03322,Mohali (SAS Nagar),Agro-based,344.62,25,69.3,915.1,8.7,1,0,0,1,1,1,1,1,1,0,0,0,1,1,1
PB03323,Patiala,Textile Dyeing,473.45,11,42.8,1593.9,14.7,0,1,0,1,1,1,1,1,1,0,0,1,0,1,1
PB03324,Hoshiarpur,Engineering/Metal Fabrication,145.01,25,17.1,707.1,0.5,0,0,0,1,1,1,1,1,0,0,0,0,0,0,1
PB03325,Amritsar,IT/Software Services,119.48,24,11.9,591.5,0.6,0,0,1,1,1,0,1,1,0,0,0,0,0,0,1
PB03326,Hoshiarpur,Electronics,743.72,23,132.8,2330.3,15.6,0,0,0,1,1,1,1,1,1,0,0,0,0,1,1
PB03327,Mohali,Furniture/Wood,1261.19,10,181.5,3396.1,0.5,0,0,0,1,1,1,1,1,0,0,0,0,0,1,1
PB03328,Ludhiana,Textile Dyeing,286.66,46,21.6,584.0,42.1,0,0,0,1,1,1,1,1,1,0,0,0,0,0,1
PB03329,Patiala,Rice Milling,372.78,7,45.2,755.1,23.7,0,1,0,1,1,0,1,1,1,0,1,1,0,1,1
PB03330,Hoshiarpur,Pharmaceutical,406.49,16,67.3,161.9,16.5,1,0,0,1,1,1,1,1,1,0,0,0,1,1,1
PB03331,Sangrur,Pharmaceutical,128.27,33,25.8,550.7,27.8,1,0,0,1,1,1,1,1,1,0,0,0,1,1,1
PB03332,Patiala,Textile Dyeing,162.57,6,2.0,267.3,17.8,0,0,0,1,1,0,1,0,1,0,0,0,0,0,1
PB03333,Bathinda,IT/Software Services,65.02,12,2.0,283.3,6.2,0,0,1,1,1,0,1,0,0,0,0,0,0,0,1
PB03334,Moga,Paper & Pulp,694.91,5,100.2,1786.3,35.2,0,1,0,1,1,0,1,1,1,1,0,1,0,1,1
PB03335,Hoshiarpur,Leather Products,150.11,59,27.9,1186.9,4.7,1,0,0,1,1,1,1,1,1,0,0,0,1,1,1
PB03336,Bathinda,Food Processing,129.29,31,67.4,751.6,0.5,0,1,0,1,1,1,1,1,0,0,1,1,0,1,1
PB03337,Rupnagar,Beverages,92.48,28,8.9,212.3,28.7,0,1,0,1,1,1,1,0,1,0,1,1,0,0,1
PB03338,Mohali,Electronics,600.64,6,90.7,2185.9,0.9,0,0,0,1,1,0,1,1,0,0,0,0,0,1,1
PB03339,Mohali (SAS Nagar),Plastic Products,87.69,6,5.4,184.6,2.8,1,0,0,1,1,0,1,1,1,0,0,0,0,0,1
PB03340,Moga,Chemical,47.19,49,2.0,161.8,14.1,1,0,0,1,1,1,1,1,1,0,0,0,0,0,1
PB03341,Mohali,Paper & Pulp,3690.16,22,556.7,11915.8,24.7,0,1,0,1,1,1,1,1,1,1,0,1,0,1,1
PB03342,Rupnagar,Pharmaceutical,899.45,14,131.2,2467.7,24.1,1,0,0,1,1,1,1,1,1,1,0,0,1,1,1
PB03343,Ludhiana,Paper & Pulp,348.32,2,67.7,850.8,10.5,0,1,0,1,1,0,0,1,1,0,0,1,0,1,1
PB03344,Jalandhar,Paper & Pulp,277.16,27,43.2,427.7,11.2,0,0,0,1,1,1,1,1,1,0,0,0,0,1,1
PB03345,Amritsar,Engineering/Metal Fabrication,77.42,20,23.2,50.0,15.2,0,0,0,1,1,1,1,1,1,0,0,0,0,0,1
PB03346,Mohali,IT/Software Services,293.72,7,66.1,973.8,22.0,0,0,1,1,1,0,1,1,1,0,0,0,0,1,1
PB03347,Patiala,Rice Milling,209.68,2,17.4,174.4,22.0,0,1,0,1,1,0,0,1,1,0,1,1,0,0,1
PB03348,Rupnagar,Chemical,213.47,18,6.5,494.8,27.8,1,1,0,1,1,1,1,1,1,0,0,1,0,0,1
PB03349,Bathinda,Paper & Pulp,505.27,55,63.6,1116.4,8.9,0,0,0,1,1,1,1,1,1,1,0,0,0,1,1
PB03350,Amritsar,Textile Dyeing,1331.94,88,192.8,3953.7,27.5,0,0,0,1,1,1,1,1,1,0,0,0,0,1,1
PB03351,Rupnagar,Plastic Products,124.94,35,37.4,343.6,0.5,1,0,0,1,1,1,1,1,1,0,0,0,1,1,1
PB03352,Mohali,Agro-based,59.11,24,76.1,50.0,1.7,0,0,0,1,1,1,1,1,0,0,0,0,0,1,0
PB03353,Ludhiana,Plastic Products,55.56,1,18.3,50.0,9.6,1,0,0,1,1,0,0,1,1,1,0,0,0,0,0
PB03354,Patiala,Steel Rolling,195.24,15,12.8,924.7,6.8,0,0,0,1,1,1,1,0,0,0,0,0,0,0,1
PB03355,Sangrur,Steel Rolling,59.07,3,17.5,247.8,7.9,0,0,0,1,1,0,0,0,0,0,0,0,0,0,1
PB03356,Fatehgarh Sahib,Pharmaceutical,1129.26,20,170.3,4204.3,26.9,1,0,0,1,1,1,0,1,1,1,0,0,1,1,1
PB03357,Rupnagar,Electronics,1140.08,12,192.9,3684.6,5.1,0,0,0,1,1,1,1,1,0,0,0,0,0,1,1
PB03358,Fatehgarh Sahib,Plastic Products,1088.66,3,184.9,3744.7,0.5,1,0,0,1,1,0,0,1,1,0,0,0,1,1,1
PB03359,Hoshiarpur,Electronics,162.05,3,2.1,1125.5,14.1,0,0,0,1,1,0,0,1,0,0,0,0,0,0,1
PB03360,Amritsar,Chemical,6000.0,5,878.3,18417.3,16.7,1,1,0,1,1,0,1,1,1,0,0,1,1,1,1
PB03361,Fatehgarh Sahib,Plastic Products,170.12,10,20.5,375.0,17.0,1,0,0,1,1,1,1,1,1,0,0,0,1,0,1
PB03362,Moga,Engineering/Metal Fabrication,359.8,90,55.6,1458.2,0.5,0,0,0,1,1,1,1,1,0,0,0,0,0,1,1
PB03363,Ludhiana,Plastic Products,470.53,39,84.3,1203.1,12.3,1,0,0,1,1,1,1,1,1,0,0,0,0,1,1
PB03364,Bathinda,Auto Components,98.24,5,35.2,718.0,10.8,0,0,0,1,1,0,1,1,0,0,0,0,0,0,1
PB03365,Hoshiarpur,Agro-based,549.26,13,99.8,1734.0,4.1,0,0,0,1,1,1,1,1,0,0,0,0,0,1,1
PB03366,Jalandhar,Cement,121.91,7,31.3,500.8,0.5,0,0,0,1,1,0,1,1,0,1,0,0,0,1,1
PB03367,Jalandhar,Rice Milling,229.56,16,27.8,1409.6,26.5,0,1,0,1,1,1,1,1,1,0,1,1,0,1,1
PB03368,Sangrur,Leather Products,979.19,174,130.8,2671.6,12.0,1,0,0,1,1,1,1,1,1,0,0,0,1,1,1
PB03369,Amritsar,Steel Rolling,1896.23,11,292.4,6041.7,15.4,0,0,0,1,1,1,1,1,1,0,0,0,0,1,1
PB03370,Sangrur,Food Processing,578.87,37,77.9,1083.7,10.5,0,0,0,1,1,1,1,1,0,0,1,0,0,1,1
PB03371,Mohali (SAS Nagar),Plastic Products,119.24,13,23.1,450.2,0.5,1,0,0,1,1,1,1,1,1,0,0,0,1,0,1
PB03372,Rupnagar,Leather Products,1217.96,4,168.5,3980.0,21.8,1,0,0,1,1,0,0,1,1,0,0,0,1,1,1
PB03373,Sangrur,Rice Milling,204.56,43,7.8,832.1,14.6,0,0,0,1,1,1,1,1,1,0,1,0,0,0,1
PB03374,Amritsar,IT/Software Services,1086.46,38,182.5,3436.3,7.0,0,0,1,1,1,0,0,1,0,0,0,0,0,1,1
PB03375,Mohali,IT/Software Services,330.84,23,76.9,737.2,17.4,0,0,1,1,1,0,1,1,1,0,0,0,0,1,1
PB03376,Ludhiana,Rice Milling,154.99,58,37.3,215.7,31.2,0,0,0,1,1,1,1,1,1,0,1,0,0,1,1
PB03377,Patiala,Beverages,226.1,2,17.3,1458.3,16.4,0,1,0,1,1,0,0,1,1,0,1,1,0,0,1
PB03378,Sangrur,Agro-based,247.84,7,34.5,497.7,0.5,0,0,0,1,1,0,1,1,0,0,0,0,0,1,1
PB03379,Hoshiarpur,Chemical,988.87,40,131.0,3165.5,20.1,1,1,0,1,1,1,0,1,1,1,0,1,1,1,1
PB03380,Rupnagar,Pharmaceutical,1157.8,13,191.9,3106.7,19.2,1,0,0,1,1,1,1,1,1,1,0,0,1,1,1
PB03381,Bathinda,Agro-based,78.76,5,2.0,891.5,0.5,0,0,0,1,1,1,1,1,0,0,0,0,0,0,1
PB03382,Ludhiana,Engineering/Metal Fabrication,111.35,1,2.0,297.9,13.6,0,0,0,1,1,0,0,0,0,0,0,0,0,0,1
PB03383,Hoshiarpur,Textile Dyeing,233.2,2,47.1,335.2,17.8,0,1,0,1,1,0,0,1,1,0,0,1,0,1,1
PB03384,Patiala,Leather Products,316.77,7,28.2,1754.8,17.4,1,0,0,1,1,0,1,1,1,0,0,0,1,1,1
PB03385,Patiala,IT/Software Services,91.3,21,43.4,50.0,0.5,0,0,1,1,1,0,1,1,1,0,0,0,0,1,0
PB03386,Fatehgarh Sahib,Agro-based,82.13,4,2.0,202.5,0.5,0,0,0,1,1,0,0,0,0,0,0,0,0,0,1
PB03387,Jalandhar,Chemical,225.22,7,49.6,425.0,13.9,1,1,0,1,1,0,1,1,1,0,0,1,1,1,1
PB03388,Patiala,Pharmaceutical,492.27,7,54.1,1715.2,11.3,1,0,0,1,1,0,1,1,1,0,0,0,1,1,1
PB03389,Hoshiarpur,Cement,1118.57,18,169.9,2871.8,0.5,0,0,0,1,1,1,1,1,0,1,0,0,0,1,1
PB03390,Mohali (SAS Nagar),Electronics,701.53,38,116.3,2560.1,10.7,0,0,0,1,1,1,1,1,0,0,0,0,0,1,1
PB03391,Mohali,Paper & Pulp,550.04,31,63.4,1400.7,21.5,0,0,0,1,1,1,1,1,1,1,0,0,0,0,1
PB03392,Rupnagar,Plastic Products,373.05,11,63.9,1221.2,0.5,1,0,0,1,1,1,1,1,1,0,0,0,1,1,1
PB03393,Mohali,Agro-based,585.71,37,84.0,1853.1,9.6,0,0,0,1,1,1,1,1,0,0,0,0,1,1,1
PB03394,Rupnagar,Agro-based,234.23,27,68.3,50.0,0.5,0,0,0,1,1,1,1,1,0,0,0,0,0,1,0
PB03395,Bathinda,Agro-based,302.54,6,36.0,696.0,0.5,0,0,0,1,1,0,1,1,0,0,0,0,0,1,1
PB03396,Mohali,Chemical,189.12,17,24.7,50.0,33.3,1,1,0,1,1,1,1,1,1,0,0,1,1,0,0
PB03397,Patiala,Steel Rolling,171.45,14,58.5,1760.2,9.3,0,0,0,1,1,1,1,1,0,0,0,0,0,1,1
PB03398,Fatehgarh Sahib,Leather Products,72.78,22,28.4,1403.5,5.1,1,0,0,1,1,1,1,1,1,0,0,0,0,1,1
PB03399,Ludhiana,Beverages,1082.77,11,139.5,3550.8,13.0,0,0,0,1,1,1,1,1,1,0,1,0,0,1,1
PB03400,Sangrur,Electronics,373.25,9,78.7,1416.9,0.5,0,0,0,1,1,0,1,1,0,0,0,0,0,1,1
PB03401,Ludhiana,Steel Rolling,124.22,31,19.3,626.1,0.5,0,0,0,1,1,1,1,1,0,0,0,0,0,0,1
PB03402,Hoshiarpur,Cement,1066.38,7,148.7,2258.6,12.2,0,0,0,1,1,0,1,1,0,1,0,0,0,1,0
PB03403,Amritsar,Textile Dyeing,197.62,8,44.3,947.8,33.0,0,1,0,1,1,0,1,1,1,0,0,1,0,1,0
PB03404,Mohali (SAS Nagar),Chemical,163.16,12,2.0,66.5,16.3,1,1,0,1,1,0,1,1,1,0,0,1,1,0,0
PB03405,Sangrur,Engineering/Metal Fabrication,83.0,15,2.0,50.0,0.7,0,0,0,1,1,0,0,1,0,0,0,0,0,0,0
PB03406,Fatehgarh Sahib,Cement,875.05,27,102.0,2647.3,13.8,0,0,0,1,1,1,1,1,0,1,0,0,0,1,1
PB03407,Ludhiana,Rice Milling,571.74,54,93.2,647.1,8.5,0,1,0,1,1,1,1,1,1,0,1,1,0,1,1
PB03408,Ludhiana,Engineering/Metal Fabrication,124.76,4,38.5,239.1,0.5,0,0,0,1,1,0,0,0,0,0,0,0,0,1,1
PB03409,Moga,IT/Software Services,754.81,57,87.0,2667.0,5.8,0,0,1,1,1,0,1,1,0,0,0,0,0,1,1
PB03410,Rupnagar,Beverages,147.91,5,50.6,1092.6,7.4,0,1,0,1,1,1,1,1,1,0,1,1,0,1,1
PB03411,Rupnagar,Chemical,168.87,8,59.0,704.9,13.5,1,0,0,1,1,0,1,1,1,0,0,0,1,1,1
PB03412,Amritsar,Engineering/Metal Fabrication,109.07,6,25.2,647.4,0.5,1,0,0,1,1,0,1,1,1,0,0,0,0,1,1
PB03413,Fatehgarh Sahib,Steel Rolling,143.32,16,2.0,1014.5,16.1,0,0,0,1,1,0,1,1,1,0,0,0,0,0,1
PB03414,Moga,Leather Products,97.0,10,12.1,50.0,23.2,1,0,0,1,1,1,1,1,1,0,0,0,0,0,0
PB03415,Mohali (SAS Nagar),Chemical,3076.04,96,441.0,9328.6,27.3,1,1,0,1,1,1,1,1,1,1,0,1,1,1,1
PB03416,Jalandhar,Cement,50.86,45,29.3,50.0,7.4,0,0,0,1,1,1,1,1,0,0,0,0,0,1,0
PB03417,Ludhiana,Auto Components,2169.43,82,341.3,6973.7,3.7,0,0,0,1,1,1,1,1,0,1,0,0,0,1,1
PB03418,Patiala,IT/Software Services,845.66,9,123.3,2735.1,16.9,0,0,1,1,1,0,1,1,1,0,0,0,0,1,1
PB03419,Sangrur,Paper & Pulp,128.99,36,32.7,205.7,27.9,0,1,0,1,1,1,1,1,1,0,0,1,0,1,1
PB03420,Mohali,Auto Components,40.65,35,16.6,50.0,0.5,0,0,0,1,1,1,1,1,0,0,0,0,0,0,0
PB03421,Bathinda,Pharmaceutical,816.99,8,159.1,2246.5,18.9,1,0,0,1,1,0,1,1,1,1,0,0,1,1,1
PB03422,Patiala,IT/Software Services,31.99,39,2.2,50.0,0.5,0,0,1,1,1,0,1,1,0,0,0,0,0,0,0
PB03423,Fatehgarh Sahib,Textile Dyeing,120.44,8,2.0,50.0,7.7,0,0,0,1,1,0,1,0,0,0,0,0,0,0,0
PB03424,Moga,Cement,326.06,15,43.3,1320.8,0.5,0,0,0,1,1,1,1,1,0,0,0,0,0,1,1
PB03425,Bathinda,Beverages,956.03,7,153.2,3063.1,13.6,0,1,0,1,1,0,1,1,1,0,1,1,0,1,1
PB03426,Mohali (SAS Nagar),Paper & Pulp,257.62,10,15.5,1196.9,30.1,0,1,0,1,1,1,1,1,1,0,0,1,0,0,1
PB03427,Mohali (SAS Nagar),Leather Products,808.72,8,131.5,2334.5,20.0,1,0,0,1,1,0,1,1,1,0,0,0,1,1,1
PB03428,Bathinda,Leather Products,207.68,39,20.2,315.8,12.8,1,0,0,1,1,1,1,1,1,0,0,0,1,0,1
PB03429,Ludhiana,Food Processing,253.22,4,40.9,530.1,11.7,0,1,0,1,1,0,0,1,0,0,1,1,0,1,1
PB03430,Bathinda,Engineering/Metal Fabrication,434.29,3,47.1,1321.3,3.3,0,0,0,1,1,0,0,1,0,0,0,0,0,1,1
PB03431,Mohali (SAS Nagar),Textile Dyeing,78.98,2,13.3,560.8,24.1,0,1,0,1,1,0,0,1,1,0,0,1,0,0,1
PB03432,Jalandhar,Beverages,95.34,35,5.4,533.2,30.1,0,0,0,1,1,1,1,1,1,0,1,0,0,0,1
PB03433,Amritsar,Paper & Pulp,356.31,20,71.3,550.1,20.7,0,1,0,1,1,1,1,1,1,0,0,1,1,1,1
PB03434,Sangrur,Engineering/Metal Fabrication,3148.61,74,493.4,8956.0,8.3,0,0,0,1,1,1,1,1,0,1,0,0,0,1,1
PB03435,Ludhiana,Food Processing,191.25,11,7.8,50.0,8.1,0,1,0,1,1,1,1,1,0,1,1,1,0,0,0
PB03436,Sangrur,Food Processing,187.5,3,33.9,850.0,2.3,0,1,0,1,1,0,0,1,0,0,1,1,0,1,1
PB03437,Moga,Auto Components,1575.49,23,231.6,5363.9,0.6,0,0,0,1,1,1,1,1,0,0,0,0,0,1,1
PB03438,Hoshiarpur,Food Processing,92.85,19,30.0,506.1,2.3,0,1,0,1,1,1,1,1,0,0,1,1,0,1,1
PB03439,Patiala,Cement,127.74,15,43.4,651.6,5.7,0,0,0,1,1,1,1,1,0,0,0,0,0,1,1
PB03440,Mohali (SAS Nagar),Rice Milling,266.55,17,54.0,188.8,30.6,0,1,0,1,1,1,1,1,1,0,1,1,0,0,1
PB03441,Mohali,Textile,88.81,4,37.6,454.8,20.4,0,0,0,1,1,0,0,1,1,0,0,0,0,1,1
PB03442,Moga,Electronics,464.22,5,92.7,1553.4,7.4,0,0,0,1,1,0,1,1,0,0,0,0,0,1,1
PB03443,Fatehgarh Sahib,Plastic Products,1972.73,12,324.0,6558.3,0.5,1,0,0,1,1,1,1,1,1,0,0,0,0,1,1
PB03444,Patiala,Plastic Products,109.54,11,2.0,1178.1,4.7,1,0,0,1,1,0,1,1,1,0,0,0,1,0,1
PB03445,Patiala,Beverages,2850.79,2,425.5,8368.3,8.9,0,0,0,1,1,0,0,1,1,1,1,0,0,1,1
PB03446,Rupnagar,Textile Dyeing,178.15,262,11.5,865.6,27.3,0,1,0,1,1,1,1,1,1,0,0,1,0,0,1
PB03447,Moga,Furniture/Wood,1240.5,15,178.6,3657.6,2.5,0,0,0,1,1,1,1,1,0,0,0,0,0,1,1
PB03448,Sangrur,Cement,65.89,12,2.0,50.0,14.1,0,0,0,1,1,0,1,0,0,0,0,0,0,0,0
PB03449,Patiala,Beverages,617.39,30,88.7,2055.0,34.5,0,0,0,1,1,1,1,1,1,0,1,0,0,1,1
PB03450,Rupnagar,Food Processing,91.83,19,2.0,50.0,0.5,0,0,0,1,1,0,1,1,1,0,1,0,0,0,0
PB03451,Rupnagar,Leather Products,2002.05,9,305.0,5899.4,8.9,1,0,0,1,1,0,1,1,1,1,0,0,1,1,1
PB03452,Jalandhar,Paper & Pulp,278.07,8,35.1,1111.1,12.0,0,0,0,1,0,0,0,1,1,0,0,0,0,1,1
PB03453,Mohali,Paper & Pulp,275.05,3,37.1,315.5,28.7,0,0,0,1,1,0,0,1,1,0,0,0,0,1,1
PB03454,Bathinda,Leather Products,82.96,4,40.5,753.1,14.6,1,0,0,1,1,0,1,1,1,0,0,0,0,1,1
PB03455,Mohali,Chemical,802.74,10,115.7,2480.1,4.7,1,1,0,1,1,1,1,1,1,1,0,1,1,1,1
PB03456,Patiala,Steel Rolling,325.02,6,71.2,467.3,8.1,0,0,0,1,1,0,1,1,0,0,0,0,0,1,1
PB03457,Fatehgarh Sahib,Plastic Products,540.01,23,85.7,610.3,8.4,1,0,0,1,1,1,1,1,1,0,0,0,1,1,1
PB03458,Rupnagar,Pharmaceutical,3415.44,21,518.2,10547.1,29.9,1,0,0,1,1,1,1,1,1,1,0,0,1,1,1
PB03459,Ludhiana,Auto Components,156.85,29,25.4,88.9,7.4,0,0,0,1,1,1,1,1,0,0,0,0,0,1,0
PB03460,Jalandhar,Leather Products,2380.35,16,338.0,7322.9,16.6,1,0,0,1,1,1,1,0,1,1,0,0,1,1,1
PB03461,Mohali (SAS Nagar),Chemical,6000.0,14,886.1,17413.5,27.2,1,1,0,1,1,1,1,1,1,1,0,1,1,1,1
PB03462,Sangrur,Textile,2426.83,54,363.0,8415.6,0.5,0,0,0,1,1,1,1,1,0,1,0,0,0,1,1
PB03463,Hoshiarpur,Furniture/Wood,145.15,137,28.8,988.4,12.9,0,0,0,1,1,0,1,1,0,0,0,0,0,1,1
PB03464,Hoshiarpur,Chemical,239.88,6,54.3,111.0,16.2,1,1,0,1,1,0,1,1,1,0,0,1,1,1,0
PB03465,Mohali,Furniture/Wood,1711.27,12,255.5,5299.5,10.1,0,0,0,1,1,1,1,1,0,0,0,0,0,1,1
PB03466,Jalandhar,Agro-based,936.88,51,158.9,1892.3,4.8,1,0,0,1,1,1,1,1,1,0,0,0,0,1,1
PB03467,Ludhiana,Cement,534.95,14,56.7,1789.0,5.7,0,0,0,1,1,1,1,1,0,1,0,0,0,1,1
PB03468,Sangrur,Electronics,212.85,28,36.4,1632.7,7.3,0,0,0,1,1,1,1,1,0,0,0,0,0,1,1
PB03469,Mohali (SAS Nagar),Furniture/Wood,2248.34,11,356.1,6216.7,0.5,0,0,0,1,1,1,1,1,0,1,0,0,0,1,1
PB03470,Moga,IT/Software Services,176.88,37,2.8,726.2,2.7,0,0,1,1,1,0,1,1,0,0,0,0,0,0,1
PB03471,Ludhiana,Agro-based,202.4,46,2.0,50.0,0.5,0,0,0,1,1,1,0,1,0,0,0,0,0,0,0
PB03472,Amritsar,Leather Products,924.36,36,167.1,2434.7,26.2,1,0,0,1,1,0,1,1,1,0,0,0,1,1,1
PB03473,Mohali,Pharmaceutical,141.41,6,45.3,690.4,14.2,1,0,0,1,1,0,1,1,1,0,0,0,1,1,1
PB03474,Jalandhar,Engineering/Metal Fabrication,136.62,3,24.3,50.0,0.5,0,0,0,1,1,0,0,0,0,0,0,0,0,0,0
PB03475,Rupnagar,Beverages,757.33,11,111.1,2388.3,19.1,0,1,0,1,1,1,1,1,1,0,1,1,0,1,1
PB03476,Rupnagar,Engineering/Metal Fabrication,342.23,2,43.0,605.8,0.5,0,0,0,1,1,0,0,1,0,0,0,0,0,1,1
PB03477,Patiala,Beverages,581.05,28,104.0,1522.2,29.8,0,0,0,1,1,1,1,1,1,0,1,0,0,1,1
PB03478,Ludhiana,Furniture/Wood,1357.15,100,210.8,3525.9,3.0,0,0,0,1,1,1,1,1,0,0,0,0,0,1,1
PB03479,Mohali,Engineering/Metal Fabrication,70.13,9,2.0,50.0,0.5,0,0,0,1,1,0,1,0,0,0,0,0,0,0,0
PB03480,Moga,Electronics,213.52,36,55.6,601.8,0.5,0,0,0,1,1,1,1,1,0,0,0,0,0,1,1
PB03481,Bathinda,Electronics,853.58,14,109.9,2333.5,2.5,0,0,0,1,1,1,1,1,0,0,0,0,0,1,1
PB03482,Patiala,Electronics,126.6,22,16.3,50.0,9.3,0,0,0,1,1,1,1,1,0,0,0,0,0,0,0
PB03483,Rupnagar,Rice Milling,489.22,19,75.4,1569.3,14.5,0,1,0,1,1,1,1,1,1,0,1,1,0,1,1
PB03484,Hoshiarpur,Electronics,138.25,4,2.0,286.9,0.5,0,0,0,1,1,0,0,0,0,0,0,0,1,0,1
PB03485,Hoshiarpur,Electronics,379.08,4,52.0,1599.7,23.1,0,0,0,1,1,0,0,1,1,0,0,0,0,1,1
PB03486,Patiala,Steel Rolling,303.54,10,29.4,1057.2,5.6,0,0,0,1,1,1,1,1,0,0,0,0,1,1,1
PB03487,Hoshiarpur,Beverages,567.23,4,77.2,1457.3,7.9,0,1,0,1,1,0,0,1,1,0,1,1,0,1,1
PB03488,Ludhiana,Auto Components,407.5,7,48.8,805.9,5.3,0,0,0,1,0,0,1,1,0,0,0,0,0,1,1
PB03489,Mohali (SAS Nagar),Textile,156.03,13,30.8,50.0,27.9,0,0,0,1,1,1,1,0,1,0,0,0,0,1,0
PB03490,Moga,Leather Products,261.26,5,67.7,1061.5,12.9,1,0,0,1,1,0,1,1,1,0,0,0,1,1,1
PB03491,Fatehgarh Sahib,Furniture/Wood,212.9,37,49.8,216.0,0.5,0,0,0,1,1,1,1,1,1,0,0,0,0,1,1
PB03492,Mohali (SAS Nagar),Textile,161.9,7,2.0,476.2,8.5,0,0,0,1,1,0,1,1,0,0,0,0,0,0,1
PB03493,Moga,Rice Milling,311.7,22,55.6,903.9,9.5,0,0,0,1,1,1,1,1,1,0,1,0,0,1,1
PB03494,Fatehgarh Sahib,Plastic Products,30.74,27,27.8,50.0,9.9,1,0,0,1,1,1,1,1,1,0,0,0,0,1,0
PB03495,Rupnagar,Cement,608.31,63,121.6,2619.2,11.8,0,0,0,1,0,1,1,1,0,1,0,0,0,1,1
PB03496,Amritsar,Plastic Products,1724.71,46,283.5,5401.0,4.3,1,0,0,1,1,1,1,1,1,0,0,0,1,1,1
PB03497,Sangrur,Electronics,972.15,11,146.0,3228.8,0.5,0,0,0,1,1,1,1,1,1,0,0,0,1,1,1
PB03498,Ludhiana,Chemical,64.52,16,2.0,50.0,15.7,1,1,0,1,1,0,1,1,1,1,0,1,0,0,0
PB03499,Mohali (SAS Nagar),Textile Dyeing,123.33,22,28.1,445.2,25.9,0,1,0,1,1,1,1,1,1,0,0,1,0,1,1
PB03500,Amritsar,Engineering/Metal Fabrication,100.66,6,16.3,50.0,13.7,0,0,0,1,1,0,1,0,0,0,0,0,0,0,0
PB03501,Hoshiarpur,Chemical,75.88,14,2.0,168.2,33.2,1,0,0,1,1,0,1,1,1,0,0,0,0,0,1
PB03502,Hoshiarpur,Steel Rolling,3930.77,4,610.1,12215.8,0.5,0,0,0,1,0,0,0,1,0,1,0,0,0,1,1
PB03503,Jalandhar,Cement,618.41,28,129.4,1621.6,10.9,0,0,0,1,1,0,1,1,0,0,0,0,0,1,1
PB03504,Mohali,Beverages,330.3,15,55.4,858.9,10.0,0,1,0,1,1,1,1,1,1,0,1,1,0,1,1
PB03505,Mohali (SAS Nagar),Furniture/Wood,1045.74,17,182.8,3189.0,9.7,0,0,0,1,1,1,1,1,1,0,0,0,0,1,1
PB03506,Ludhiana,Textile Dyeing,152.74,5,8.1,50.0,22.7,0,1,0,1,1,0,1,1,1,0,0,1,0,0,0
PB03507,Amritsar,Agro-based,470.29,14,67.0,1375.3,5.3,0,0,0,1,1,1,1,1,0,0,0,0,0,1,1
PB03508,Fatehgarh Sahib,Paper & Pulp,67.8,21,2.0,170.3,25.1,0,1,0,1,1,1,1,1,1,0,0,1,0,0,0
PB03509,Mohali (SAS Nagar),IT/Software Services,292.22,32,36.8,677.6,0.5,0,0,1,1,1,0,1,1,0,0,0,0,0,1,1
PB03510,Mohali (SAS Nagar),Engineering/Metal Fabrication,387.61,16,62.8,668.5,15.7,0,0,0,1,1,1,1,1,1,0,0,0,0,1,1
PB03511,Fatehgarh Sahib,Agro-based,452.11,9,83.6,471.2,11.6,0,0,0,1,1,0,0,0,0,0,0,0,0,1,1
PB03512,Fatehgarh Sahib,IT/Software Services,496.41,14,74.2,2406.2,0.5,0,0,1,1,1,0,1,1,0,0,0,0,0,1,1
PB03513,Sangrur,IT/Software Services,52.25,22,2.0,50.0,1.3,0,0,1,1,1,0,1,1,0,0,0,0,0,0,0
PB03514,Patiala,Chemical,612.56,3,63.4,2721.5,16.8,1,0,0,1,1,0,0,1,1,0,0,0,1,1,0
PB03515,Fatehgarh Sahib,Furniture/Wood,604.71,8,112.6,2281.8,0.5,0,0,0,1,1,0,1,1,0,0,0,0,0,1,1
PB03516,Bathinda,IT/Software Services,1327.42,18,210.4,4339.5,12.1,0,0,1,1,1,0,1,1,0,0,0,0,0,1,1
PB03517,Rupnagar,Steel Rolling,860.71,17,123.6,2975.2,0.5,1,0,0,1,1,1,1,1,1,0,0,0,1,1,1
PB03518,Hoshiarpur,Electronics,655.66,31,83.4,982.5,0.5,0,0,0,1,1,1,1,1,0,0,0,0,0,1,1
PB03519,Rupnagar,Beverages,631.03,8,93.3,1798.4,30.1,0,1,0,1,1,0,1,1,0,0,1,1,1,1,1
PB03520,Sangrur,Auto Components,1199.23,14,208.2,3356.5,5.0,0,0,0,1,1,1,1,1,0,0,0,0,0,1,1
PB03521,Hoshiarpur,Furniture/Wood,1089.06,22,165.3,3450.0,17.9,0,0,0,1,1,1,1,1,1,0,0,0,0,1,1
PB03522,Rupnagar,Engineering/Metal Fabrication,413.08,23,50.6,254.6,0.5,0,0,0,1,1,1,1,1,0,0,0,0,0,1,1
PB03523,Fatehgarh Sahib,Textile Dyeing,965.95,7,121.1,3240.5,16.1,0,1,0,1,1,0,1,1,1,0,0,1,0,1,1
PB03524,Mohali,Paper & Pulp,296.49,16,28.8,634.9,10.3,0,1,0,1,1,1,1,1,1,0,0,1,0,1,1
PB03525,Rupnagar,Chemical,447.45,26,92.4,1449.6,21.6,1,0,0,1,1,1,1,1,1,0,0,0,1,1,1
PB03526,Mohali (SAS Nagar),IT/Software Services,647.62,39,66.3,1371.0,16.7,0,0,1,1,1,0,1,1,1,0,0,0,0,1,1
PB03527,Sangrur,Paper & Pulp,376.68,16,71.4,1024.4,18.0,0,1,0,1,1,1,1,1,1,0,0,1,0,1,0
PB03528,Jalandhar,Paper & Pulp,273.58,43,66.6,50.0,4.3,0,1,0,1,1,1,1,1,1,0,0,1,0,1,0
PB03529,Bathinda,Plastic Products,354.82,8,50.4,1231.0,5.9,1,0,0,1,1,0,1,1,1,0,0,0,1,1,1
PB03530,Ludhiana,Steel Rolling,179.74,16,48.2,50.0,2.9,0,0,0,1,1,1,1,1,0,0,0,0,0,1,0
PB03531,Jalandhar,IT/Software Services,211.38,29,59.6,848.6,1.1,0,0,1,1,1,0,1,1,0,0,0,0,0,1,1
PB03532,Moga,Chemical,88.59,7,11.7,50.0,22.5,1,1,0,1,1,0,1,1,1,0,0,1,0,0,0
PB03533,Rupnagar,Beverages,459.65,32,104.3,1498.8,18.9,0,0,0,1,1,1,1,1,1,0,1,0,0,1,1
PB03534,Moga,Food Processing,348.62,9,58.0,1287.2,8.7,0,1,0,1,1,0,1,1,0,0,1,1,0,1,1
PB03535,Sangrur,Engineering/Metal Fabrication,6000.0,121,922.2,17811.6,11.4,0,0,0,1,1,1,1,1,0,1,0,0,0,1,1
PB03536,Rupnagar,Paper & Pulp,401.16,41,83.2,240.8,15.7,0,0,0,1,1,1,1,1,1,0,0,0,0,1,1
PB03537,Mohali,Pharmaceutical,131.63,25,22.3,1396.0,9.7,1,0,0,1,1,1,1,1,1,0,0,0,1,0,1
PB03538,Patiala,Cement,182.07,8,39.8,152.7,20.3,0,0,0,1,1,0,1,0,1,0,0,0,0,1,1
PB03539,Mohali (SAS Nagar),Rice Milling,161.75,8,19.5,1317.1,9.3,0,0,0,1,1,0,1,1,1,0,1,0,0,0,1
PB03540,Amritsar,Plastic Products,173.11,22,14.2,521.5,0.5,1,0,0,1,1,1,0,1,1,0,0,0,1,0,1
PB03541,Ludhiana,Plastic Products,316.61,225,38.8,1367.5,19.8,1,0,0,1,1,1,1,1,1,0,0,0,1,1,1
PB03542,Rupnagar,Rice Milling,18.75,12,8.1,50.0,18.2,0,1,0,1,1,1,1,1,1,0,1,1,0,0,0
PB03543,Mohali,Paper & Pulp,1839.29,13,266.2,4925.8,20.5,0,1,0,1,1,1,1,1,1,1,0,1,0,1,1
PB03544,Mohali (SAS Nagar),Furniture/Wood,615.75,12,99.7,2207.5,17.5,0,0,0,1,1,1,1,1,1,0,0,0,0,1,1
PB03545,Fatehgarh Sahib,Steel Rolling,511.75,12,87.4,1407.6,6.2,0,0,0,1,1,1,1,1,0,0,0,0,0,1,1
PB03546,Bathinda,Agro-based,227.71,14,38.0,564.8,6.4,0,0,0,1,1,1,1,1,0,0,0,0,0,1,0
PB03547,Ludhiana,Paper & Pulp,172.28,15,33.8,580.8,37.8,0,1,0,1,1,1,1,1,1,0,0,1,0,1,1
PB03548,Rupnagar,Electronics,195.97,44,43.7,517.8,4.3,0,0,0,1,1,1,1,1,0,0,0,0,0,1,1
PB03549,Sangrur,Furniture/Wood,733.55,3,107.9,2428.6,5.6,0,0,0,1,1,0,0,1,0,0,0,0,0,1,1
PB03550,Patiala,Furniture/Wood,510.0,18,43.4,1012.0,0.8,0,0,0,1,1,1,1,1,0,0,0,0,0,1,1
PB03551,Hoshiarpur,Plastic Products,628.64,7,85.1,1669.9,0.5,1,0,0,1,1,0,1,1,1,0,0,0,1,1,1
PB03552,Rupnagar,Engineering/Metal Fabrication,185.28,10,35.1,1276.2,9.7,0,0,0,1,1,1,1,1,0,0,0,0,0,0,1
PB03553,Mohali,Pharmaceutical,569.34,1,106.2,2611.7,16.7,1,0,0,1,1,0,0,1,1,1,0,0,1,1,1
PB03554,Mohali (SAS Nagar),Auto Components,354.06,13,61.2,487.9,1.4,0,0,0,1,0,1,1,1,0,0,0,0,0,1,1
PB03555,Patiala,Food Processing,220.93,5,6.9,2148.3,8.6,0,1,0,1,1,1,1,1,0,0,1,1,0,0,1
PB03556,Hoshiarpur,Agro-based,3055.32,7,472.4,8936.0,18.1,0,0,0,1,1,0,1,1,1,1,0,0,0,1,1
PB03557,Ludhiana,Steel Rolling,449.37,3,97.3,1293.2,9.3,0,0,0,1,1,0,0,1,0,0,0,0,0,1,1
PB03558,Mohali,Paper & Pulp,200.71,83,41.7,1097.5,14.3,0,1,0,1,1,1,1,1,1,0,0,1,0,1,1
PB03559,Sangrur,Steel Rolling,241.44,51,4.1,1366.0,2.2,0,0,0,1,1,1,1,1,0,0,0,0,0,0,1
PB03560,Rupnagar,Paper & Pulp,1110.78,9,186.5,3155.7,15.3,0,1,0,1,1,0,1,1,1,1,0,1,0,1,1
PB03561,Hoshiarpur,Agro-based,773.84,25,126.2,1831.2,6.9,0,0,0,1,1,1,1,1,0,0,0,0,0,1,1
PB03562,Patiala,Furniture/Wood,1692.29,12,229.6,4345.5,15.9,0,0,0,1,1,1,1,1,1,0,0,0,0,1,1
PB03563,Fatehgarh Sahib,Electronics,539.34,51,48.6,2186.1,3.3,0,0,0,1,1,1,1,1,0,0,0,0,0,1,1
PB03564,Mohali,Leather Products,85.92,6,33.1,232.3,28.8,1,0,0,1,1,0,1,1,1,0,0,0,0,1,1
PB03565,Moga,Auto Components,262.66,10,31.8,1397.1,0.5,0,0,0,1,1,1,1,1,0,0,0,0,0,1,1
PB03566,Sangrur,Furniture/Wood,233.57,185,18.5,1388.0,0.5,0,0,0,1,1,1,1,1,0,0,0,0,0,0,1
PB03567,Sangrur,Engineering/Metal Fabrication,289.42,16,42.3,571.7,0.5,0,0,0,1,1,1,1,1,0,0,0,0,0,1,1
PB03568,Fatehgarh Sahib,Pharmaceutical,100.5,9,13.2,308.0,10.7,1,0,0,1,1,0,1,1,1,0,0,0,1,0,1
PB03569,Ludhiana,Steel Rolling,1638.53,51,234.0,4967.9,3.6,0,0,0,1,1,1,1,1,0,0,0,0,0,1,1
PB03570,Patiala,Electronics,736.54,34,113.5,2782.2,14.5,0,0,0,1,1,1,1,1,0,0,0,0,0,1,1
PB03571,Mohali (SAS Nagar),Paper & Pulp,151.33,7,29.5,516.6,27.4,0,0,0,1,1,0,1,1,1,0,0,0,0,0,1
PB03572,Hoshiarpur,Paper & Pulp,351.38,35,68.5,743.0,35.7,0,0,0,1,1,1,1,1,0,0,0,0,0,1,1
PB03573,Patiala,Engineering/Metal Fabrication,788.92,12,102.9,2563.0,0.5,0,0,0,1,1,1,1,1,0,1,0,0,0,1,1
PB03574,Mohali,Steel Rolling,455.41,90,68.3,929.2,0.5,0,0,0,1,1,1,1,1,0,0,0,0,0,1,1
PB03575,Fatehgarh Sahib,Auto Components,1422.01,1,260.3,4590.3,5.7,0,0,0,1,1,0,0,1,0,0,0,0,0,1,1
PB03576,Jalandhar,Paper & Pulp,268.3,10,2.0,692.5,30.6,0,0,0,1,1,0,1,1,1,0,0,0,0,0,1
PB03577,Mohali (SAS Nagar),Paper & Pulp,6000.0,44,904.2,18856.0,31.2,0,0,0,1,1,1,1,1,1,1,0,0,1,1,1
PB03578,Patiala,Textile Dyeing,223.38,6,23.0,967.6,22.4,0,1,0,1,1,0,1,1,1,0,0,1,0,0,1
PB03579,Fatehgarh Sahib,Auto Components,565.46,17,111.9,1100.0,6.8,1,0,0,1,1,1,1,1,1,0,0,0,0,1,1
PB03580,Mohali,Leather Products,658.02,26,84.2,1484.3,14.3,1,0,0,1,1,0,1,1,1,0,0,0,1,1,0
PB03581,Sangrur,Rice Milling,620.43,23,101.7,1491.8,11.1,0,1,0,1,1,1,1,1,1,0,1,1,0,1,1
PB03582,Bathinda,Cement,149.36,6,11.9,50.0,0.5,0,0,0,1,1,0,1,0,0,0,0,0,0,0,0
PB03583,Amritsar,Steel Rolling,39.66,30,13.5,1408.3,7.5,0,0,0,1,1,1,1,1,0,0,0,0,0,0,1
PB03584,Sangrur,Agro-based,58.98,21,22.9,105.7,7.8,0,0,0,1,1,1,1,1,0,0,0,0,0,0,0
PB03585,Ludhiana,Pharmaceutical,571.76,7,73.4,1723.5,17.2,1,0,0,1,1,0,1,1,1,1,0,0,1,1,1
PB03586,Hoshiarpur,Paper & Pulp,291.82,31,50.1,893.8,24.8,0,1,0,1,1,1,1,1,1,0,0,1,0,1,1
PB03587,Moga,Rice Milling,203.31,21,33.1,665.9,22.2,0,1,0,1,1,1,1,1,1,0,1,1,0,1,1
PB03588,Jalandhar,Textile Dyeing,225.04,4,71.5,255.7,13.2,0,1,0,1,1,0,0,0,1,0,0,1,0,1,1
PB03589,Mohali,Cement,47.5,87,22.6,271.3,0.5,0,0,0,1,1,1,1,1,0,0,0,0,0,0,1
PB03590,Mohali,Pharmaceutical,484.58,11,92.4,2647.5,27.3,1,0,0,1,1,1,1,1,1,0,0,0,1,1,1
PB03591,Fatehgarh Sahib,Steel Rolling,59.97,13,2.0,357.7,6.2,0,0,0,1,1,0,1,1,0,0,0,0,0,0,1
PB03592,Fatehgarh Sahib,Auto Components,210.63,61,75.9,1181.9,9.2,0,0,0,1,1,1,0,1,0,0,0,0,0,1,1
PB03593,Amritsar,Plastic Products,207.44,5,4.9,1157.8,15.1,1,0,0,1,1,0,1,0,1,0,0,0,1,0,1
PB03594,Amritsar,Steel Rolling,62.48,31,2.0,85.7,6.3,0,0,0,1,1,1,1,1,0,0,0,0,0,0,0
PB03595,Ludhiana,Food Processing,399.43,7,49.2,1762.1,0.5,0,1,0,1,1,0,1,1,0,0,1,1,0,1,1
PB03596,Fatehgarh Sahib,Beverages,211.28,8,2.0,117.3,33.1,0,1,0,1,1,0,1,1,1,0,1,1,0,0,0
PB03597,Mohali,Chemical,568.88,30,53.6,1157.6,28.9,1,1,0,1,1,1,1,1,1,1,0,1,1,1,1
PB03598,Mohali (SAS Nagar),Beverages,95.47,2,42.7,441.0,24.0,0,1,0,1,1,0,0,1,1,0,1,1,0,1,1
PB03599,Jalandhar,Agro-based,1249.07,15,167.6,3865.8,0.5,0,0,0,1,1,1,1,1,0,0,0,0,0,1,1
PB03600,Mohali,Rice Milling,827.9,13,143.9,2353.2,20.6,0,1,0,1,1,1,1,1,1,0,1,1,0,1,1
PB03601,Rupnagar,Food Processing,125.61,26,2.0,50.0,8.2,0,0,0,1,1,1,1,1,0,0,1,0,0,0,0
PB03602,Fatehgarh Sahib,Agro-based,517.88,55,75.5,1570.5,7.3,0,0,0,1,1,1,1,1,0,0,0,0,0,1,1
PB03603,Moga,Steel Rolling,2507.05,17,370.4,8060.7,0.5,0,0,0,1,1,1,1,1,0,1,0,0,0,1,1
PB03604,Jalandhar,Paper & Pulp,721.94,59,78.9,3737.0,12.9,0,1,0,1,1,1,1,1,1,1,0,1,0,1,1
PB03605,Moga,Furniture/Wood,4697.73,96,712.0,13890.8,13.2,0,0,0,1,1,1,1,1,0,1,0,0,0,0,1
PB03606,Mohali (SAS Nagar),Auto Components,178.4,6,2.0,100.3,0.5,0,0,0,1,1,0,1,0,0,0,0,0,1,0,0
PB03607,Moga,Furniture/Wood,168.46,8,36.0,598.3,0.5,0,0,0,1,1,0,1,1,0,0,0,0,0,1,1
PB03608,Fatehgarh Sahib,Rice Milling,256.53,20,33.6,393.2,15.2,0,1,0,1,1,1,1,1,1,0,1,1,0,1,1
PB03609,Amritsar,Rice Milling,325.06,26,37.3,1666.1,18.5,0,0,0,1,1,1,1,1,1,0,1,0,0,1,1
PB03610,Jalandhar,Furniture/Wood,489.26,13,84.0,1658.4,9.9,0,0,0,1,1,1,1,1,0,0,0,0,0,1,1
PB03611,Moga,IT/Software Services,828.18,22,123.9,2670.6,7.7,0,0,1,1,1,1,1,1,0,0,0,0,0,1,1
PB03612,Mohali,Paper & Pulp,1731.63,16,242.1,5567.6,17.0,0,0,0,1,1,1,1,1,0,1,0,0,0,1,0
PB03613,Patiala,Engineering/Metal Fabrication,174.55,16,32.3,760.0,12.6,0,0,0,1,1,1,1,1,0,0,0,0,0,1,1
PB03614,Mohali (SAS Nagar),Auto Components,63.84,18,4.4,162.3,4.3,0,0,0,1,1,0,1,1,0,0,0,0,0,0,1
PB03615,Amritsar,Plastic Products,732.26,14,43.5,1402.8,1.2,1,0,0,1,1,1,1,1,1,0,0,0,1,1,1
PB03616,Mohali (SAS Nagar),Paper & Pulp,1646.58,36,269.3,4637.3,23.9,1,1,0,1,1,1,1,1,1,1,0,1,1,1,1
PB03617,Amritsar,Engineering/Metal Fabrication,2197.79,4,317.3,6142.3,10.2,1,0,0,1,1,0,0,1,1,1,0,0,1,1,1
PB03618,Rupnagar,Pharmaceutical,174.17,21,26.5,513.5,33.2,1,0,0,1,1,1,1,1,1,0,0,0,1,1,1
PB03619,Rupnagar,Cement,1151.48,23,199.8,3371.9,15.0,0,0,0,1,1,1,1,1,0,1,0,0,0,1,1
PB03620,Mohali (SAS Nagar),Rice Milling,555.3,59,97.5,543.4,14.4,0,1,0,1,1,1,1,1,1,0,1,1,0,1,1
PB03621,Bathinda,Pharmaceutical,98.42,8,36.9,50.0,19.4,1,0,0,1,1,0,1,1,1,0,0,0,0,1,0
PB03622,Amritsar,IT/Software Services,428.43,14,83.5,898.8,0.5,0,0,1,1,1,0,1,1,0,0,0,0,0,1,1
PB03623,Moga,Electronics,187.09,6,26.5,596.4,0.5,0,0,0,1,1,0,1,1,0,0,0,0,0,1,1
PB03624,Bathinda,Rice Milling,96.63,31,15.4,524.7,10.5,0,1,0,1,1,1,1,1,1,0,1,1,0,0,1
PB03625,Amritsar,Auto Components,1265.93,11,178.7,4009.2,5.9,0,0,0,1,0,1,1,1,0,0,0,0,0,1,1
PB03626,Ludhiana,Rice Milling,612.67,33,96.8,1647.3,22.8,0,1,0,1,1,1,1,0,1,0,1,1,0,1,1
PB03627,Rupnagar,Textile,625.26,10,100.4,2791.9,5.7,0,0,0,1,1,1,1,1,0,0,0,0,0,1,1
PB03628,Patiala,Textile Dyeing,2179.14,45,334.1,6622.9,19.1,0,1,0,1,0,1,1,1,1,1,0,1,0,1,1
PB03629,Moga,Beverages,635.33,47,50.6,1766.7,44.9,0,0,0,1,1,1,1,1,1,0,1,0,0,1,1
PB03630,Mohali (SAS Nagar),Pharmaceutical,764.22,8,79.7,2562.7,10.0,1,0,0,1,1,0,1,1,1,1,0,0,1,1,1
PB03631,Amritsar,Auto Components,631.73,25,96.3,2058.8,7.4,0,0,0,1,1,1,1,1,0,0,0,0,0,1,1
PB03632,Sangrur,Leather Products,1804.97,48,241.5,5031.4,21.8,1,0,0,1,1,1,1,1,1,0,0,0,1,1,1
PB03633,Rupnagar,Food Processing,341.11,20,100.4,70.9,6.5,0,1,0,1,1,1,1,1,0,0,1,1,0,1,0
PB03634,Rupnagar,Plastic Products,1420.55,30,248.9,5262.5,0.7,1,0,0,1,1,1,1,1,1,0,0,0,1,1,1
PB03635,Patiala,Textile,1239.25,42,206.0,4830.9,9.1,0,0,0,1,1,1,1,1,0,0,0,0,0,1,1
PB03636,Sangrur,Rice Milling,347.73,16,76.6,1432.5,18.2,0,1,0,1,1,1,1,1,1,0,1,1,0,1,1
PB03637,Amritsar,Food Processing,620.89,10,127.0,1957.1,0.5,0,1,0,1,1,1,1,1,0,0,1,1,0,1,1
PB03638,Mohali (SAS Nagar),Rice Milling,413.09,9,33.5,917.1,20.1,0,1,0,1,1,0,1,1,1,0,1,1,1,1,1
PB03639,Mohali (SAS Nagar),Pharmaceutical,2430.76,30,343.3,5990.2,31.4,1,0,0,1,1,1,1,1,1,0,0,0,1,1,1
PB03640,Ludhiana,Furniture/Wood,507.02,34,76.2,1830.7,7.5,0,0,0,1,1,1,1,1,0,0,0,0,0,1,0
PB03641,Moga,Textile,1684.59,37,260.4,4517.4,4.6,0,0,0,1,1,1,1,1,0,0,0,0,0,1,1
PB03642,Ludhiana,Leather Products,264.24,49,2.0,1500.4,22.1,1,0,0,1,1,1,1,1,1,0,0,0,1,0,1
PB03643,Mohali (SAS Nagar),Plastic Products,134.67,2,29.1,440.0,0.5,1,0,0,1,1,0,0,1,1,0,0,0,1,1,1
PB03644,Hoshiarpur,Food Processing,538.84,22,89.5,1131.7,0.5,0,1,0,1,1,1,1,1,0,0,1,1,0,1,0
PB03645,Bathinda,Furniture/Wood,36.55,25,10.3,731.0,4.6,0,0,0,1,1,1,1,1,0,0,0,0,0,0,1
PB03646,Patiala,IT/Software Services,144.37,83,15.4,840.1,15.7,0,0,1,1,0,0,1,1,1,0,0,0,0,0,1
PB03647,Mohali (SAS Nagar),Textile,271.73,1,14.6,1096.0,18.4,0,0,0,1,1,0,0,1,1,0,0,0,0,0,1
PB03648,Moga,Auto Components,151.37,27,36.8,50.0,4.9,0,0,0,1,1,1,1,1,0,1,0,0,0,1,0
PB03649,Ludhiana,Cement,405.77,17,40.2,408.8,4.8,0,0,0,1,1,1,1,1,0,0,0,0,0,1,1
PB03650,Mohali (SAS Nagar),Pharmaceutical,124.41,18,26.0,857.7,23.6,1,0,0,1,1,1,1,1,1,0,0,0,1,1,1
PB03651,Bathinda,Paper & Pulp,136.77,31,27.1,50.0,15.2,0,0,0,1,1,1,1,1,1,1,0,0,0,1,0
PB03652,Moga,IT/Software Services,45.32,9,2.0,412.5,7.2,0,0,1,1,1,0,1,1,0,0,0,0,0,0,1
PB03653,Hoshiarpur,IT/Software Services,685.59,6,138.6,933.6,13.8,0,0,1,1,1,0,1,1,0,1,0,0,0,1,1
PB03654,Rupnagar,Pharmaceutical,106.72,7,6.6,278.2,13.4,1,0,0,1,1,0,1,1,1,0,0,0,1,0,1
PB03655,Hoshiarpur,Paper & Pulp,396.83,34,69.3,1899.6,10.3,0,1,0,1,1,1,1,1,1,0,0,1,0,1,1
PB03656,Fatehgarh Sahib,Pharmaceutical,175.56,2,54.3,89.6,15.4,1,0,0,1,1,0,0,1,1,0,0,0,1,1,0
PB03657,Fatehgarh Sahib,Paper & Pulp,756.22,29,104.1,1801.5,15.1,0,1,0,1,1,1,1,1,1,1,0,1,0,1,1
PB03658,Jalandhar,Leather Products,677.78,8,128.8,2777.7,22.3,1,0,0,1,1,0,0,1,1,0,0,0,1,1,1
PB03659,Hoshiarpur,Cement,194.03,4,2.0,1003.2,4.2,0,0,0,1,1,0,0,1,0,0,0,0,0,0,1
PB03660,Jalandhar,Paper & Pulp,151.33,35,23.5,334.9,7.8,0,1,0,1,1,1,1,1,1,0,0,1,0,0,1
PB03661,Sangrur,Chemical,478.65,55,93.3,1635.5,2.0,1,1,0,1,1,1,1,1,1,0,0,1,1,1,1
PB03662,Rupnagar,Paper & Pulp,28.03,14,9.2,50.0,14.8,0,1,0,1,0,1,1,1,1,0,0,1,0,0,0
PB03663,Bathinda,Rice Milling,304.14,7,67.7,1111.5,25.8,0,0,0,1,1,0,1,1,1,0,1,0,0,1,1
PB03664,Bathinda,Paper & Pulp,898.16,7,143.5,2483.4,23.1,0,0,0,1,1,0,1,1,1,1,0,0,0,1,1
PB03665,Amritsar,Chemical,41.51,37,29.5,732.1,24.6,1,1,0,1,1,1,1,1,1,0,0,1,0,1,1
PB03666,Mohali (SAS Nagar),Pharmaceutical,125.01,6,26.9,676.3,33.1,1,0,0,1,1,0,1,1,1,0,0,0,1,1,1
PB03667,Ludhiana,Pharmaceutical,165.23,13,3.5,218.6,25.4,1,0,0,1,1,0,1,1,1,0,0,0,1,0,1
PB03668,Mohali (SAS Nagar),IT/Software Services,545.48,9,65.0,2108.5,8.7,0,0,1,1,1,0,1,0,0,0,0,0,0,1,1
PB03669,Bathinda,Textile Dyeing,644.16,27,99.1,1809.1,34.2,0,1,0,1,1,1,1,1,1,0,0,1,0,1,1
PB03670,Rupnagar,Electronics,474.88,31,123.9,1694.9,0.5,0,0,0,1,1,1,1,1,0,0,0,0,0,0,1
PB03671,Rupnagar,Engineering/Metal Fabrication,1743.56,9,264.9,5147.1,14.6,0,0,0,1,1,0,1,1,0,0,0,0,0,0,1
PB03672,Sangrur,Furniture/Wood,676.15,3,85.6,1971.9,4.2,0,0,0,1,1,0,0,1,0,0,0,0,0,1,1
PB03673,Bathinda,Agro-based,101.02,21,2.0,881.7,11.7,0,0,0,1,1,1,1,1,0,0,0,0,0,0,1
PB03674,Mohali,Electronics,4784.44,33,695.9,15225.9,14.7,0,0,0,1,1,0,1,1,0,1,0,0,0,1,1
PB03675,Amritsar,Textile,267.66,30,63.4,575.5,11.4,0,0,0,1,1,1,1,1,0,0,0,0,0,1,1
PB03676,Mohali,Agro-based,1203.64,7,180.3,2800.1,15.4,0,0,0,1,1,0,1,1,1,0,0,0,0,1,1
PB03677,Moga,Pharmaceutical,43.59,27,2.0,50.0,25.6,1,0,0,1,1,1,1,1,1,0,0,0,0,0,0
PB03678,Bathinda,Chemical,144.98,7,49.7,853.9,24.0,1,1,0,1,1,0,1,1,1,0,0,1,1,1,1
PB03679,Fatehgarh Sahib,Textile,150.11,13,26.4,962.5,2.4,1,0,0,1,1,1,1,1,1,0,0,0,1,1,1
PB03680,Moga,Pharmaceutical,1239.89,13,195.2,3969.4,21.1,1,0,0,1,1,1,1,1,1,1,0,0,1,1,1
PB03681,Bathinda,Leather Products,169.69,12,2.0,727.4,25.4,1,0,0,1,1,0,1,1,1,0,0,0,1,0,1
PB03682,Mohali,IT/Software Services,42.69,29,8.1,222.8,2.4,0,0,1,1,1,0,1,1,0,0,0,0,0,0,1
PB03683,Amritsar,Furniture/Wood,663.31,8,71.7,2282.0,1.5,0,0,0,1,1,0,1,1,0,0,0,0,0,1,1
PB03684,Amritsar,Cement,406.99,32,82.7,1240.1,0.8,0,0,0,1,1,1,1,1,0,0,0,0,0,1,1
PB03685,Mohali,Textile Dyeing,1220.65,4,188.9,3682.2,19.3,0,0,0,1,1,0,0,1,1,0,0,0,0,1,1
PB03686,Mohali,Auto Components,190.53,3,41.5,1587.3,11.7,0,0,0,1,1,0,0,1,0,0,0,0,1,1,1
PB03687,Bathinda,Agro-based,284.95,12,53.1,883.8,13.9,0,0,0,1,1,1,1,0,0,1,0,0,1,1,1
PB03688,Ludhiana,Agro-based,3285.22,59,525.4,9963.8,15.4,0,0,0,1,1,1,1,1,1,1,0,0,0,1,1
PB03689,Mohali (SAS Nagar),Furniture/Wood,1882.17,6,295.7,6315.5,2.2,0,0,0,1,1,0,1,1,0,0,0,0,0,1,1
PB03690,Jalandhar,Auto Components,1871.34,10,272.2,5545.5,2.4,0,0,0,1,1,1,1,1,0,0,0,0,0,1,1
PB03691,Fatehgarh Sahib,Textile Dyeing,322.78,31,91.3,1375.9,17.8,0,1,0,1,1,1,1,1,1,0,0,1,0,1,1
PB03692,Bathinda,Auto Components,423.73,32,81.5,1659.4,14.0,0,0,0,1,1,1,1,1,0,0,0,0,0,1,1
PB03693,Jalandhar,Textile Dyeing,568.5,11,102.2,1147.1,33.8,0,0,0,1,1,1,1,1,1,0,0,0,0,1,1
PB03694,Sangrur,Steel Rolling,1277.41,2,163.7,3185.8,5.4,0,0,0,1,1,0,0,1,0,0,0,0,0,1,1
PB03695,Hoshiarpur,Textile,143.86,9,13.0,884.7,5.9,0,0,0,1,1,0,1,1,0,0,0,0,0,0,1
PB03696,Sangrur,Paper & Pulp,82.85,20,5.9,450.2,23.8,0,0,0,1,1,1,1,1,1,0,0,0,0,0,1
PB03697,Mohali (SAS Nagar),Food Processing,631.72,2,91.7,1700.9,20.0,0,0,0,1,1,0,0,1,1,0,1,0,0,0,1
PB03698,Ludhiana,Agro-based,537.24,109,70.3,1889.1,9.9,0,0,0,1,1,1,1,1,0,0,0,0,0,1,1
PB03699,Ludhiana,IT/Software Services,162.68,57,5.5,171.1,6.2,0,0,1,1,1,0,1,1,0,0,0,0,0,0,1
PB03700,Moga,Agro-based,398.29,6,57.4,1387.0,4.7,0,0,0,1,1,1,1,1,0,0,0,0,0,1,1
PB03701,Amritsar,Auto Components,216.75,12,16.3,718.7,4.7,0,0,0,1,1,1,1,1,0,0,0,0,0,0,1
PB03702,Ludhiana,Food Processing,243.92,54,23.8,1339.1,0.5,0,0,0,1,1,1,1,1,0,0,1,0,0,0,1
PB03703,Moga,Textile Dyeing,5102.11,8,780.2,15409.5,31.4,1,1,0,1,1,0,1,1,1,1,0,1,1,1,1
PB03704,Patiala,Textile Dyeing,179.92,20,15.9,50.0,8.7,0,1,0,1,1,1,1,1,1,0,0,1,0,0,0
PB03705,Amritsar,Electronics,42.66,28,2.0,50.0,2.7,0,0,0,1,1,0,1,1,0,0,0,0,0,0,0
PB03706,Patiala,Engineering/Metal Fabrication,1397.97,9,251.4,4144.3,4.6,0,0,0,1,1,0,1,1,0,0,0,0,0,1,1
PB03707,Fatehgarh Sahib,Engineering/Metal Fabrication,1036.54,88,144.7,3554.2,2.1,0,0,0,1,1,1,1,1,0,0,0,0,0,1,1
PB03708,Mohali (SAS Nagar),Food Processing,145.01,11,38.3,1386.8,8.9,0,1,0,1,1,1,1,1,0,0,1,1,0,1,1
PB03709,Mohali (SAS Nagar),Cement,257.06,25,2.0,1156.9,0.5,0,0,0,1,1,1,1,0,1,0,0,0,0,0,1
PB03710,Amritsar,Plastic Products,455.69,3,45.2,782.3,11.3,1,0,0,1,1,0,0,1,1,0,0,0,1,1,1
PB03711,Sangrur,Electronics,440.63,7,96.0,2052.1,3.6,0,0,0,1,1,0,1,1,0,0,0,0,0,1,1
PB03712,Rupnagar,Engineering/Metal Fabrication,248.41,64,82.0,1469.2,5.2,0,0,0,1,1,1,1,1,0,0,0,0,0,1,1
PB03713,Sangrur,Steel Rolling,145.23,2,14.2,1034.8,4.1,0,0,0,1,1,0,0,1,0,0,0,0,0,0,1
PB03714,Sangrur,IT/Software Services,272.74,7,4.3,1172.0,4.6,0,0,1,1,1,0,1,1,0,0,0,0,0,0,1
PB03715,Hoshiarpur,Beverages,1534.75,4,257.3,5064.9,13.0,0,1,0,1,0,0,0,1,1,0,1,1,0,1,1
PB03716,Sangrur,Pharmaceutical,315.62,45,49.8,743.4,32.4,1,0,0,1,1,1,1,1,1,0,0,0,1,1,1
PB03717,Bathinda,Rice Milling,138.21,6,2.0,505.5,22.9,0,1,0,1,1,0,1,1,1,0,1,1,0,0,1
PB03718,Rupnagar,Food Processing,87.55,44,2.0,848.0,0.5,0,1,0,1,1,1,1,1,0,1,1,1,0,0,1
PB03719,Hoshiarpur,Beverages,1446.87,43,230.4,4856.0,15.9,0,0,0,1,0,1,1,1,1,0,1,0,0,1,1
PB03720,Moga,Leather Products,2071.1,2,339.6,5694.7,45.5,1,0,0,1,1,0,0,1,1,1,0,0,1,1,1
PB03721,Moga,Food Processing,630.26,22,98.1,2512.2,11.4,0,0,0,1,1,1,1,1,0,0,1,0,0,1,1
PB03722,Rupnagar,Textile,3998.34,61,614.5,11366.1,17.0,0,0,0,1,1,1,0,1,1,1,0,0,0,1,1
PB03723,Jalandhar,Rice Milling,279.65,5,32.0,540.8,1.9,0,1,0,1,0,0,1,0,1,0,1,1,0,1,1
PB03724,Bathinda,Textile Dyeing,410.54,70,82.6,1741.6,35.7,0,1,0,1,1,1,1,1,1,0,0,1,0,1,1
PB03725,Amritsar,Food Processing,1403.86,15,210.4,5079.0,12.1,0,1,0,1,1,1,1,1,0,0,1,1,0,1,0
PB03726,Moga,Textile Dyeing,228.65,33,30.8,493.5,23.4,0,1,0,1,1,1,1,1,1,0,0,1,0,1,1
PB03727,Mohali,Auto Components,2237.09,13,311.3,7926.0,5.4,0,0,0,1,1,1,1,1,0,1,0,0,0,1,1
PB03728,Rupnagar,Pharmaceutical,279.93,11,47.0,1073.1,12.4,1,0,0,1,1,1,1,1,1,0,0,0,1,1,1
PB03729,Fatehgarh Sahib,Electronics,137.63,10,31.6,671.4,13.3,0,0,0,1,1,1,1,1,0,0,0,0,0,1,1
PB03730,Hoshiarpur,Beverages,95.04,55,2.0,50.0,30.6,0,1,0,1,1,1,1,1,1,0,1,1,0,0,0
PB03731,Bathinda,Leather Products,368.78,21,30.7,1540.9,19.1,1,0,0,1,1,1,1,1,1,0,0,0,1,1,1
PB03732,Jalandhar,Textile Dyeing,1063.38,12,157.7,3743.1,11.7,0,1,0,1,1,1,1,1,1,0,0,1,0,1,1
PB03733,Rupnagar,Beverages,870.76,11,109.7,1669.8,18.0,0,1,0,1,1,1,1,1,1,0,1,1,0,1,1
PB03734,Moga,Chemical,1475.72,27,193.0,5302.5,31.3,1,1,0,1,1,1,1,1,1,1,0,1,1,1,1
PB03735,Rupnagar,Engineering/Metal Fabrication,149.24,28,24.3,71.0,2.5,0,0,0,1,1,1,1,1,0,0,0,0,0,0,0
PB03736,Fatehgarh Sahib,Paper & Pulp,274.29,20,57.8,50.0,20.3,0,1,0,1,1,1,1,1,1,0,0,1,0,1,0
PB03737,Hoshiarpur,Agro-based,143.78,35,36.6,409.2,7.6,0,0,0,1,1,1,1,1,0,0,0,0,0,1,1
PB03738,Patiala,Textile Dyeing,649.57,54,93.4,1953.7,30.4,0,1,0,1,1,1,1,1,1,0,0,1,0,1,1
PB03739,Mohali,Food Processing,1184.56,5,207.5,3752.9,12.5,0,0,0,1,1,0,1,1,0,0,1,0,0,1,1
PB03740,Jalandhar,Furniture/Wood,1244.39,14,229.5,4186.7,4.1,0,0,0,1,1,1,1,1,1,0,0,0,0,1,1
PB03741,Hoshiarpur,Textile Dyeing,38.04,181,2.0,50.0,4.9,0,0,0,1,1,1,1,1,0,0,0,0,0,0,0
PB03742,Jalandhar,Paper & Pulp,318.43,22,53.6,718.8,21.9,0,0,0,1,1,1,1,1,1,0,0,0,0,1,1
PB03743,Mohali (SAS Nagar),Food Processing,2108.59,14,320.9,6286.1,0.5,0,0,0,1,1,1,1,1,0,1,1,0,0,1,1
PB03744,Patiala,Steel Rolling,1306.69,7,217.3,3181.3,0.5,0,0,0,1,1,1,1,1,0,0,0,0,0,1,1
PB03745,Patiala,Steel Rolling,471.45,146,62.6,2530.8,11.0,0,0,0,1,1,1,0,1,0,0,0,0,0,1,1
PB03746,Mohali,Leather Products,46.75,53,2.0,50.0,11.2,1,0,0,1,1,1,1,1,1,0,0,0,1,0,0
PB03747,Bathinda,Paper & Pulp,1141.39,21,164.9,4219.6,22.4,0,0,0,1,1,1,1,1,1,1,0,0,0,1,1
PB03748,Patiala,Steel Rolling,2850.57,27,420.5,8278.6,7.8,0,0,0,1,1,1,1,1,0,1,0,0,0,1,1
PB03749,Jalandhar,Cement,2646.78,12,372.2,8091.4,4.3,0,0,0,1,1,1,1,1,0,1,0,0,0,1,1
PB03750,Mohali,Textile,878.93,30,133.2,2700.0,0.5,0,0,0,1,1,1,1,1,0,0,0,0,0,1,1
PB03751,Mohali (SAS Nagar),Steel Rolling,213.78,39,24.2,936.1,19.1,0,0,0,1,1,1,1,1,1,0,0,0,0,0,1
PB03752,Mohali,Beverages,834.33,43,152.9,2599.6,19.5,0,1,0,1,1,0,1,1,1,0,1,1,0,1,1
PB03753,Mohali (SAS Nagar),Engineering/Metal Fabrication,75.27,5,27.4,353.0,14.8,1,0,0,1,1,0,1,1,1,0,0,0,0,1,1
PB03754,Ludhiana,IT/Software Services,184.41,42,17.7,50.0,0.5,0,0,1,1,1,0,1,1,0,0,0,0,0,0,0
PB03755,Hoshiarpur,Paper & Pulp,1088.79,21,151.6,3166.2,15.2,0,0,0,1,1,1,1,1,1,1,0,0,0,1,1
PB03756,Bathinda,Electronics,340.92,18,41.6,1949.9,0.5,0,0,0,1,1,1,1,1,0,0,0,0,0,1,1
PB03757,Patiala,Textile,211.38,8,72.2,1525.8,0.8,0,0,0,1,1,0,1,1,0,0,0,0,0,1,1
PB03758,Sangrur,Plastic Products,1417.7,32,208.5,4185.5,7.0,1,0,0,1,1,1,1,1,1,0,0,0,1,1,1
PB03759,Moga,Engineering/Metal Fabrication,206.44,10,24.5,800.2,0.5,0,0,0,1,1,1,1,1,0,0,0,0,0,0,0
PB03760,Patiala,Engineering/Metal Fabrication,584.75,13,85.8,2278.3,9.8,0,0,0,1,1,1,1,1,0,0,0,0,0,1,1
PB03761,Jalandhar,Cement,630.15,48,70.6,2107.3,3.1,0,0,0,1,1,1,1,1,0,1,0,0,0,1,1
PB03762,Mohali,Rice Milling,62.7,26,69.4,50.0,22.8,0,1,0,1,1,1,1,1,1,0,1,1,0,1,0
PB03763,Mohali (SAS Nagar),Leather Products,371.05,9,61.5,717.9,19.0,1,0,0,1,1,0,1,1,1,0,0,0,1,1,0
PB03764,Bathinda,IT/Software Services,142.55,63,66.4,477.1,2.3,0,0,1,1,1,0,1,1,0,0,0,0,0,1,1
PB03765,Mohali,Food Processing,636.53,10,98.2,1785.0,0.5,0,1,0,1,0,0,1,1,0,0,1,1,0,1,1
PB03766,Moga,Paper & Pulp,31.22,5,31.7,50.0,18.2,0,0,0,1,1,0,1,0,1,0,0,0,0,1,0
PB03767,Ludhiana,Textile Dyeing,705.84,6,91.4,1986.8,20.4,1,0,0,1,1,0,1,1,1,0,0,0,1,1,1
PB03768,Mohali (SAS Nagar),Food Processing,394.8,16,66.3,717.7,0.5,0,1,0,1,1,1,1,1,0,0,1,1,0,1,1
PB03769,Hoshiarpur,Textile,1538.29,66,201.7,4159.2,13.3,0,0,0,1,1,0,0,1,0,0,0,0,0,1,1
PB03770,Mohali,Auto Components,90.12,7,2.0,50.0,5.6,0,0,0,1,1,0,1,0,0,0,0,0,0,0,0
PB03771,Jalandhar,Auto Components,91.74,28,2.0,50.0,7.9,0,0,0,1,1,1,1,1,0,0,0,0,0,0,0
PB03772,Hoshiarpur,Textile,1755.04,25,284.2,5441.6,14.0,0,0,0,1,1,1,1,1,0,0,0,0,0,1,1
PB03773,Bathinda,Rice Milling,323.52,5,22.7,798.5,24.3,0,0,0,1,1,0,1,1,1,0,1,0,0,0,1
PB03774,Hoshiarpur,Agro-based,1146.94,50,165.8,3686.2,7.0,0,0,0,1,1,1,0,1,0,0,0,0,0,1,0
PB03775,Mohali (SAS Nagar),Chemical,476.32,14,67.8,1500.0,21.3,1,0,0,1,1,1,1,1,1,0,0,0,1,1,1
PB03776,Hoshiarpur,Paper & Pulp,1619.52,2,288.5,4343.5,29.3,0,1,0,1,1,0,0,1,1,1,0,1,0,1,1
PB03777,Ludhiana,Plastic Products,325.68,8,61.5,50.0,14.2,1,0,0,1,1,0,1,1,1,0,0,0,1,1,0
PB03778,Moga,Agro-based,123.48,21,2.0,473.1,0.5,0,0,0,1,1,1,0,0,0,0,0,0,0,0,1
PB03779,Amritsar,Auto Components,280.93,10,72.9,239.6,0.9,0,0,0,1,1,1,1,0,0,0,0,0,0,1,1
PB03780,Moga,Leather Products,3006.53,13,444.6,9637.2,21.9,1,0,0,1,1,1,1,1,1,1,0,0,1,1,1
PB03781,Rupnagar,Electronics,41.7,16,2.0,763.4,0.5,0,0,0,1,1,0,1,1,0,0,0,0,0,0,1
PB03782,Mohali,Textile Dyeing,494.31,1,76.6,1163.6,20.0,0,1,0,1,1,0,0,1,1,0,0,1,0,1,1
PB03783,Rupnagar,Rice Milling,197.85,9,17.1,50.0,6.8,0,1,0,1,1,0,1,1,1,0,1,1,0,0,0
PB03784,Ludhiana,Steel Rolling,345.55,9,11.8,754.8,19.0,0,0,0,1,1,0,1,1,1,0,0,0,0,0,1
PB03785,Amritsar,Beverages,175.56,27,2.0,1450.9,14.3,0,1,0,1,1,1,1,1,1,0,1,1,0,0,1
PB03786,Jalandhar,Rice Milling,808.99,8,92.9,2517.4,18.3,0,1,0,1,1,0,1,1,1,0,1,1,0,1,1
PB03787,Hoshiarpur,Textile Dyeing,290.9,30,89.2,2081.8,9.3,0,1,0,1,1,1,1,1,1,0,0,1,0,1,1
PB03788,Fatehgarh Sahib,Cement,1257.74,20,196.9,3185.0,6.3,0,0,0,1,1,1,1,1,1,1,0,0,0,1,1
PB03789,Jalandhar,Electronics,1260.34,6,208.4,4000.7,0.5,0,0,0,1,1,0,1,1,0,0,0,0,0,1,1
PB03790,Sangrur,Auto Components,487.03,6,51.8,1551.3,0.5,0,0,0,1,1,0,0,1,0,0,0,0,0,1,1
PB03791,Bathinda,Rice Milling,327.85,71,17.0,1403.9,32.3,0,0,0,1,1,1,1,1,1,0,1,0,0,0,1
PB03792,Amritsar,Electronics,202.59,5,38.3,604.3,19.4,0,0,0,1,1,0,1,1,1,1,0,0,0,1,1
PB03793,Mohali (SAS Nagar),Textile,651.95,6,109.7,1335.1,10.7,0,0,0,1,1,0,1,1,0,0,0,0,0,1,1
PB03794,Rupnagar,Furniture/Wood,287.56,23,67.9,1311.6,0.5,0,0,0,1,1,1,1,1,0,0,0,0,0,1,1
PB03795,Rupnagar,Cement,1209.8,12,179.2,3539.8,1.5,0,0,0,1,1,1,1,1,1,1,0,0,0,1,1
PB03796,Mohali,Engineering/Metal Fabrication,756.19,20,173.3,2909.9,11.5,0,0,0,1,1,1,1,1,0,0,0,0,0,1,1
PB03797,Amritsar,Engineering/Metal Fabrication,838.81,53,103.5,2668.9,0.5,0,0,0,1,1,1,1,1,0,0,0,0,0,1,1
PB03798,Mohali,Engineering/Metal Fabrication,183.74,26,41.3,352.6,5.6,0,0,0,1,1,1,1,1,0,0,0,0,0,1,1
PB03799,Sangrur,Paper & Pulp,831.67,98,95.0,2496.6,12.0,0,1,0,1,1,1,1,1,1,1,0,1,0,1,1
PB03800,Patiala,Pharmaceutical,468.63,16,62.1,1965.0,10.8,1,0,0,1,1,1,1,1,1,0,0,0,1,1,1
PB03801,Bathinda,IT/Software Services,1431.73,3,244.2,4856.6,0.5,0,0,1,1,0,0,0,1,0,0,0,0,0,1,1
PB03802,Sangrur,Leather Products,1447.28,22,216.3,4381.0,15.7,1,0,0,1,1,1,1,1,1,0,0,0,1,1,1
PB03803,Amritsar,Textile Dyeing,2981.91,44,440.3,8519.6,4.7,0,1,0,1,1,1,1,1,1,1,0,1,0,1,1
PB03804,Jalandhar,Textile Dyeing,662.08,4,109.4,1876.9,28.8,0,0,0,1,1,0,0,1,1,0,0,0,0,1,1
PB03805,Mohali,Rice Milling,1077.73,6,181.0,3339.3,7.6,1,1,0,1,1,0,1,1,1,0,1,1,1,1,1
PB03806,Hoshiarpur,Rice Milling,358.08,26,82.5,753.9,13.1,0,1,0,1,1,1,1,0,1,0,1,1,0,1,1
PB03807,Bathinda,IT/Software Services,234.39,34,7.3,1258.8,16.1,0,0,1,1,1,0,1,1,1,0,0,0,0,0,1
PB03808,Mohali,Textile,451.78,17,56.7,879.4,0.5,0,0,0,1,1,1,1,1,0,0,0,0,0,1,1
PB03809,Bathinda,Beverages,349.98,3,57.7,1042.2,23.1,0,1,0,1,1,0,0,1,1,0,1,1,0,1,1
PB03810,Bathinda,Plastic Products,352.49,2,67.8,1241.9,3.8,1,0,0,1,1,0,0,1,1,0,0,0,1,1,1
PB03811,Patiala,Agro-based,174.9,16,8.3,50.0,0.5,0,0,0,1,1,1,1,1,0,0,0,0,0,0,0
PB03812,Mohali (SAS Nagar),Steel Rolling,704.28,26,119.1,1893.3,10.6,0,0,0,1,1,1,1,1,0,0,0,0,0,1,1
PB03813,Patiala,Pharmaceutical,1174.06,4,169.6,3978.4,23.8,1,0,0,1,1,0,0,1,1,1,0,0,1,1,1
PB03814,Sangrur,Paper & Pulp,1582.54,42,237.2,4592.7,21.5,0,1,0,1,1,1,1,1,1,1,0,1,0,1,1
PB03815,Bathinda,Rice Milling,660.01,42,73.7,1217.3,26.8,0,1,0,1,1,1,1,1,1,0,1,1,1,1,1
PB03816,Amritsar,IT/Software Services,198.09,76,45.8,527.2,5.8,0,0,1,1,1,0,1,1,0,0,0,0,0,1,1
PB03817,Rupnagar,IT/Software Services,1014.68,11,153.7,3482.7,26.4,0,0,1,1,1,0,1,1,1,0,0,0,0,1,1
PB03818,Jalandhar,Beverages,284.91,44,25.1,604.2,30.1,0,1,0,1,1,1,1,1,1,0,1,1,0,1,1
PB03819,Mohali (SAS Nagar),Furniture/Wood,265.17,24,61.6,50.0,0.5,0,0,0,1,1,1,1,1,0,0,0,0,0,1,0
PB03820,Sangrur,IT/Software Services,402.88,18,19.1,1746.2,16.0,0,0,1,1,1,0,1,1,1,0,0,0,0,0,1
PB03821,Hoshiarpur,Plastic Products,57.95,26,2.0,379.5,14.4,1,0,0,1,1,1,1,1,1,0,0,0,0,0,1
PB03822,Moga,Textile Dyeing,1079.58,9,137.7,3300.4,20.4,0,1,0,1,1,0,1,1,1,0,0,1,0,1,1
PB03823,Sangrur,Agro-based,574.9,85,82.9,1383.9,7.5,0,0,0,1,1,1,1,1,0,0,0,0,0,1,1
PB03824,Bathinda,Food Processing,168.24,12,12.7,923.0,7.5,0,1,0,1,1,1,1,1,0,0,1,1,0,0,1
PB03825,Amritsar,Pharmaceutical,67.07,8,10.5,50.0,26.3,1,0,0,1,1,0,1,1,1,0,0,0,0,0,1
PB03826,Bathinda,Paper & Pulp,231.18,31,29.5,50.0,20.0,0,1,0,1,1,1,1,1,1,0,0,1,0,1,0
PB03827,Sangrur,Auto Components,1563.03,4,232.4,4743.5,0.5,0,0,0,1,1,1,0,1,0,0,0,0,0,1,1
PB03828,Jalandhar,Textile Dyeing,380.7,79,37.7,1283.2,14.1,0,0,0,1,1,1,1,1,1,0,0,0,0,1,1
PB03829,Patiala,Food Processing,687.93,29,82.3,2400.4,0.5,0,1,0,1,1,1,1,1,0,0,1,1,0,1,1
PB03830,Mohali (SAS Nagar),IT/Software Services,1788.87,24,262.2,5292.1,0.5,0,0,1,1,1,0,1,1,0,0,0,0,0,1,1
PB03831,Patiala,Pharmaceutical,948.81,6,144.4,2969.1,12.2,1,0,0,1,1,0,1,1,1,1,0,0,1,1,1
PB03832,Mohali,Auto Components,408.5,25,54.8,1574.3,12.7,0,0,0,1,1,1,1,1,0,0,0,0,0,1,1
PB03833,Ludhiana,Cement,53.52,12,42.4,50.0,23.2,0,0,0,1,1,1,1,0,1,0,0,0,0,0,0
PB03834,Jalandhar,Furniture/Wood,734.16,11,105.6,969.4,16.9,1,0,0,1,1,1,1,1,1,0,0,0,1,1,1
PB03835,Mohali (SAS Nagar),Furniture/Wood,4845.31,35,738.8,15184.7,9.1,0,0,0,1,1,1,1,1,0,1,0,0,0,1,1
PB03836,Fatehgarh Sahib,Leather Products,86.08,37,68.6,248.9,15.9,1,0,0,1,1,1,1,1,1,0,0,0,0,1,1
PB03837,Patiala,Textile Dyeing,81.91,1,2.0,50.0,27.6,0,0,0,1,1,0,0,0,1,0,0,0,0,0,0
PB03838,Patiala,Textile,1296.87,12,211.7,3901.2,7.8,0,0,0,1,1,1,1,1,0,0,0,0,0,1,1
PB03839,Amritsar,Textile,200.23,7,36.0,70.8,6.9,0,0,0,1,1,0,1,0,0,0,0,0,0,1,0
PB03840,Rupnagar,Chemical,636.31,44,97.9,761.0,26.5,1,1,0,1,1,1,1,1,1,1,0,1,1,1,1
PB03841,Patiala,Chemical,588.7,50,118.0,1632.1,3.8,1,1,0,1,1,1,1,1,1,1,0,1,1,1,1
PB03842,Mohali,IT/Software Services,264.4,4,16.9,1306.9,0.5,0,0,1,1,1,0,0,1,0,0,0,0,0,0,1
PB03843,Fatehgarh Sahib,Steel Rolling,370.08,14,46.3,980.0,10.3,1,0,0,1,1,1,1,1,1,0,0,0,1,1,1
PB03844,Sangrur,Chemical,545.31,17,94.3,2443.5,19.0,1,0,0,1,1,1,1,1,1,1,0,0,1,1,1
PB03845,Ludhiana,Textile Dyeing,65.51,12,25.4,490.4,23.1,0,0,0,1,1,1,1,1,1,0,0,0,0,1,0
PB03846,Moga,Paper & Pulp,388.12,21,52.1,1024.9,14.9,0,1,0,1,1,1,0,1,1,0,0,1,0,1,1
PB03847,Mohali,Chemical,437.57,122,78.3,383.0,12.1,1,0,0,1,1,1,1,1,1,0,0,0,1,1,1
PB03848,Fatehgarh Sahib,Steel Rolling,28.41,24,2.0,50.0,0.5,0,0,0,1,1,1,1,1,0,0,0,0,0,0,0
PB03849,Rupnagar,Engineering/Metal Fabrication,43.75,12,3.5,410.8,4.0,0,0,0,1,1,0,1,0,0,0,0,0,0,0,1
PB03850,Mohali (SAS Nagar),Rice Milling,73.87,23,17.9,375.9,20.5,0,1,0,1,1,1,1,1,1,0,1,1,0,0,1
PB03851,Patiala,Textile,493.6,255,97.2,923.9,2.3,0,0,0,1,1,1,1,1,0,1,0,0,0,1,1
PB03852,Ludhiana,Rice Milling,56.28,28,12.7,423.3,13.4,1,1,0,1,1,1,1,1,1,0,1,1,0,0,0
PB03853,Hoshiarpur,Food Processing,25.54,43,2.3,1480.6,10.0,0,1,0,1,1,1,1,1,0,0,1,1,0,0,1
PB03854,Jalandhar,Paper & Pulp,614.53,10,116.0,1619.4,33.1,0,0,0,1,1,1,1,1,1,1,0,0,0,1,1
PB03855,Sangrur,Steel Rolling,427.64,6,54.8,2193.8,3.8,0,0,0,1,1,0,1,1,0,0,0,0,0,1,1
PB03856,Hoshiarpur,Auto Components,72.31,26,2.0,1234.9,0.5,0,0,0,1,1,1,1,1,0,0,0,0,0,0,1
PB03857,Mohali,Beverages,496.99,35,89.2,1481.7,21.6,0,0,0,1,1,1,1,1,1,0,1,0,0,1,1
PB03858,Ludhiana,Agro-based,2688.82,4,421.1,8176.2,2.7,0,0,0,1,1,0,0,1,0,1,0,0,0,1,1
PB03859,Fatehgarh Sahib,Rice Milling,1436.16,9,223.9,4452.3,24.7,0,1,0,1,1,0,1,1,1,0,1,1,0,1,1
PB03860,Ludhiana,Electronics,474.74,108,75.9,971.3,9.9,0,0,0,1,1,1,1,1,0,0,0,0,0,1,1
PB03861,Sangrur,Food Processing,1524.89,15,219.9,4763.6,0.5,0,1,0,1,1,1,1,1,0,1,1,1,0,1,1
PB03862,Mohali,Auto Components,271.59,19,17.7,256.8,0.5,0,0,0,1,1,1,1,1,0,0,0,0,0,0,1
PB03863,Fatehgarh Sahib,Plastic Products,3003.92,3,473.1,8649.7,11.2,1,0,0,1,1,0,0,1,1,1,0,0,1,1,1
PB03864,Ludhiana,Auto Components,197.51,1,49.0,880.3,0.5,0,0,0,1,1,0,0,1,0,1,0,0,1,1,1
PB03865,Rupnagar,Textile Dyeing,227.34,75,19.3,903.8,13.7,0,1,0,1,1,1,0,1,1,0,0,1,0,0,1
PB03866,Mohali,Food Processing,68.8,27,16.7,471.3,9.4,1,1,0,1,1,1,1,1,1,1,1,1,0,0,1
PB03867,Moga,Food Processing,629.28,16,112.9,1854.8,0.5,0,0,0,1,1,1,1,1,0,0,1,0,0,1,1
PB03868,Hoshiarpur,Food Processing,193.88,34,50.4,1439.4,17.6,0,0,0,1,1,1,1,1,1,0,1,0,0,1,1
PB03869,Moga,Pharmaceutical,563.48,39,82.0,1462.1,22.2,1,0,0,1,1,1,1,1,1,1,0,0,1,1,1
PB03870,Amritsar,Furniture/Wood,651.98,11,102.1,2073.0,25.8,0,0,0,1,1,1,1,1,1,0,0,0,0,1,1
PB03871,Ludhiana,Engineering/Metal Fabrication,389.83,22,55.6,1407.9,14.5,0,0,0,1,1,1,1,1,0,0,0,0,0,1,1
PB03872,Mohali (SAS Nagar),Paper & Pulp,623.13,12,98.7,1743.9,28.0,0,0,0,1,1,1,1,1,1,1,0,0,0,1,1
PB03873,Patiala,Beverages,1692.25,184,241.4,6180.1,13.4,0,1,0,1,1,1,1,1,1,0,1,1,0,1,1
PB03874,Ludhiana,Textile Dyeing,1654.41,3,253.3,5253.1,11.1,0,1,0,1,1,0,0,1,1,0,0,1,0,1,1
PB03875,Sangrur,Agro-based,2530.02,2,406.7,7100.6,1.1,0,0,0,1,1,0,0,1,0,1,0,0,0,1,1
PB03876,Patiala,Rice Milling,489.86,14,88.5,1777.7,25.1,0,1,0,1,1,1,1,1,1,0,1,1,0,1,1
PB03877,Sangrur,Rice Milling,300.42,14,29.9,422.2,27.9,1,1,0,1,1,1,1,1,1,0,1,1,1,1,1
PB03878,Mohali,Steel Rolling,1185.61,12,174.0,3642.2,20.5,0,0,0,1,1,1,1,1,1,0,0,0,0,1,1
PB03879,Mohali,Cement,603.36,15,101.4,1694.5,10.8,0,0,0,1,1,1,1,1,0,1,0,0,0,1,1
PB03880,Mohali,Textile,160.5,7,4.6,768.4,1.3,0,0,0,1,1,0,1,1,0,0,0,0,0,0,1
PB03881,Rupnagar,Rice Milling,230.04,11,16.6,199.0,5.9,0,1,0,1,1,1,1,1,1,0,1,1,0,0,1
PB03882,Sangrur,Food Processing,114.84,8,33.4,50.0,8.1,1,1,0,1,1,0,1,1,1,0,1,1,1,1,0
PB03883,Fatehgarh Sahib,Engineering/Metal Fabrication,762.5,15,132.1,1800.3,0.5,0,0,0,1,1,1,1,1,0,0,0,0,0,1,1
PB03884,Moga,Paper & Pulp,778.43,2,106.9,2828.7,19.5,0,1,0,1,1,1,0,1,1,1,0,1,0,1,1
PB03885,Bathinda,Cement,191.76,27,2.0,479.9,11.3,0,0,0,1,1,1,1,1,0,0,0,0,0,0,0
PB03886,Fatehgarh Sahib,Food Processing,115.41,36,2.0,259.1,0.5,0,0,0,1,1,1,1,1,0,0,1,0,0,0,1
PB03887,Bathinda,Beverages,279.04,8,47.0,850.7,6.7,0,0,0,1,1,0,1,1,1,0,1,0,0,1,1
PB03888,Moga,Electronics,54.48,9,2.0,318.2,5.6,0,0,0,1,1,0,1,1,0,0,0,0,0,0,1
PB03889,Bathinda,IT/Software Services,154.35,45,32.4,260.8,9.6,0,0,1,1,1,0,1,1,0,0,0,0,0,1,1
PB03890,Bathinda,Cement,944.9,21,181.7,3295.6,0.5,0,0,0,1,1,1,1,1,0,1,0,0,0,1,1
PB03891,Bathinda,Engineering/Metal Fabrication,1331.14,54,206.7,3928.1,13.9,0,0,0,1,1,1,1,1,0,0,0,0,0,1,1
PB03892,Patiala,IT/Software Services,241.94,17,10.2,669.4,9.8,0,0,1,1,1,0,1,1,0,0,0,0,0,0,1
PB03893,Bathinda,Furniture/Wood,381.26,47,59.7,2292.2,6.7,0,0,0,1,1,1,1,1,0,0,0,0,0,1,1
PB03894,Rupnagar,Chemical,6000.0,2,897.8,16986.9,18.0,1,1,0,1,1,0,0,1,1,1,0,1,1,1,1
PB03895,Mohali,Cement,268.3,16,42.5,604.3,0.5,0,0,0,1,1,1,1,1,0,0,0,0,0,1,1
PB03896,Mohali,Auto Components,642.74,5,97.6,1494.8,13.4,0,0,0,1,0,0,1,1,0,0,0,0,0,1,1
PB03897,Amritsar,Textile,261.42,16,24.6,846.7,15.4,0,0,0,1,1,1,1,1,1,0,0,0,0,0,1
PB03898,Mohali (SAS Nagar),Steel Rolling,455.48,31,47.0,1024.1,3.0,0,0,0,1,1,1,1,0,0,0,0,0,0,1,1
PB03899,Hoshiarpur,Plastic Products,189.23,14,15.1,605.3,0.5,1,0,0,1,1,1,1,1,1,0,0,0,1,0,1
PB03900,Rupnagar,Electronics,589.17,7,93.4,978.6,7.9,0,0,0,1,1,0,1,1,0,0,0,0,0,1,1
PB03901,Rupnagar,Food Processing,940.39,16,171.0,2917.4,2.9,0,1,0,1,1,1,1,1,0,0,1,1,0,1,1
PB03902,Sangrur,IT/Software Services,204.67,7,22.2,689.7,5.8,1,0,1,1,1,0,1,1,1,0,0,0,1,0,1
PB03903,Patiala,Furniture/Wood,898.21,12,151.1,3159.7,0.5,0,0,0,1,1,1,1,1,0,0,0,0,1,1,1
PB03904,Jalandhar,Auto Components,1160.25,7,148.1,4157.1,0.5,0,0,0,1,1,0,1,1,0,0,0,0,0,1,1
PB03905,Moga,Steel Rolling,6000.0,27,937.1,18313.7,14.7,0,0,0,1,1,1,1,1,0,1,0,0,0,1,1
PB03906,Mohali (SAS Nagar),Auto Components,396.25,17,44.1,618.6,0.5,0,0,0,1,1,1,1,1,0,0,0,0,0,1,1
PB03907,Rupnagar,Steel Rolling,126.03,46,5.1,257.6,0.5,0,0,0,1,1,1,1,1,0,0,0,0,0,0,1
PB03908,Ludhiana,Agro-based,100.23,9,7.1,260.9,4.7,0,0,0,1,1,0,1,0,0,0,0,0,0,0,1
PB03909,Bathinda,Engineering/Metal Fabrication,227.27,142,34.6,1215.9,13.7,0,0,0,1,1,1,1,1,0,0,0,0,0,1,1
PB03910,Ludhiana,Engineering/Metal Fabrication,134.44,13,25.2,123.0,0.5,0,0,0,1,1,1,1,0,0,0,0,0,0,1,0
PB03911,Jalandhar,Paper & Pulp,2331.45,28,362.1,6724.7,19.5,0,1,0,1,1,1,1,1,0,1,0,1,0,1,1
PB03912,Fatehgarh Sahib,Agro-based,233.6,9,20.0,1065.4,0.5,0,0,0,1,1,0,1,1,0,0,0,0,0,0,1
PB03913,Mohali (SAS Nagar),Agro-based,632.28,14,110.2,1692.3,11.6,0,0,0,1,1,1,1,1,0,0,0,0,0,1,1
PB03914,Bathinda,Electronics,400.59,5,47.0,1835.5,6.3,0,0,0,1,1,0,1,1,0,0,0,0,0,1,1
PB03915,Ludhiana,Paper & Pulp,557.62,22,71.5,905.3,16.3,0,1,0,1,1,1,1,1,1,1,0,1,0,1,1
PB03916,Sangrur,Rice Milling,571.22,27,82.7,1863.1,16.8,0,0,0,1,1,1,1,1,1,0,1,0,0,1,1
PB03917,Jalandhar,Furniture/Wood,25.77,3,2.0,537.4,2.9,0,0,0,1,1,0,0,1,0,0,0,0,0,0,1
PB03918,Ludhiana,Rice Milling,288.51,68,38.9,1128.4,28.6,1,1,0,1,1,1,1,1,1,0,1,1,1,1,1
PB03919,Hoshiarpur,Cement,610.02,23,83.7,2614.8,0.5,0,0,0,1,1,1,1,1,0,1,0,0,0,0,1
PB03920,Amritsar,Agro-based,189.78,29,25.0,1472.5,5.8,0,0,0,1,1,1,1,1,0,0,0,0,0,0,1
PB03921,Hoshiarpur,Electronics,315.7,30,67.0,408.5,0.5,0,0,0,1,1,1,1,1,0,0,0,0,0,1,1
PB03922,Rupnagar,Leather Products,285.11,10,41.8,1953.9,19.6,1,0,0,1,1,1,1,1,1,0,0,0,1,1,1
PB03923,Bathinda,Electronics,685.66,26,91.5,1751.7,6.3,0,0,0,1,1,1,0,1,0,0,0,0,0,1,1
PB03924,Mohali (SAS Nagar),Pharmaceutical,593.1,25,62.9,2055.0,20.7,1,0,0,1,1,1,1,1,1,1,0,0,1,1,1
PB03925,Mohali (SAS Nagar),Paper & Pulp,621.55,78,108.2,1479.9,20.8,0,0,0,1,1,1,1,1,1,1,0,0,0,1,1
PB03926,Patiala,Food Processing,494.35,3,57.4,1420.5,0.5,0,1,0,1,1,0,0,0,0,0,1,1,0,1,1
PB03927,Bathinda,Textile,368.59,12,80.8,979.3,5.3,0,0,0,1,1,1,1,1,0,0,0,0,0,1,1
PB03928,Jalandhar,Pharmaceutical,333.82,7,53.7,1221.4,15.7,1,0,0,1,0,0,1,1,1,0,0,0,1,1,1
PB03929,Fatehgarh Sahib,Cement,927.59,4,112.1,2939.7,0.5,0,0,0,1,1,0,0,1,0,1,0,0,0,1,1
PB03930,Bathinda,Leather Products,372.81,13,87.5,1254.6,11.0,1,0,0,1,1,1,1,1,1,1,0,0,0,1,1
PB03931,Amritsar,Steel Rolling,817.39,18,103.1,2084.0,8.6,0,0,0,1,1,1,1,1,0,0,0,0,0,1,1
PB03932,Mohali (SAS Nagar),Auto Components,1222.93,8,186.0,3983.5,2.1,0,0,0,1,1,0,1,1,0,0,0,0,0,1,1
PB03933,Ludhiana,Food Processing,107.66,17,2.0,548.8,24.3,0,1,0,1,1,0,1,1,1,0,1,1,0,0,1
PB03934,Jalandhar,Rice Milling,268.92,15,59.5,588.2,14.1,1,1,0,1,1,1,1,1,1,0,1,1,1,1,1
PB03935,Rupnagar,Electronics,728.1,13,112.3,2157.8,0.5,0,0,0,1,0,1,1,1,0,0,0,0,1,1,1
PB03936,Sangrur,Leather Products,1083.47,10,151.0,3402.2,16.9,1,0,0,1,1,1,1,1,1,0,0,0,1,1,1
PB03937,Bathinda,Food Processing,646.7,192,75.8,2227.4,17.6,0,0,0,1,1,1,1,1,1,0,1,0,0,1,1
PB03938,Sangrur,Textile Dyeing,471.08,25,77.2,923.7,3.7,0,1,0,1,1,1,1,1,1,0,0,1,0,1,0
PB03939,Bathinda,IT/Software Services,114.46,15,19.2,1012.6,5.9,0,0,1,1,1,0,1,1,0,0,0,0,0,0,1
PB03940,Jalandhar,Rice Milling,66.63,18,2.0,492.6,24.6,0,0,0,1,1,0,1,1,1,0,1,0,0,0,1
PB03941,Bathinda,Paper & Pulp,1562.26,61,214.7,4490.5,27.6,0,1,0,1,1,1,1,1,1,1,0,1,0,1,1
PB03942,Rupnagar,Textile Dyeing,746.24,14,107.5,2082.1,15.3,0,1,0,1,1,1,1,1,1,0,0,1,0,1,1
PB03943,Rupnagar,Plastic Products,163.22,33,4.9,426.8,4.4,1,0,0,1,1,1,1,1,1,0,0,0,1,0,1
PB03944,Hoshiarpur,Electronics,176.09,1,20.0,272.3,0.5,0,0,0,1,1,0,0,0,0,0,0,0,0,0,1
PB03945,Mohali,Paper & Pulp,434.91,3,77.8,959.0,45.8,0,0,0,1,1,0,0,1,1,0,0,0,0,1,1
PB03946,Rupnagar,Pharmaceutical,318.95,8,23.5,659.2,19.6,1,0,0,1,1,0,1,1,1,0,0,0,1,0,1
PB03947,Fatehgarh Sahib,Chemical,259.11,2,32.0,1262.3,17.4,1,1,0,1,1,0,0,1,1,0,0,1,1,1,1
PB03948,Bathinda,IT/Software Services,3047.2,44,416.7,9431.3,0.5,0,0,1,1,1,0,1,1,0,1,0,0,0,1,1
PB03949,Moga,Chemical,1239.4,9,205.9,3792.4,17.7,1,1,0,1,1,0,1,1,1,1,0,1,1,1,1
PB03950,Sangrur,Engineering/Metal Fabrication,3295.16,50,495.9,9306.4,0.5,0,0,0,1,1,1,1,1,0,1,0,0,0,1,1
PB03951,Patiala,Pharmaceutical,165.93,15,8.8,64.9,20.3,1,0,0,1,1,1,1,1,1,0,0,0,1,0,0
PB03952,Rupnagar,Textile Dyeing,1185.48,53,169.5,3191.5,29.8,0,1,0,1,1,1,1,1,1,0,0,1,0,1,1
PB03953,Amritsar,Engineering/Metal Fabrication,386.88,35,79.4,1580.0,0.5,0,0,0,1,1,1,1,1,0,0,0,0,0,1,1
PB03954,Jalandhar,Pharmaceutical,969.49,21,172.7,2385.6,13.9,1,0,0,1,1,1,1,1,1,1,0,0,1,1,1
PB03955,Bathinda,Auto Components,1483.37,71,214.6,4266.2,0.5,0,0,0,1,1,1,1,1,0,0,0,0,0,1,1
PB03956,Hoshiarpur,Chemical,533.32,3,67.7,1526.3,23.0,1,1,0,1,0,0,1,1,1,1,0,1,1,1,1
PB03957,Rupnagar,Cement,731.66,42,118.9,1208.6,4.7,0,0,0,1,1,1,1,1,0,1,0,0,0,1,1
PB03958,Bathinda,Paper & Pulp,148.4,7,41.2,282.3,23.4,0,0,0,1,1,0,1,0,1,0,0,0,0,1,1
PB03959,Fatehgarh Sahib,Pharmaceutical,168.85,5,13.5,1012.2,16.1,1,0,0,1,1,0,1,1,1,0,0,0,1,0,1
PB03960,Jalandhar,Auto Components,726.07,33,105.7,1803.7,3.1,0,0,0,1,1,1,1,1,0,0,0,0,0,1,1
PB03961,Fatehgarh Sahib,Pharmaceutical,426.0,32,83.5,1235.6,0.5,1,0,0,1,1,1,1,1,1,0,0,0,1,1,1
PB03962,Mohali,Paper & Pulp,1558.93,14,227.6,5541.5,20.2,0,0,0,1,1,1,1,1,1,1,0,0,0,1,1
PB03963,Mohali (SAS Nagar),Electronics,117.65,14,35.8,50.0,14.5,0,0,0,1,1,1,1,0,0,0,0,0,0,0,0
PB03964,Mohali (SAS Nagar),Cement,501.16,7,63.7,1488.0,0.5,0,0,0,1,1,0,1,1,0,1,0,0,0,1,1
PB03965,Rupnagar,Agro-based,283.77,77,102.6,1051.6,0.5,0,0,0,1,0,1,1,1,0,0,0,0,0,1,1
PB03966,Jalandhar,Leather Products,89.72,13,24.0,50.0,23.9,1,0,0,1,1,0,1,1,1,0,0,0,0,0,0
PB03967,Patiala,IT/Software Services,1792.6,5,289.3,5585.8,12.7,0,0,1,1,1,0,1,1,0,0,0,0,0,1,1
PB03968,Moga,Textile Dyeing,340.54,15,60.9,1080.9,14.3,0,1,0,1,0,0,1,1,1,0,0,1,0,1,1
PB03969,Bathinda,Leather Products,37.54,15,3.7,50.0,26.1,1,0,0,1,1,0,1,1,1,0,0,0,0,0,0
PB03970,Rupnagar,Furniture/Wood,1139.8,9,167.7,3839.2,5.0,0,0,0,1,1,0,1,1,0,0,0,0,0,1,1
PB03971,Amritsar,Textile Dyeing,124.95,5,45.8,254.6,26.0,0,0,0,1,1,0,1,0,1,0,0,0,0,1,1
PB03972,Rupnagar,Auto Components,188.04,93,65.7,369.3,12.1,0,0,0,1,1,1,1,1,0,0,0,0,0,1,1
PB03973,Amritsar,Furniture/Wood,362.34,38,63.4,1296.3,10.8,0,0,0,1,1,1,1,1,0,0,0,0,0,1,1
PB03974,Mohali,Rice Milling,63.94,11,2.0,50.0,20.4,0,1,0,1,1,0,1,1,1,0,1,1,0,0,0
PB03975,Patiala,Textile,89.04,26,28.6,832.0,5.2,0,0,0,1,1,1,1,1,0,1,0,0,0,1,1
PB03976,Mohali (SAS Nagar),Textile,461.65,27,44.7,2280.6,8.2,0,0,0,1,1,1,1,1,0,0,0,0,0,1,1
PB03977,Patiala,Engineering/Metal Fabrication,367.34,19,45.2,1944.2,0.6,0,0,0,1,1,1,1,1,0,0,0,0,0,1,1
PB03978,Mohali,Electronics,671.58,2,94.4,1824.6,0.5,0,0,0,1,1,0,0,1,0,0,0,0,0,1,1
PB03979,Ludhiana,Food Processing,82.88,17,47.8,613.6,0.5,0,1,0,1,1,1,1,1,0,0,1,1,0,1,1
PB03980,Amritsar,Cement,3601.69,11,491.7,9961.7,3.2,0,0,0,1,1,1,1,1,0,1,0,0,1,1,1
PB03981,Moga,Auto Components,1035.5,5,124.6,3714.6,0.5,0,0,0,1,1,0,1,1,0,0,0,0,0,1,1
PB03982,Mohali,Chemical,1005.01,6,161.1,2432.2,29.3,1,1,0,1,1,0,1,1,1,1,0,1,1,1,1
PB03983,Rupnagar,Auto Components,145.98,16,2.0,347.3,3.7,0,0,0,1,1,0,0,1,0,0,0,0,0,0,0
PB03984,Mohali,Furniture/Wood,319.95,48,59.1,1605.3,7.3,0,0,0,1,1,1,1,1,0,0,0,0,0,1,1
PB03985,Jalandhar,Leather Products,68.38,36,31.5,50.0,21.0,1,0,0,1,1,1,1,1,1,0,0,0,0,1,0
PB03986,Jalandhar,Textile Dyeing,1581.38,18,255.3,5133.3,5.5,0,0,0,1,1,1,1,1,1,0,0,0,0,1,1
PB03987,Bathinda,Beverages,285.09,28,30.4,833.8,23.8,0,1,0,1,1,1,1,1,1,0,1,1,0,1,1
PB03988,Bathinda,Rice Milling,3295.1,2,477.2,9639.6,10.4,0,1,0,1,1,0,0,1,1,1,1,1,0,1,1
PB03989,Amritsar,Engineering/Metal Fabrication,621.15,25,77.0,1736.0,3.2,0,0,0,1,1,1,1,1,1,0,0,0,0,1,1
PB03990,Hoshiarpur,Engineering/Metal Fabrication,796.08,23,138.3,2503.3,6.7,0,0,0,1,1,1,1,1,0,0,0,0,0,1,1
PB03991,Amritsar,Rice Milling,487.35,5,52.3,1012.4,17.6,0,1,0,1,1,0,1,1,1,0,1,1,0,1,1
PB03992,Ludhiana,Chemical,510.11,25,67.0,1422.1,18.3,1,0,0,1,1,1,1,1,1,1,0,0,1,1,1
PB03993,Mohali,Chemical,1721.52,3,229.4,5539.7,17.8,1,0,0,1,1,0,0,1,1,1,0,0,1,1,1
PB03994,Mohali (SAS Nagar),Textile,263.67,8,93.1,612.9,5.3,0,0,0,1,1,0,1,1,0,0,0,0,0,1,1
PB03995,Hoshiarpur,IT/Software Services,899.16,14,156.1,2732.4,7.2,0,0,1,1,1,0,1,1,0,0,0,0,0,1,1
PB03996,Mohali (SAS Nagar),Food Processing,234.24,3,39.9,593.1,5.3,0,0,0,1,1,0,0,1,0,0,1,0,0,1,1
PB03997,Fatehgarh Sahib,Chemical,2266.26,15,358.9,5979.2,30.3,1,0,0,1,1,1,1,1,1,1,0,0,1,1,1
PB03998,Amritsar,Leather Products,861.11,6,93.2,2765.9,21.5,1,0,0,1,1,0,1,1,1,0,0,0,1,1,0
PB03999,Jalandhar,Auto Components,1050.29,24,170.7,2988.5,19.0,0,0,0,1,1,1,1,1,1,0,0,0,0,1,1
PB04000,Mohali (SAS Nagar),Chemical,183.77,51,15.6,122.7,15.6,1,1,0,1,1,1,1,1,1,0,0,1,1,0,0
PB04001,Hoshiarpur,Plastic Products,368.59,25,85.7,1289.7,21.9,1,0,0,1,1,1,1,1,1,0,0,0,0,1,1
PB04002,Sangrur,Food Processing,51.02,10,2.0,458.0,20.9,0,0,0,1,1,0,1,1,1,0,1,0,0,0,1
PB04003,Amritsar,Cement,287.11,26,27.3,1906.4,0.5,1,0,0,1,1,1,1,1,1,0,0,0,1,1,1
PB04004,Patiala,Agro-based,79.98,22,2.0,50.0,12.8,0,0,0,1,1,1,1,1,0,0,0,0,0,0,0
PB04005,Ludhiana,Agro-based,1133.04,28,177.4,3780.4,2.4,0,0,0,1,1,1,1,1,0,0,0,0,0,1,1
PB04006,Mohali,Cement,18.01,9,2.0,50.0,0.5,0,0,0,1,1,0,1,0,0,0,0,0,0,0,0
PB04007,Fatehgarh Sahib,Textile,150.2,6,6.2,50.0,4.1,0,0,0,1,1,0,1,0,0,0,0,0,0,0,0
PB04008,Sangrur,Cement,917.57,42,116.2,2787.8,8.8,0,0,0,1,1,1,1,1,0,1,0,0,0,1,1
PB04009,Mohali,Steel Rolling,149.53,18,34.9,50.0,0.5,0,0,0,1,1,1,1,0,0,0,0,0,0,1,0
PB04010,Hoshiarpur,Cement,812.25,13,136.6,2654.1,3.8,0,0,0,1,1,1,1,1,0,1,0,0,0,1,1
PB04011,Fatehgarh Sahib,Chemical,183.23,26,2.0,802.4,38.6,1,1,0,1,1,1,1,1,1,0,0,1,1,0,1
PB04012,Moga,Paper & Pulp,553.06,171,70.2,2060.5,9.8,1,0,0,1,1,1,0,1,1,1,0,0,1,1,1
PB04013,Mohali (SAS Nagar),Chemical,72.03,17,4.8,1017.1,31.6,1,1,0,1,1,0,1,1,1,0,0,1,0,0,1
PB04014,Bathinda,IT/Software Services,614.97,15,55.8,1749.6,4.6,0,0,1,1,1,0,0,1,0,0,0,0,0,1,1
PB04015,Jalandhar,Beverages,764.51,10,139.2,2693.7,44.9,0,1,0,1,1,1,1,1,1,0,1,1,0,1,1
PB04016,Mohali (SAS Nagar),Chemical,259.41,31,37.7,1509.4,14.1,1,0,0,1,1,1,1,1,0,0,0,0,1,1,1
PB04017,Mohali (SAS Nagar),Paper & Pulp,99.53,33,7.3,829.0,11.0,0,1,0,1,0,1,1,1,1,0,0,1,0,0,1
PB04018,Mohali,Beverages,319.11,19,51.9,50.0,5.5,0,0,0,1,1,1,1,1,1,0,1,0,0,1,0
PB04019,Bathinda,Leather Products,1406.38,8,186.7,4558.1,15.8,1,0,0,1,1,0,1,1,1,0,0,0,1,1,1
PB04020,Fatehgarh Sahib,Cement,485.58,20,68.4,2015.7,2.7,0,0,0,1,0,1,1,1,0,0,0,0,0,1,1
PB04021,Ludhiana,Cement,106.86,4,35.2,50.0,2.7,0,0,0,1,1,0,0,0,0,0,0,0,0,1,0
PB04022,Patiala,Chemical,220.31,12,26.5,264.4,18.8,1,0,0,1,1,1,1,1,1,0,0,0,1,1,1
PB04023,Sangrur,Rice Milling,1081.31,22,196.0,3603.5,14.0,0,1,0,1,1,1,1,1,1,0,1,1,0,1,1
PB04024,Rupnagar,Electronics,3482.52,8,521.7,11187.3,14.0,0,0,0,1,1,0,1,1,0,1,0,0,0,1,1
PB04025,Hoshiarpur,Leather Products,83.03,13,12.9,50.0,12.7,1,0,0,1,1,1,1,1,1,0,0,0,0,0,0
PB04026,Mohali (SAS Nagar),Leather Products,187.06,8,14.9,416.9,29.6,1,0,0,1,1,0,1,1,1,1,0,0,1,0,1
PB04027,Hoshiarpur,Beverages,188.49,11,3.6,947.5,30.7,0,1,0,1,1,0,1,1,1,0,1,1,0,0,1
PB04028,Patiala,Textile,550.34,8,81.9,2006.5,7.7,0,0,0,1,1,0,1,1,0,0,0,0,0,1,1
PB04029,Fatehgarh Sahib,IT/Software Services,128.62,24,2.0,618.1,13.6,0,0,1,1,1,0,1,1,0,0,0,0,0,0,1
PB04030,Amritsar,Food Processing,328.01,52,44.3,1655.3,20.5,0,0,0,1,1,0,1,1,1,0,1,0,0,1,1
PB04031,Rupnagar,Electronics,484.06,33,73.0,1531.1,2.2,1,0,0,1,0,1,1,1,1,0,0,0,1,1,1
PB04032,Mohali,Engineering/Metal Fabrication,562.09,9,72.7,1891.7,0.7,0,0,0,1,1,0,1,1,0,0,0,0,0,1,1
PB04033,Amritsar,Cement,558.75,8,71.7,924.4,0.5,0,0,0,1,1,0,1,1,0,1,0,0,0,1,1
PB04034,Bathinda,Pharmaceutical,175.95,16,18.2,50.0,20.0,1,0,0,1,1,1,1,1,1,0,0,0,1,0,0
PB04035,Moga,Leather Products,1288.06,4,183.7,3602.1,25.4,1,0,0,1,1,0,0,1,1,0,0,0,1,1,1
PB04036,Rupnagar,Engineering/Metal Fabrication,99.09,13,27.2,50.0,2.6,0,0,0,1,1,1,1,0,0,0,0,0,0,1,0
PB04037,Mohali (SAS Nagar),Auto Components,1048.78,48,142.3,3109.2,1.9,0,0,0,1,1,1,1,1,0,0,0,0,0,1,1
PB04038,Sangrur,Steel Rolling,627.11,8,87.0,1363.7,2.6,0,0,0,1,1,0,1,1,0,0,0,0,0,1,1
PB04039,Fatehgarh Sahib,Rice Milling,1445.11,19,212.1,4364.6,26.1,0,1,0,1,1,1,1,1,1,0,1,1,0,1,1
PB04040,Bathinda,Paper & Pulp,256.96,19,49.1,50.0,16.4,0,0,0,1,1,1,1,0,1,0,0,0,0,1,0
PB04041,Amritsar,Agro-based,656.85,15,74.5,1725.4,19.9,0,0,0,1,1,1,1,1,0,0,0,0,0,1,1
PB04042,Rupnagar,Furniture/Wood,154.58,1,41.0,510.5,0.5,0,0,0,1,1,0,0,1,0,1,0,0,0,1,1
PB04043,Patiala,Cement,35.43,24,6.2,177.9,0.5,0,0,0,1,1,1,1,1,0,0,0,0,0,0,1
PB04044,Rupnagar,Leather Products,1498.28,22,217.3,4753.8,23.6,1,0,0,1,1,1,1,1,1,0,0,0,1,1,1
PB04045,Moga,Textile Dyeing,89.26,5,34.7,243.6,20.3,0,1,0,1,1,0,1,1,1,0,0,1,0,1,1
PB04046,Rupnagar,Food Processing,273.53,11,54.7,302.9,14.9,0,1,0,1,1,1,1,1,0,0,1,1,0,0,1
PB04047,Patiala,Rice Milling,237.28,32,43.0,752.6,19.3,0,0,0,1,1,1,1,1,1,0,1,0,0,1,1
PB04048,Bathinda,Engineering/Metal Fabrication,778.14,37,111.9,3119.3,10.1,0,0,0,1,1,1,1,1,0,0,0,0,0,1,1
PB04049,Mohali,Textile,364.26,71,28.4,1001.8,10.2,0,0,0,1,1,1,1,1,0,0,0,0,0,1,1
PB04050,Mohali (SAS Nagar),Agro-based,508.1,12,65.2,1954.3,10.0,0,0,0,1,1,1,1,1,0,0,0,0,0,1,1
PB04051,Sangrur,IT/Software Services,126.18,13,46.8,869.4,13.5,0,0,1,1,1,0,1,1,0,0,0,0,0,1,1
PB04052,Hoshiarpur,IT/Software Services,249.62,14,55.9,364.9,15.9,0,0,1,1,1,0,1,1,1,0,0,0,0,1,1
PB04053,Patiala,Leather Products,101.51,27,31.5,632.1,41.7,1,0,0,1,1,1,1,1,1,0,0,0,1,1,1
PB04054,Moga,Plastic Products,147.31,10,29.9,483.7,6.0,1,0,0,1,1,1,1,1,1,0,0,0,1,1,1
PB04055,Jalandhar,Food Processing,139.66,11,13.6,650.1,2.4,0,1,0,1,1,1,1,1,0,0,1,1,0,0,1
PB04056,Rupnagar,Textile,322.57,19,50.7,1647.2,0.5,0,0,0,1,1,1,1,1,0,0,0,0,0,1,1
PB04057,Jalandhar,IT/Software Services,1606.74,20,190.3,4233.9,10.8,0,0,1,1,1,0,1,1,0,0,0,0,0,1,1
PB04058,Amritsar,IT/Software Services,504.97,8,99.4,1354.1,0.5,0,0,1,1,1,0,1,1,0,0,0,0,0,1,1
PB04059,Patiala,Furniture/Wood,2160.99,2,321.9,7049.2,11.1,0,0,0,1,1,0,0,1,0,1,0,0,0,1,1
PB04060,Sangrur,Steel Rolling,265.66,2,48.7,913.8,2.5,0,0,0,1,1,0,0,1,0,0,0,0,0,1,1
PB04061,Amritsar,Beverages,382.76,7,10.2,1292.1,14.5,0,1,0,1,1,0,1,1,1,0,1,1,0,0,1
PB04062,Mohali (SAS Nagar),Agro-based,431.97,32,54.8,1771.2,0.5,0,0,0,1,1,1,1,1,0,0,0,0,0,1,1
PB04063,Fatehgarh Sahib,Food Processing,936.4,33,130.9,3122.0,0.5,0,1,0,1,1,1,1,1,0,0,1,1,0,1,1
PB04064,Hoshiarpur,Auto Components,361.48,24,41.6,749.1,2.2,0,0,0,1,1,1,1,1,0,0,0,0,0,1,1
PB04065,Fatehgarh Sahib,Food Processing,43.32,24,2.0,446.4,5.9,0,1,0,1,1,1,1,1,0,0,1,1,0,0,1
PB04066,Ludhiana,Electronics,118.31,9,46.6,50.0,0.5,0,0,0,1,1,0,1,0,0,0,0,0,0,1,0
PB04067,Rupnagar,Auto Components,553.35,33,91.2,2202.6,27.9,0,0,0,1,1,1,1,1,0,0,0,0,0,1,1
PB04068,Hoshiarpur,Agro-based,703.36,8,102.1,2888.3,7.9,0,0,0,1,1,0,1,1,0,0,0,0,0,1,1
PB04069,Rupnagar,Electronics,124.19,25,18.3,410.2,7.9,0,0,0,1,1,0,1,1,0,0,0,0,0,0,1
PB04070,Jalandhar,Auto Components,116.31,12,21.8,50.0,4.5,0,0,0,1,1,1,1,0,0,0,0,0,0,0,0
PB04071,Sangrur,Textile Dyeing,162.32,10,32.5,707.5,24.8,0,1,0,1,1,1,1,1,1,0,0,1,0,1,1
PB04072,Sangrur,Beverages,247.3,25,46.9,50.0,24.6,0,1,0,1,1,0,1,1,1,0,1,1,0,1,1
PB04073,Ludhiana,Plastic Products,459.61,18,75.4,1343.7,0.5,1,0,0,1,1,1,1,1,1,0,0,0,1,1,1
PB04074,Ludhiana,Paper & Pulp,390.03,41,68.0,1014.0,18.2,0,1,0,1,1,1,1,1,1,0,0,1,0,1,1
PB04075,Sangrur,Beverages,992.94,7,126.9,2746.9,30.8,0,1,0,1,1,0,1,1,1,0,1,1,0,1,1
PB04076,Jalandhar,Paper & Pulp,243.68,3,28.5,451.8,14.4,0,0,0,1,1,0,0,1,0,0,0,0,0,1,1
PB04077,Sangrur,Rice Milling,1393.11,18,239.9,5089.8,24.0,0,0,0,1,1,1,1,1,1,1,1,0,0,1,0
PB04078,Moga,Steel Rolling,104.0,8,2.0,50.0,4.4,0,0,0,1,1,0,1,0,0,0,0,0,0,0,0
PB04079,Jalandhar,Agro-based,597.0,12,94.2,1126.4,0.5,0,0,0,1,1,1,1,1,0,0,0,0,0,1,1
PB04080,Sangrur,Chemical,762.98,37,131.1,1722.1,24.1,1,1,0,1,1,1,1,1,1,1,0,1,1,1,1
PB04081,Hoshiarpur,Textile,289.43,60,63.2,50.0,1.2,0,0,0,1,1,1,1,1,0,0,0,0,0,1,0
PB04082,Moga,Beverages,963.7,23,154.8,2037.3,3.0,0,1,0,1,1,1,0,1,1,0,1,1,0,1,1
PB04083,Hoshiarpur,IT/Software Services,360.47,46,41.5,1093.2,0.5,0,0,1,1,1,0,1,1,0,0,0,0,0,1,1
PB04084,Fatehgarh Sahib,Textile Dyeing,477.19,64,31.5,2434.1,24.7,0,1,0,1,1,1,1,1,1,0,0,1,0,1,1
PB04085,Hoshiarpur,Engineering/Metal Fabrication,4349.71,13,639.6,12971.9,13.6,0,0,0,1,1,1,1,1,0,1,0,0,1,1,1
PB04086,Hoshiarpur,Textile,889.11,19,115.4,2317.7,2.3,0,0,0,1,1,1,1,1,0,0,0,0,0,1,1
PB04087,Sangrur,Rice Milling,27.99,4,2.0,50.0,9.7,0,1,0,1,1,0,0,1,1,0,1,1,0,0,0
PB04088,Sangrur,Leather Products,1438.97,14,227.8,4762.9,37.7,1,0,0,1,1,1,1,1,1,0,0,0,1,1,1
PB04089,Mohali,Furniture/Wood,213.28,198,25.8,816.7,0.5,0,0,0,1,1,1,1,1,0,0,0,0,0,1,1
PB04090,Sangrur,Textile,255.72,8,51.6,979.7,0.5,0,0,0,1,1,0,1,1,0,0,0,0,0,1,1
PB04091,Ludhiana,Agro-based,442.27,7,76.5,1451.3,0.5,0,0,0,1,1,0,1,1,0,0,0,0,0,1,1
PB04092,Fatehgarh Sahib,Steel Rolling,336.4,9,28.4,1461.0,8.8,0,0,0,1,1,0,1,1,0,0,0,0,0,1,1
PB04093,Amritsar,Chemical,260.57,64,16.9,288.4,14.2,1,0,0,1,1,1,1,1,1,0,0,0,1,0,1
PB04094,Hoshiarpur,Textile Dyeing,1539.43,14,196.3,3915.3,25.0,0,1,0,1,1,1,1,1,1,0,0,1,0,1,1
PB04095,Fatehgarh Sahib,Paper & Pulp,306.3,8,29.7,648.4,14.5,0,1,0,1,1,0,1,1,1,0,0,1,0,1,1
PB04096,Mohali (SAS Nagar),Auto Components,317.59,30,33.9,1959.6,0.9,0,0,0,1,1,1,1,1,0,0,0,0,0,1,1
PB04097,Rupnagar,Leather Products,153.75,30,18.5,84.0,12.5,1,0,0,1,1,1,1,1,1,0,0,0,1,0,0
PB04098,Mohali,Steel Rolling,314.96,6,30.5,1386.8,1.4,0,0,0,1,1,0,1,1,0,0,0,0,0,1,1
PB04099,Sangrur,Leather Products,118.39,15,10.4,50.0,7.3,1,0,0,1,1,1,1,1,1,0,0,0,1,0,0
PB04100,Patiala,Auto Components,178.43,2,19.8,1072.1,0.5,0,0,0,1,1,0,0,0,0,0,0,0,0,0,1
PB04101,Mohali (SAS Nagar),Chemical,791.98,15,107.0,1826.3,21.8,1,0,0,1,1,1,1,1,1,1,0,0,1,1,1
PB04102,Mohali,Plastic Products,217.57,5,55.5,229.6,4.5,1,0,0,1,1,0,1,1,1,0,0,0,1,1,1
PB04103,Bathinda,Chemical,484.95,26,59.3,1502.1,25.3,1,1,0,1,1,1,1,0,1,0,0,1,1,1,1
PB04104,Fatehgarh Sahib,Furniture/Wood,1934.81,13,306.0,5595.7,19.9,0,0,0,1,1,1,1,1,1,0,0,0,0,1,1
PB04105,Mohali (SAS Nagar),Paper & Pulp,156.33,3,34.4,90.2,20.9,0,1,0,1,1,0,0,1,0,0,0,1,0,1,0
PB04106,Mohali,Electronics,527.52,7,68.4,1692.2,0.5,0,0,0,1,1,0,1,1,0,0,0,0,0,1,1
PB04107,Mohali,Engineering/Metal Fabrication,153.27,24,2.0,1980.8,0.5,0,0,0,1,1,1,1,1,0,0,0,0,0,1,1
PB04108,Rupnagar,Cement,145.24,12,4.7,546.0,3.7,0,0,0,1,1,0,1,1,0,0,0,0,0,0,1
PB04109,Jalandhar,Paper & Pulp,135.81,6,27.5,803.7,7.8,0,1,0,1,1,0,1,1,1,0,0,1,0,1,1
PB04110,Jalandhar,Beverages,825.2,124,110.3,878.2,19.3,0,0,0,1,1,1,1,1,1,0,1,0,0,1,1
PB04111,Jalandhar,Textile,144.17,11,2.0,50.0,0.5,0,0,0,1,1,0,1,1,0,0,0,0,0,0,0
PB04112,Mohali (SAS Nagar),Leather Products,425.99,11,62.9,1644.6,15.3,1,0,0,1,1,1,1,1,1,0,0,0,1,1,1
PB04113,Jalandhar,Food Processing,200.42,25,65.5,662.2,0.5,0,0,0,1,1,1,1,1,0,1,1,0,0,1,1
PB04114,Patiala,IT/Software Services,3453.9,23,482.1,10398.1,14.3,0,0,1,1,0,1,1,1,0,1,0,0,0,1,1
PB04115,Sangrur,Textile Dyeing,1121.32,5,187.3,3555.8,16.8,0,0,0,1,1,0,1,1,1,0,0,0,0,0,1
PB04116,Mohali,Rice Milling,806.69,21,162.1,2600.5,3.4,0,0,0,1,1,1,1,0,1,0,1,0,0,1,1
PB04117,Sangrur,Textile,475.28,5,99.1,1266.0,2.5,0,0,0,1,1,0,1,1,0,0,0,0,0,1,1
PB04118,Ludhiana,Pharmaceutical,527.06,5,82.1,1406.0,18.9,1,0,0,1,1,0,1,1,1,1,0,0,1,1,1
PB04119,Jalandhar,Electronics,385.22,10,95.2,561.4,21.6,0,0,0,1,1,1,1,1,1,0,0,0,0,0,1
PB04120,Jalandhar,Plastic Products,88.97,8,2.0,332.3,8.0,1,0,0,1,1,0,1,1,1,0,0,0,0,0,1
PB04121,Rupnagar,Steel Rolling,70.77,22,21.6,1079.6,0.5,0,0,0,1,1,1,1,1,0,0,0,0,0,0,1
PB04122,Mohali (SAS Nagar),Beverages,351.84,38,68.8,1050.8,12.6,0,1,0,1,1,1,1,1,1,0,1,1,0,1,1
PB04123,Rupnagar,Pharmaceutical,252.42,8,38.9,1708.7,28.2,1,0,0,1,1,0,1,1,1,0,0,0,1,1,1
PB04124,Patiala,Engineering/Metal Fabrication,121.43,5,5.8,582.3,1.0,0,0,0,1,1,0,1,1,0,0,0,0,0,0,1
PB04125,Bathinda,Steel Rolling,281.26,155,12.0,1556.1,7.7,0,0,0,1,1,1,1,1,0,0,0,0,0,0,1
PB04126,Sangrur,Steel Rolling,104.96,4,2.0,50.0,11.4,0,0,0,1,1,0,0,0,0,0,0,0,0,0,0
PB04127,Jalandhar,Chemical,97.54,7,4.9,50.0,18.1,1,1,0,1,1,0,1,1,0,0,0,1,0,0,0
PB04128,Jalandhar,Paper & Pulp,428.2,9,57.2,2018.3,3.6,0,1,0,1,0,0,1,1,1,1,0,1,0,1,1
PB04129,Fatehgarh Sahib,Cement,1489.03,4,245.9,4369.2,5.4,0,0,0,1,1,0,0,1,0,1,0,0,0,1,1
PB04130,Rupnagar,Cement,473.97,7,73.0,1855.5,1.8,0,0,0,1,1,0,1,1,0,0,0,0,0,1,1
PB04131,Amritsar,Agro-based,38.36,42,2.0,317.6,0.5,0,0,0,1,1,1,1,1,0,0,0,0,0,0,1
PB04132,Sangrur,Cement,253.02,4,53.1,596.9,20.7,0,0,0,1,1,0,0,1,1,0,0,0,0,1,1
PB04133,Ludhiana,IT/Software Services,2499.37,8,404.2,7701.1,13.2,0,0,1,1,1,0,1,1,0,1,0,0,0,1,1
PB04134,Moga,Paper & Pulp,77.91,23,20.9,330.3,19.8,0,1,0,1,1,1,1,1,1,1,0,1,0,0,1
PB04135,Patiala,Leather Products,534.72,8,58.0,2649.6,15.7,1,0,0,1,1,0,1,1,1,1,0,0,1,1,1
PB04136,Patiala,Chemical,62.67,36,15.8,50.0,29.6,1,1,0,1,0,1,1,1,1,0,0,1,0,0,0
PB04137,Hoshiarpur,Electronics,122.42,16,2.0,712.4,3.2,0,0,0,1,1,0,1,1,0,0,0,0,0,0,1
PB04138,Ludhiana,Chemical,251.04,41,27.4,937.1,24.7,1,1,0,1,1,1,1,1,1,0,0,1,1,1,1
PB04139,Fatehgarh Sahib,Auto Components,242.06,49,62.4,1339.0,3.7,0,0,0,1,1,1,1,1,0,0,0,0,1,1,1
PB04140,Hoshiarpur,Textile Dyeing,1302.34,71,205.3,3895.8,18.5,0,0,0,1,1,0,1,1,1,0,0,0,0,1,1
PB04141,Sangrur,Food Processing,1470.55,41,238.8,4568.9,0.5,0,1,0,1,1,1,1,1,0,0,1,1,0,1,1
PB04142,Amritsar,Food Processing,695.49,92,101.6,2499.6,10.0,0,0,0,1,1,1,1,1,0,0,1,0,0,1,1
PB04143,Mohali (SAS Nagar),Rice Milling,209.99,7,54.5,824.3,22.9,0,1,0,1,1,0,1,1,0,0,1,1,0,1,1
PB04144,Fatehgarh Sahib,Paper & Pulp,600.53,15,117.9,1348.1,17.0,0,1,0,1,1,1,1,1,1,1,0,1,0,1,1
PB04145,Mohali,Chemical,1666.83,4,214.9,4592.6,4.1,1,1,0,1,1,0,0,1,1,1,0,1,1,1,1
PB04146,Sangrur,Food Processing,1260.85,49,206.6,2778.0,8.5,1,0,0,1,0,0,1,1,1,0,1,0,1,1,1
PB04147,Fatehgarh Sahib,Steel Rolling,724.72,11,124.1,2013.1,0.5,0,0,0,1,1,1,1,1,0,0,0,0,0,1,1
PB04148,Sangrur,Electronics,223.74,6,24.7,1108.8,17.4,0,0,0,1,1,0,1,1,1,0,0,0,0,0,1
PB04149,Moga,Paper & Pulp,452.73,15,56.3,790.7,17.8,0,1,0,1,1,1,1,1,1,0,0,1,0,1,1
PB04150,Ludhiana,Paper & Pulp,186.87,20,38.2,255.3,27.4,1,1,0,1,1,1,1,1,1,0,0,1,1,1,1
PB04151,Moga,Pharmaceutical,1215.53,1,187.9,2724.8,16.7,1,0,0,1,1,0,0,1,1,1,0,0,1,1,1
PB04152,Moga,Rice Milling,489.62,18,72.7,1798.2,18.1,0,0,0,1,1,1,1,1,1,0,1,0,0,1,1
PB04153,Moga,IT/Software Services,2233.05,55,370.8,6958.4,14.0,0,0,1,1,1,0,1,1,0,1,0,0,0,1,1
PB04154,Fatehgarh Sahib,Pharmaceutical,229.45,10,54.8,1621.6,25.6,1,0,0,1,1,1,1,1,1,1,0,0,1,1,1
PB04155,Mohali,Food Processing,196.59,21,13.6,784.7,10.4,0,1,0,1,1,1,1,1,0,0,1,1,0,0,1
PB04156,Mohali,Plastic Products,731.54,69,140.3,1785.2,25.0,1,0,0,1,1,1,1,1,1,0,0,0,1,1,1
PB04157,Fatehgarh Sahib,Pharmaceutical,214.33,14,49.9,1244.3,18.3,1,0,0,1,1,1,1,1,0,0,0,0,1,1,1
PB04158,Jalandhar,Steel Rolling,1351.3,5,198.3,4184.8,10.8,0,0,0,1,1,0,1,1,0,0,0,0,0,1,1
PB04159,Moga,Auto Components,1157.42,13,197.2,3701.5,8.1,0,0,0,1,1,1,1,1,0,0,0,0,0,1,1
PB04160,Hoshiarpur,Textile,1978.77,20,294.9,5970.8,8.1,0,0,0,1,1,0,1,0,0,0,0,0,0,1,1
PB04161,Sangrur,Textile,192.85,6,11.2,606.7,0.5,0,0,0,1,1,0,1,1,0,0,0,0,0,0,1
PB04162,Mohali,Electronics,85.87,6,2.0,791.3,11.3,0,0,0,1,1,0,1,1,0,0,0,0,0,0,1
PB04163,Amritsar,Steel Rolling,330.52,16,41.6,973.4,20.3,0,0,0,1,1,1,1,1,0,0,0,0,0,1,1
PB04164,Moga,Textile Dyeing,1291.56,41,192.4,4019.7,36.3,0,1,0,1,1,1,1,1,1,0,0,1,0,1,1
PB04165,Patiala,Paper & Pulp,206.64,3,10.7,900.5,22.8,0,1,0,1,1,0,0,1,1,0,0,1,0,0,1
PB04166,Fatehgarh Sahib,Rice Milling,120.23,24,2.0,50.0,34.1,0,1,0,1,1,1,1,1,1,0,1,1,0,0,0
PB04167,Bathinda,Auto Components,162.23,15,26.3,50.0,1.3,0,0,0,1,1,1,1,1,0,0,0,0,0,1,0
PB04168,Mohali (SAS Nagar),Cement,2595.61,30,395.2,7853.8,10.7,0,0,0,1,1,1,1,1,0,1,0,0,0,1,1
PB04169,Mohali (SAS Nagar),Beverages,2665.14,25,402.0,7389.0,28.7,0,1,0,1,1,1,1,1,1,1,1,1,0,1,1
PB04170,Fatehgarh Sahib,Engineering/Metal Fabrication,122.32,17,2.0,275.4,15.2,0,0,0,1,1,0,1,1,1,0,0,0,0,0,1
PB04171,Fatehgarh Sahib,IT/Software Services,114.53,31,14.1,139.4,0.5,0,0,1,1,1,0,1,1,0,0,0,0,0,1,0
PB04172,Amritsar,Food Processing,462.42,6,8.0,795.5,19.0,0,0,0,1,1,0,1,1,1,0,1,0,0,0,1
PB04173,Sangrur,Beverages,1154.99,26,164.5,3950.7,23.0,0,1,0,1,1,1,1,1,1,0,1,1,0,1,1
PB04174,Ludhiana,Textile Dyeing,64.93,5,2.0,110.9,21.8,0,1,0,1,1,0,1,1,1,1,0,1,0,0,0
PB04175,Sangrur,Leather Products,328.74,47,37.2,1141.2,27.7,1,0,0,1,1,1,1,1,1,0,0,0,1,1,1
PB04176,Mohali,Leather Products,740.36,16,117.1,2560.7,29.9,1,0,0,1,1,1,1,1,1,0,0,0,1,1,1
PB04177,Jalandhar,Plastic Products,1058.97,31,157.1,3004.8,0.5,1,0,0,1,1,1,1,1,1,0,0,0,1,1,1
PB04178,Hoshiarpur,Furniture/Wood,493.17,15,103.7,1186.1,4.6,0,0,0,1,1,1,1,1,0,0,0,0,0,1,1
PB04179,Mohali (SAS Nagar),Agro-based,552.78,8,69.1,713.4,4.2,0,0,0,1,1,0,1,1,0,0,0,0,0,1,1
PB04180,Sangrur,Beverages,177.39,47,28.6,50.0,9.3,0,1,0,1,1,1,1,1,1,0,1,1,0,1,0
PB04181,Sangrur,Beverages,109.08,26,25.3,166.9,25.3,0,0,0,1,1,1,1,1,1,0,1,0,0,1,1
PB04182,Patiala,Furniture/Wood,318.71,6,37.0,781.8,4.1,0,0,0,1,1,0,1,1,0,0,0,0,0,1,1
PB04183,Mohali (SAS Nagar),IT/Software Services,153.83,5,36.0,50.0,12.2,0,0,1,1,1,0,1,0,0,0,0,0,0,1,0
PB04184,Bathinda,Textile,892.84,26,147.2,2553.7,3.6,0,0,0,1,1,1,1,1,0,0,0,0,0,1,1
PB04185,Jalandhar,Agro-based,76.4,13,42.5,415.5,0.5,0,0,0,1,1,1,1,1,0,0,0,0,0,1,1
PB04186,Hoshiarpur,Agro-based,108.39,97,4.3,1111.7,9.5,0,0,0,1,1,1,1,1,0,0,0,0,0,0,1
PB04187,Mohali (SAS Nagar),Cement,311.28,203,52.0,209.7,6.3,0,0,0,1,1,1,1,1,0,0,0,0,0,1,1
PB04188,Moga,Paper & Pulp,24.58,56,2.0,50.0,19.9,0,1,0,1,1,1,1,0,1,0,0,1,0,0,0
PB04189,Amritsar,Electronics,216.63,5,54.7,594.1,9.0,0,0,0,1,1,0,1,1,0,0,0,0,1,1,1
PB04190,Fatehgarh Sahib,Beverages,285.18,14,58.1,973.7,0.5,0,1,0,1,1,1,1,1,1,0,1,1,0,1,1
PB04191,Hoshiarpur,Rice Milling,1027.91,29,125.8,3783.4,13.1,0,1,0,1,1,1,1,1,1,0,1,1,0,1,1
PB04192,Mohali,Furniture/Wood,598.33,17,75.2,1676.0,0.5,0,0,0,1,1,1,1,1,0,0,0,0,0,1,1
PB04193,Jalandhar,Agro-based,599.57,20,46.7,1738.9,4.3,1,0,0,1,1,1,1,1,1,0,0,0,1,0,1
PB04194,Ludhiana,Cement,735.04,26,106.7,2454.7,3.2,0,0,0,1,1,1,1,1,0,1,0,0,0,1,1
PB04195,Amritsar,Textile Dyeing,1918.28,33,281.1,5596.0,12.9,0,1,0,1,1,0,1,1,1,0,0,1,0,1,1
PB04196,Moga,Beverages,161.64,6,40.1,380.4,37.0,0,1,0,1,1,1,1,1,1,0,1,1,0,1,1
PB04197,Mohali (SAS Nagar),Pharmaceutical,168.16,12,28.6,1060.7,18.8,1,0,0,1,1,1,1,1,1,0,0,0,1,1,1
PB04198,Mohali (SAS Nagar),Textile,1002.44,33,145.5,3475.2,10.3,0,0,0,1,1,1,1,0,0,0,0,0,0,1,1
PB04199,Sangrur,Pharmaceutical,908.95,5,123.0,2922.1,22.2,1,0,0,1,1,0,1,1,1,1,0,0,1,1,1
PB04200,Jalandhar,Rice Milling,127.17,57,25.3,439.4,22.1,0,1,0,1,1,1,1,1,1,0,1,1,1,1,1
PB04201,Fatehgarh Sahib,Beverages,486.5,12,64.3,1708.0,29.2,0,1,0,1,1,1,1,1,1,0,1,1,0,1,1
PB04202,Jalandhar,Furniture/Wood,724.83,35,69.2,2431.3,7.2,0,0,0,1,1,1,1,1,0,0,0,0,0,1,1
PB04203,Bathinda,Textile,459.07,24,75.0,1694.3,0.5,0,0,0,1,1,1,1,0,0,0,0,0,0,1,1
PB04204,Ludhiana,Food Processing,579.42,11,107.1,2151.3,0.5,0,1,0,1,1,1,1,1,0,0,1,1,0,1,1
PB04205,Bathinda,Pharmaceutical,88.82,72,7.7,1158.5,25.0,1,0,0,1,1,1,1,1,1,0,0,0,0,0,1
PB04206,Mohali,Agro-based,221.34,19,25.0,423.2,10.2,0,0,0,1,1,1,1,1,0,1,0,0,0,0,1
PB04207,Amritsar,Textile,483.35,16,67.1,1183.5,16.4,0,0,0,1,0,1,1,1,1,0,0,0,0,1,1
PB04208,Bathinda,Textile,46.23,11,10.7,701.6,2.5,0,0,0,1,1,1,1,1,0,0,0,0,0,0,1
PB04209,Amritsar,Engineering/Metal Fabrication,164.22,133,49.7,50.0,11.3,0,0,0,1,1,1,1,0,0,0,0,0,0,1,0
PB04210,Mohali (SAS Nagar),Pharmaceutical,317.8,13,60.4,1034.2,10.4,1,0,0,1,1,1,1,1,1,0,0,0,1,1,1
PB04211,Moga,Electronics,653.39,4,89.4,2910.7,0.5,0,0,0,1,1,0,0,1,0,0,0,0,0,1,1
PB04212,Mohali,Plastic Products,685.09,55,112.2,2411.8,0.5,1,0,0,1,1,1,1,1,1,0,0,0,1,1,1
PB04213,Bathinda,Furniture/Wood,410.21,33,68.8,1084.8,1.5,0,0,0,1,0,1,1,1,0,0,0,0,0,1,1
PB04214,Sangrur,Beverages,1645.25,34,263.9,5216.3,21.3,0,0,0,1,1,1,1,1,1,0,1,0,0,1,1
PB04215,Bathinda,Textile Dyeing,118.99,10,32.1,501.3,20.5,0,1,0,1,1,1,1,1,0,0,0,1,0,1,1
PB04216,Hoshiarpur,Plastic Products,328.11,2,38.7,1020.7,14.7,1,0,0,1,1,0,0,1,1,0,0,0,1,1,1
PB04217,Hoshiarpur,Plastic Products,267.63,13,66.8,342.8,0.5,1,0,0,1,1,0,1,1,1,0,0,0,1,1,1
PB04218,Ludhiana,Chemical,123.77,8,2.0,605.7,31.3,1,1,0,1,1,0,1,1,1,0,0,1,1,0,1
PB04219,Amritsar,Cement,400.31,13,71.0,1339.1,0.5,0,0,0,1,1,1,1,1,0,0,0,0,0,1,1
PB04220,Jalandhar,Beverages,994.5,18,127.5,3225.2,16.8,1,1,0,1,1,1,1,1,1,0,1,1,1,1,1
PB04221,Patiala,Textile Dyeing,414.04,14,100.4,1347.4,17.7,0,1,0,1,1,1,1,1,1,0,0,1,0,1,1
PB04222,Amritsar,Textile,555.53,94,80.8,1961.4,12.0,0,0,0,1,1,1,1,1,0,0,0,0,0,1,1
PB04223,Ludhiana,Leather Products,2581.39,4,389.0,7925.7,25.6,1,0,0,1,1,0,0,1,1,1,0,0,1,1,1
PB04224,Hoshiarpur,IT/Software Services,196.39,31,32.3,98.4,2.4,0,0,1,1,1,1,1,1,0,1,0,0,0,1,0
PB04225,Moga,Pharmaceutical,243.95,10,39.5,1252.4,7.9,1,0,0,1,1,1,1,0,1,0,0,0,1,1,1
PB04226,Mohali (SAS Nagar),Pharmaceutical,259.55,10,44.6,854.5,37.5,1,0,0,1,1,1,1,1,1,0,0,0,1,1,1
PB04227,Moga,Furniture/Wood,1011.59,55,153.7,3491.6,6.1,0,0,0,1,1,1,1,1,0,0,0,0,0,1,1
PB04228,Hoshiarpur,Furniture/Wood,756.36,15,115.4,1981.0,0.5,0,0,0,1,1,1,1,1,0,0,0,0,0,1,0
PB04229,Hoshiarpur,Textile,1623.17,25,231.3,4478.2,3.9,0,0,0,1,1,1,1,1,0,0,0,0,1,1,1
PB04230,Amritsar,Agro-based,1300.23,66,242.1,4068.7,5.8,0,0,0,1,1,1,1,1,0,0,0,0,0,1,1
PB04231,Jalandhar,IT/Software Services,1050.6,23,145.9,4193.4,0.5,0,0,1,1,1,0,1,1,0,0,0,0,0,1,1
PB04232,Ludhiana,Cement,165.55,13,11.0,638.0,8.1,0,0,0,1,1,1,1,1,0,0,0,0,0,0,1
PB04233,Bathinda,Beverages,1035.89,7,149.1,2366.7,26.3,0,1,0,1,1,0,0,1,1,0,1,1,0,1,1
PB04234,Bathinda,Leather Products,1552.91,32,225.1,5201.4,35.0,1,0,0,1,1,1,1,1,1,0,0,0,1,1,1
PB04235,Amritsar,Plastic Products,218.24,22,59.9,722.6,2.3,1,0,0,1,1,1,1,1,1,0,0,0,1,0,1
PB04236,Sangrur,Textile Dyeing,406.51,9,61.7,1644.5,23.2,0,0,0,1,1,0,1,1,1,0,0,0,0,1,1
PB04237,Bathinda,Paper & Pulp,83.04,3,2.0,658.5,18.2,0,1,0,1,1,0,0,1,1,0,0,1,0,0,1
PB04238,Hoshiarpur,Plastic Products,287.51,17,69.2,335.0,6.7,1,0,0,1,1,1,1,1,1,0,0,0,1,1,1
PB04239,Amritsar,Steel Rolling,465.93,5,46.2,2327.0,3.2,1,0,0,1,1,0,1,1,1,0,0,0,1,1,1
PB04240,Fatehgarh Sahib,Furniture/Wood,352.79,10,34.8,813.7,10.3,0,0,0,1,1,1,1,1,0,0,0,0,0,1,1
PB04241,Hoshiarpur,Rice Milling,481.27,24,41.0,1374.7,26.0,1,0,0,1,1,1,1,1,1,0,1,0,0,1,1
PB04242,Moga,Steel Rolling,6000.0,9,862.5,18309.7,0.5,0,0,0,1,1,0,1,1,0,1,0,0,0,1,1
PB04243,Jalandhar,Auto Components,101.87,6,2.0,749.7,8.0,0,0,0,1,1,0,1,1,0,0,0,0,0,0,1
PB04244,Fatehgarh Sahib,Chemical,140.44,7,43.3,50.0,23.5,1,1,0,1,1,0,1,1,1,0,0,1,1,1,0
PB04245,Rupnagar,Auto Components,462.34,13,68.4,1940.5,7.4,0,0,0,1,1,1,1,1,0,0,0,0,0,1,1
PB04246,Bathinda,Plastic Products,133.49,10,2.0,766.8,16.1,1,0,0,1,1,0,1,1,1,0,0,0,1,0,1
PB04247,Ludhiana,Furniture/Wood,343.9,48,26.1,1090.4,0.5,0,0,0,1,1,1,1,0,0,0,0,0,0,1,1
PB04248,Ludhiana,Engineering/Metal Fabrication,2455.71,16,403.0,7609.9,8.1,0,0,0,1,1,1,1,1,0,1,0,0,0,1,1
PB04249,Moga,Textile,623.74,5,62.0,2345.7,0.5,0,0,0,1,1,0,1,1,1,0,0,0,0,1,1
PB04250,Patiala,IT/Software Services,545.35,4,61.3,2389.3,17.2,0,0,1,1,1,0,0,1,1,0,0,0,0,1,1
PB04251,Sangrur,Agro-based,66.04,29,28.5,50.0,7.3,0,0,0,1,1,1,1,1,0,0,0,0,0,1,0
PB04252,Mohali (SAS Nagar),Engineering/Metal Fabrication,161.53,66,9.3,196.2,0.5,0,0,0,1,1,1,1,1,0,0,0,0,1,0,1
PB04253,Bathinda,Textile Dyeing,4912.85,22,762.1,15339.0,28.7,0,0,0,1,1,1,1,1,1,1,0,0,0,1,1
PB04254,Sangrur,Cement,734.77,33,84.5,2328.5,0.5,0,0,0,1,1,1,1,1,0,1,0,0,0,0,1
PB04255,Patiala,Textile,128.66,5,2.0,50.0,0.6,0,0,0,1,1,0,1,0,0,0,0,0,0,0,0
PB04256,Rupnagar,Chemical,462.65,6,61.6,1380.0,10.0,1,1,0,1,1,0,1,1,1,0,0,1,1,1,1
PB04257,Patiala,Textile,307.84,23,36.8,1325.4,6.7,1,0,0,1,1,1,1,1,1,0,0,0,1,1,1
PB04258,Amritsar,Beverages,123.31,11,16.7,50.0,10.3,0,1,0,1,1,1,1,1,1,0,1,1,0,0,0
PB04259,Ludhiana,Plastic Products,763.34,7,95.8,2839.1,19.1,1,0,0,1,1,0,1,1,1,0,0,0,1,1,1
PB04260,Jalandhar,Agro-based,674.74,172,84.5,2172.1,2.1,0,0,0,1,1,1,1,1,0,0,0,0,0,1,1
PB04261,Bathinda,Textile,962.67,8,151.4,3120.1,0.5,0,0,0,1,1,0,1,1,0,0,0,0,0,1,1
PB04262,Rupnagar,Rice Milling,439.91,16,67.0,733.4,19.5,0,1,0,1,1,1,1,1,1,0,1,1,0,1,1
PB04263,Ludhiana,Textile Dyeing,476.94,9,79.6,1285.8,16.7,0,0,0,1,1,0,0,1,1,0,0,0,0,1,1
PB04264,Jalandhar,Agro-based,630.66,52,71.4,1936.0,0.5,0,0,0,1,1,1,1,1,0,0,0,0,0,1,1
PB04265,Hoshiarpur,Furniture/Wood,328.72,11,23.4,1034.0,18.9,0,0,0,1,1,1,1,1,1,0,0,0,0,0,1
PB04266,Sangrur,Food Processing,973.28,10,169.0,3161.1,1.2,0,1,0,1,1,1,1,1,0,0,1,1,0,1,1
PB04267,Rupnagar,Chemical,724.22,19,118.5,2104.1,10.5,1,0,0,1,1,1,1,1,1,0,0,0,1,1,1
PB04268,Hoshiarpur,Textile Dyeing,42.7,77,2.0,50.0,24.2,0,1,0,1,1,1,1,1,1,0,0,1,0,0,0
PB04269,Patiala,Cement,692.19,12,112.5,1638.7,9.4,0,0,0,1,1,1,1,1,0,1,0,0,0,1,1
PB04270,Mohali (SAS Nagar),Plastic Products,310.17,6,34.0,937.0,0.5,1,0,0,1,1,0,1,1,1,0,0,0,1,1,1
PB04271,Hoshiarpur,Plastic Products,365.3,4,46.9,698.0,15.0,1,0,0,1,1,0,0,0,0,0,0,0,1,1,1
PB04272,Fatehgarh Sahib,Electronics,73.99,22,25.2,1145.4,4.8,0,0,0,1,1,1,1,1,0,0,0,0,0,1,1
PB04273,Amritsar,Leather Products,204.42,30,23.7,395.0,19.3,1,0,0,1,1,1,1,1,1,0,0,0,1,0,1
PB04274,Moga,Chemical,349.03,7,56.3,397.9,13.2,1,1,0,1,1,0,1,1,1,0,0,1,1,1,1
PB04275,Rupnagar,Rice Milling,40.15,14,2.0,323.1,10.9,0,1,0,1,1,0,1,1,1,0,1,1,0,0,1
PB04276,Hoshiarpur,Plastic Products,538.39,19,63.7,1400.0,0.5,1,0,0,1,1,0,1,1,1,0,0,0,1,1,1
PB04277,Mohali,Cement,174.19,9,39.2,990.0,0.9,0,0,0,1,1,0,1,1,0,0,0,0,0,1,1
PB04278,Moga,Furniture/Wood,76.39,2,2.0,529.9,2.1,0,0,0,1,0,0,0,1,0,0,0,0,1,0,1
PB04279,Moga,IT/Software Services,42.37,8,2.0,50.0,8.5,0,0,1,1,1,0,1,0,0,0,0,0,0,0,0
PB04280,Ludhiana,Electronics,321.31,45,56.7,915.5,0.5,0,0,0,1,1,1,1,1,0,0,0,0,0,1,1
PB04281,Amritsar,Beverages,1105.85,13,143.2,4118.5,34.9,0,1,0,1,1,1,1,1,1,0,1,1,0,1,1
PB04282,Patiala,Rice Milling,253.95,34,64.1,1018.3,5.0,0,0,0,1,1,1,1,1,1,0,1,0,0,1,1
PB04283,Bathinda,Engineering/Metal Fabrication,177.06,21,2.0,867.8,10.3,0,0,0,1,1,1,1,1,0,0,0,0,0,0,1
PB04284,Patiala,Rice Milling,116.15,36,59.7,50.0,19.9,0,1,0,1,1,0,1,1,1,1,1,1,0,1,0
PB04285,Rupnagar,Textile,720.37,27,103.3,1814.1,3.8,0,0,0,1,0,1,1,1,0,0,0,0,0,1,1
PB04286,Patiala,Textile Dyeing,420.46,31,100.0,2053.5,24.0,0,0,0,1,1,1,1,1,1,0,0,0,0,1,1
PB04287,Fatehgarh Sahib,Plastic Products,984.69,5,131.3,3692.9,2.3,1,0,0,1,1,0,1,1,1,0,0,0,1,1,1
PB04288,Fatehgarh Sahib,Textile Dyeing,33.0,9,2.6,460.9,15.5,0,0,0,1,1,0,0,1,1,0,0,0,0,0,1
PB04289,Amritsar,Electronics,771.38,15,97.8,2392.8,10.1,0,0,0,1,1,1,1,1,0,0,0,0,0,1,1
PB04290,Ludhiana,Pharmaceutical,647.64,7,119.4,2260.3,47.6,1,0,0,1,1,0,1,1,1,1,0,0,1,1,1
PB04291,Mohali,Beverages,1248.07,14,195.2,4027.5,22.0,0,1,0,1,1,1,1,1,1,0,1,1,0,1,1
PB04292,Amritsar,Furniture/Wood,510.69,12,64.3,2315.5,3.9,0,0,0,1,1,1,1,1,0,1,0,0,0,1,1
PB04293,Ludhiana,Rice Milling,1014.18,45,171.8,2692.3,10.2,0,0,0,1,1,1,1,1,1,0,1,0,0,1,1
PB04294,Sangrur,Textile,833.82,19,140.1,2377.7,17.5,0,0,0,1,1,1,1,1,1,0,0,0,0,1,1
PB04295,Bathinda,Engineering/Metal Fabrication,531.36,87,48.7,2027.0,5.8,0,0,0,1,1,1,1,1,0,0,0,0,0,0,1
PB04296,Hoshiarpur,IT/Software Services,5.26,18,2.0,614.2,12.3,0,0,1,1,1,0,1,1,0,0,0,0,0,0,1
PB04297,Mohali,Steel Rolling,442.75,10,49.4,1682.9,13.7,0,0,0,1,1,1,1,1,0,0,0,0,0,1,1
PB04298,Mohali (SAS Nagar),Food Processing,407.78,3,54.7,2100.4,9.8,0,1,0,1,1,0,0,1,0,0,1,1,0,1,1
PB04299,Sangrur,Auto Components,226.44,5,28.3,1443.2,0.5,0,0,0,1,1,0,1,0,0,0,0,0,0,1,1
PB04300,Jalandhar,Auto Components,212.44,74,51.1,1109.4,14.4,0,0,0,1,1,1,1,1,0,0,0,0,0,1,1
PB04301,Patiala,Textile Dyeing,255.65,26,54.1,1046.0,19.2,0,0,0,1,1,0,1,1,1,0,0,0,0,1,1
PB04302,Moga,Rice Milling,89.22,129,54.4,57.1,12.5,0,0,0,1,1,1,0,1,1,0,1,0,0,1,0
PB04303,Mohali (SAS Nagar),Leather Products,354.87,7,32.8,1046.0,9.3,1,0,0,1,1,0,1,1,1,0,0,0,1,1,1
PB04304,Fatehgarh Sahib,Chemical,283.01,6,17.7,590.1,32.9,1,0,0,1,1,0,1,1,1,0,0,0,1,1,1
PB04305,Mohali,Rice Milling,192.14,28,23.6,1121.1,36.7,0,1,0,1,1,1,1,1,1,0,1,1,0,0,1
PB04306,Jalandhar,Furniture/Wood,157.45,13,22.8,465.5,0.5,0,0,0,1,1,1,1,1,0,1,0,0,0,0,1
PB04307,Hoshiarpur,Textile,498.89,34,104.6,1646.0,9.7,0,0,0,1,1,1,1,1,0,0,0,0,0,1,1
PB04308,Patiala,Engineering/Metal Fabrication,6000.0,1,926.4,17280.1,3.3,0,0,0,1,1,0,0,1,0,1,0,0,0,1,1
PB04309,Mohali,Pharmaceutical,2069.38,44,301.4,7577.7,26.2,1,0,0,1,1,1,1,1,0,1,0,0,1,1,1
PB04310,Jalandhar,Pharmaceutical,3448.61,78,564.7,10722.8,36.2,1,0,0,1,1,1,1,1,1,1,0,0,1,1,1
PB04311,Rupnagar,Textile Dyeing,41.41,2,2.0,50.0,21.3,1,1,0,1,1,0,0,1,1,0,0,1,0,0,0
PB04312,Moga,Auto Components,409.01,30,15.3,744.7,19.4,0,0,0,1,1,1,1,1,1,0,0,0,1,0,1
PB04313,Rupnagar,Electronics,40.88,16,2.0,50.0,13.1,0,0,0,1,1,0,1,1,0,0,0,0,0,0,0
PB04314,Fatehgarh Sahib,Auto Components,861.86,11,97.2,2791.1,0.5,0,0,0,1,1,1,1,1,0,0,0,0,0,1,1
PB04315,Mohali (SAS Nagar),Paper & Pulp,413.21,12,78.2,1376.8,28.0,0,1,0,1,1,1,1,1,1,0,0,1,0,1,1
PB04316,Fatehgarh Sahib,Auto Components,758.9,11,115.4,1832.8,8.4,0,0,0,1,1,1,1,1,0,0,0,0,0,1,1
PB04317,Rupnagar,Paper & Pulp,982.64,9,102.0,2648.2,17.5,0,0,0,1,1,0,1,1,1,1,0,0,0,1,1
PB04318,Rupnagar,Pharmaceutical,350.62,11,80.6,461.0,16.7,1,0,0,1,1,1,1,1,1,0,0,0,1,1,1
PB04319,Sangrur,Beverages,485.92,27,85.2,1167.6,18.7,0,1,0,1,1,1,1,1,1,0,1,1,1,1,1
PB04320,Mohali,Auto Components,905.58,1,114.2,3256.4,10.1,0,0,0,1,1,0,0,1,0,0,0,0,0,1,1
PB04321,Hoshiarpur,Cement,197.48,52,2.5,792.5,7.8,1,0,0,1,0,1,1,1,1,0,0,0,1,0,1
PB04322,Fatehgarh Sahib,Agro-based,3518.41,7,507.1,10370.3,0.5,0,0,0,1,0,0,0,1,0,1,0,0,0,1,1
PB04323,Amritsar,IT/Software Services,1435.29,18,209.1,4779.8,1.1,0,0,1,1,1,0,1,1,0,1,0,0,0,1,0
PB04324,Amritsar,Steel Rolling,86.91,31,34.9,183.3,7.8,0,0,0,1,1,1,1,1,0,0,0,0,0,1,1
PB04325,Moga,Plastic Products,211.1,2,19.3,341.5,16.0,1,0,0,1,1,0,0,1,1,0,0,0,1,0,1
PB04326,Amritsar,Textile Dyeing,702.09,5,107.1,1296.9,29.6,0,0,0,1,1,0,1,1,1,0,0,0,0,1,1
PB04327,Bathinda,Beverages,334.06,27,49.6,1726.6,27.3,0,1,0,1,1,1,1,1,1,0,1,1,0,1,1
PB04328,Fatehgarh Sahib,Cement,157.53,27,37.1,1164.5,11.8,0,0,0,1,1,1,1,1,0,0,0,0,0,1,1
PB04329,Fatehgarh Sahib,Engineering/Metal Fabrication,136.25,158,7.7,50.0,4.3,0,0,0,1,1,1,1,1,0,0,0,0,0,0,0
PB04330,Fatehgarh Sahib,Textile Dyeing,114.54,15,44.8,513.0,16.0,0,0,0,1,1,1,1,1,1,1,0,0,0,1,1
PB04331,Hoshiarpur,Auto Components,60.4,23,19.4,385.5,5.8,0,0,0,1,1,1,1,1,0,0,0,0,0,0,1
PB04332,Sangrur,IT/Software Services,1314.91,31,202.2,4211.4,6.6,0,0,1,1,1,0,1,1,0,0,0,0,0,1,1
PB04333,Rupnagar,Textile,261.11,30,35.8,1149.8,7.7,0,0,0,1,1,1,1,1,0,0,0,0,0,1,1
PB04334,Mohali,Cement,84.81,40,18.4,733.6,2.5,0,0,0,1,1,1,1,1,0,0,0,0,0,0,1
PB04335,Mohali,Electronics,125.03,14,29.6,50.0,0.5,0,0,0,1,1,1,1,0,0,0,0,0,0,1,0
PB04336,Mohali (SAS Nagar),Pharmaceutical,150.06,10,33.8,1535.7,21.4,1,0,0,1,1,1,1,1,1,0,0,0,1,1,1
PB04337,Fatehgarh Sahib,Agro-based,115.23,26,24.6,537.2,1.1,1,0,0,1,1,1,1,1,1,0,0,0,1,0,1
PB04338,Patiala,IT/Software Services,571.82,9,95.3,1672.2,2.9,0,0,1,1,1,0,1,1,0,0,0,0,0,1,1
PB04339,Patiala,Food Processing,334.38,3,54.0,1000.6,0.5,0,1,0,1,1,0,0,1,0,0,1,1,0,1,1
PB04340,Fatehgarh Sahib,Electronics,170.85,23,2.0,163.7,1.5,0,0,0,1,1,1,1,1,0,0,0,0,0,0,1
PB04341,Ludhiana,Plastic Products,1203.68,11,201.0,3983.2,15.2,1,0,0,1,1,1,1,1,1,0,0,0,1,1,1
PB04342,Mohali,Chemical,92.0,30,17.5,113.6,13.7,1,0,0,1,1,1,1,1,1,0,0,0,0,0,0
PB04343,Patiala,Chemical,138.67,5,2.0,1053.9,21.8,1,0,0,1,1,0,1,1,1,0,0,0,1,0,1
PB04344,Ludhiana,Auto Components,374.62,100,50.1,50.0,0.5,0,0,0,1,1,1,1,1,0,0,0,0,0,1,0
PB04345,Mohali (SAS Nagar),Electronics,1448.29,17,215.4,4870.4,3.5,0,0,0,1,1,1,1,1,0,0,0,0,0,1,1
PB04346,Patiala,Chemical,1418.37,8,224.4,4059.8,14.2,1,0,0,1,1,0,1,1,1,1,0,0,1,1,1
PB04347,Mohali (SAS Nagar),Pharmaceutical,1122.06,39,177.2,3240.4,17.9,1,0,0,1,1,1,1,1,1,1,0,0,1,1,1
PB04348,Bathinda,Pharmaceutical,6000.0,16,865.5,17874.1,19.1,1,0,0,1,1,1,1,1,1,1,0,0,1,1,1
PB04349,Mohali,Beverages,63.03,27,18.7,50.0,25.2,0,0,0,1,0,1,1,1,1,0,1,0,0,0,0
PB04350,Fatehgarh Sahib,Rice Milling,816.05,51,94.9,3334.4,26.1,0,1,0,1,1,1,1,1,1,0,1,1,0,1,1
PB04351,Mohali (SAS Nagar),Auto Components,923.86,66,151.3,3610.8,8.5,0,0,0,1,1,1,1,1,0,0,0,0,1,1,1
PB04352,Jalandhar,Textile,318.4,65,30.8,945.6,15.2,0,0,0,1,1,1,1,1,1,0,0,0,0,1,1
PB04353,Fatehgarh Sahib,Textile Dyeing,123.27,27,26.5,1079.0,25.4,1,0,0,1,1,1,1,1,1,0,0,0,1,0,1
PB04354,Mohali (SAS Nagar),Engineering/Metal Fabrication,439.56,13,57.0,1351.9,17.5,0,0,0,1,1,1,1,1,1,0,0,0,0,1,1
PB04355,Amritsar,Steel Rolling,667.04,21,70.4,2066.7,3.1,0,0,0,1,1,1,1,1,0,0,0,0,0,1,1
PB04356,Patiala,Leather Products,273.35,99,93.7,1091.2,30.4,1,0,0,1,1,1,1,1,1,0,0,0,1,1,1
PB04357,Ludhiana,Pharmaceutical,206.96,33,19.3,1869.9,23.1,1,0,0,1,1,1,1,1,1,0,0,0,1,0,1
PB04358,Bathinda,Agro-based,329.91,29,95.8,1207.4,0.5,1,0,0,1,1,1,1,1,1,0,0,0,1,1,1
PB04359,Amritsar,Food Processing,6000.0,19,912.6,16673.9,13.1,0,1,0,1,1,1,1,1,0,1,1,1,0,1,1
PB04360,Amritsar,Leather Products,37.73,7,49.5,50.0,19.5,1,0,0,1,1,0,1,1,1,0,0,0,0,1,0
PB04361,Mohali,Furniture/Wood,400.62,23,105.9,1568.4,0.5,0,0,0,1,1,1,1,1,0,0,0,0,0,1,1
PB04362,Bathinda,Chemical,505.59,69,59.4,2010.6,22.9,1,1,0,1,1,1,1,1,1,1,0,1,1,1,1
PB04363,Rupnagar,Chemical,1402.05,24,231.5,4018.8,12.9,1,0,0,1,1,1,1,1,1,1,0,0,1,1,1
PB04364,Mohali,Cement,1702.65,15,228.0,5799.4,0.5,0,0,0,1,1,1,1,1,0,1,0,0,0,1,1
PB04365,Moga,Cement,1501.3,6,206.5,5630.7,6.1,0,0,0,1,1,0,1,1,0,1,0,0,0,1,1
PB04366,Mohali,IT/Software Services,289.57,8,11.1,987.6,15.1,0,0,1,1,1,0,1,1,1,0,0,0,0,0,1
PB04367,Bathinda,Textile,635.98,15,125.0,1401.5,11.7,0,0,0,1,1,1,1,1,0,0,0,0,0,1,1
PB04368,Moga,Furniture/Wood,229.98,7,30.7,477.4,0.7,0,0,0,1,1,0,0,1,0,0,0,0,0,1,1
PB04369,Patiala,Pharmaceutical,1079.24,5,183.4,2599.8,18.0,1,0,0,1,1,0,1,1,1,1,0,0,1,1,1
PB04370,Bathinda,Rice Milling,557.89,80,74.2,2052.5,15.9,0,1,0,1,1,1,1,1,1,0,1,1,0,1,1
PB04371,Ludhiana,Textile,828.3,14,111.5,2383.7,5.1,0,0,0,1,1,1,1,1,1,0,0,0,0,1,1
PB04372,Rupnagar,Agro-based,399.07,18,86.4,1398.2,5.5,0,0,0,1,1,1,1,1,0,0,0,0,0,1,1
PB04373,Ludhiana,Electronics,513.61,25,69.7,1858.8,3.2,1,0,0,1,1,1,1,1,1,0,0,0,1,1,1
PB04374,Fatehgarh Sahib,Steel Rolling,864.85,68,133.9,3027.5,1.3,0,0,0,1,1,1,1,1,0,0,0,0,0,1,1
PB04375,Jalandhar,Chemical,1908.04,8,304.3,5426.0,11.1,1,1,0,1,1,0,1,0,1,1,0,1,1,1,1
PB04376,Hoshiarpur,Chemical,987.56,28,130.6,3022.8,9.3,1,0,0,1,1,1,1,1,1,1,0,0,1,1,1
PB04377,Mohali (SAS Nagar),Agro-based,405.3,14,77.8,546.3,1.7,0,0,0,1,1,1,1,1,0,0,0,0,0,1,1
PB04378,Mohali,Engineering/Metal Fabrication,404.45,4,38.3,1151.3,0.5,0,0,0,1,0,0,0,1,0,0,0,0,0,1,1
PB04379,Jalandhar,Cement,148.0,47,7.0,118.8,7.4,0,0,0,1,1,1,1,1,0,0,0,0,0,0,0
PB04380,Bathinda,Textile Dyeing,184.0,43,28.6,234.8,20.0,0,1,0,1,1,1,1,1,1,0,0,1,0,1,1
PB04381,Moga,Electronics,1608.81,3,263.5,4905.3,12.8,0,0,0,1,1,0,0,1,0,0,0,0,0,1,1
PB04382,Mohali,Food Processing,374.37,4,40.1,798.1,13.0,0,1,0,1,1,0,0,1,0,0,1,1,0,1,1
PB04383,Mohali (SAS Nagar),Textile,295.96,11,62.8,90.6,10.8,0,0,0,1,1,1,1,0,0,0,0,0,0,1,0
PB04384,Bathinda,Furniture/Wood,2889.85,21,465.3,8967.2,14.1,0,0,0,1,1,1,1,1,0,1,0,0,0,1,1
PB04385,Amritsar,Rice Milling,1310.97,9,185.4,3786.1,17.2,1,1,0,1,1,0,1,1,1,0,1,1,1,1,1
PB04386,Ludhiana,Paper & Pulp,541.71,13,70.1,2110.1,12.5,0,1,0,1,1,0,1,1,1,1,0,1,0,1,1
PB04387,Mohali (SAS Nagar),Textile Dyeing,846.34,12,170.4,2397.7,33.5,0,0,0,1,1,1,1,1,1,0,0,0,0,1,1
PB04388,Patiala,Textile,1059.29,13,148.8,2685.8,12.3,0,0,0,1,1,1,1,1,0,0,0,0,0,1,1
PB04389,Rupnagar,Textile,642.21,8,90.5,1007.4,20.6,0,0,0,1,1,0,1,1,1,0,0,0,0,1,1
PB04390,Fatehgarh Sahib,Beverages,90.57,37,27.7,50.0,12.7,0,0,0,1,1,1,1,1,1,0,1,0,0,1,0
PB04391,Fatehgarh Sahib,Engineering/Metal Fabrication,160.1,26,16.4,706.6,1.3,0,0,0,1,1,1,1,0,0,0,0,0,0,0,1
PB04392,Moga,Cement,1850.2,10,294.4,5272.6,0.5,0,0,0,1,1,1,1,1,0,1,0,0,0,1,1
PB04393,Mohali (SAS Nagar),Furniture/Wood,157.76,15,2.4,961.2,0.7,0,0,0,1,1,0,1,1,0,0,0,0,0,0,1
PB04394,Mohali,Rice Milling,61.38,18,18.2,309.9,16.0,0,1,0,1,1,1,1,1,1,0,1,1,0,0,1
PB04395,Ludhiana,Textile Dyeing,255.91,4,10.0,483.5,7.0,0,1,0,1,1,0,0,1,1,0,0,1,0,0,1
PB04396,Jalandhar,Textile Dyeing,449.63,19,113.3,1066.0,25.0,0,1,0,1,1,1,1,1,1,0,0,1,0,1,1
PB04397,Rupnagar,Rice Milling,1899.56,19,280.9,5006.9,19.7,0,0,0,1,1,1,1,1,1,0,1,0,0,1,1
PB04398,Hoshiarpur,Pharmaceutical,294.36,16,35.9,711.7,15.0,1,0,0,1,1,1,1,1,1,0,0,0,1,1,1
PB04399,Jalandhar,Auto Components,243.55,40,21.3,1252.3,14.6,0,0,0,1,1,1,1,1,0,0,0,0,0,0,1
PB04400,Mohali (SAS Nagar),Rice Milling,172.68,15,31.2,50.0,15.2,0,1,0,1,1,1,1,1,1,0,1,1,0,1,0
PB04401,Bathinda,Chemical,656.39,38,95.0,1831.0,19.8,1,0,0,1,1,1,1,1,1,1,0,0,1,1,1
PB04402,Mohali,Pharmaceutical,143.64,18,21.8,327.4,25.7,1,0,0,1,1,1,1,1,1,0,0,0,1,0,1
PB04403,Fatehgarh Sahib,Cement,382.93,17,33.5,175.8,0.5,0,0,0,1,1,1,1,1,0,0,0,0,0,0,1
PB04404,Rupnagar,IT/Software Services,81.54,9,34.9,1416.7,9.5,0,0,1,1,1,0,1,1,0,0,0,0,1,1,1
PB04405,Mohali,Food Processing,758.7,7,96.1,2481.2,13.8,0,1,0,1,1,0,1,1,0,0,1,1,0,1,1
PB04406,Bathinda,Textile,848.12,6,103.2,2768.1,0.5,0,0,0,1,1,0,1,1,0,0,0,0,0,1,1
PB04407,Amritsar,Electronics,70.34,16,2.0,64.5,14.3,0,0,0,1,1,0,1,1,0,0,0,0,0,0,0
PB04408,Mohali,Furniture/Wood,1252.03,15,194.1,4512.9,9.5,0,0,0,1,1,1,1,1,0,0,0,0,0,1,1
PB04409,Fatehgarh Sahib,Paper & Pulp,22.52,9,14.7,790.2,21.3,0,1,0,1,1,0,1,1,1,0,0,1,0,0,1
PB04410,Mohali (SAS Nagar),Textile,995.91,11,148.9,2601.8,0.5,0,0,0,1,1,1,1,1,0,0,0,0,0,1,1
PB04411,Jalandhar,Food Processing,911.23,37,118.1,2648.3,0.7,0,1,0,1,1,1,1,1,0,0,1,1,0,1,0
PB04412,Ludhiana,Textile Dyeing,4685.43,33,708.1,13667.0,28.3,0,1,0,1,1,1,1,1,1,1,0,1,0,1,1
PB04413,Hoshiarpur,Cement,92.45,6,2.0,62.2,24.9,0,0,0,1,1,0,1,0,1,0,0,0,0,0,0
PB04414,Bathinda,Cement,134.04,34,10.1,1312.0,3.9,0,0,0,1,1,1,1,1,0,0,0,0,0,1,1
PB04415,Amritsar,Engineering/Metal Fabrication,581.52,23,100.2,1629.0,10.3,0,0,0,1,1,1,1,1,0,1,0,0,0,1,1
PB04416,Mohali,Chemical,1181.49,7,179.7,4137.5,29.3,1,0,0,1,1,0,1,1,1,1,0,0,1,1,1
PB04417,Jalandhar,Leather Products,655.09,15,101.4,1759.7,17.6,1,0,0,1,1,1,1,1,1,0,0,0,1,1,0
PB04418,Bathinda,Auto Components,173.13,7,25.4,1050.9,6.7,0,0,0,1,1,0,1,1,0,0,0,0,0,1,1
PB04419,Jalandhar,Food Processing,128.14,22,4.0,787.7,3.6,0,1,0,1,0,1,1,1,0,0,1,1,0,0,1
PB04420,Mohali (SAS Nagar),Leather Products,209.16,63,65.5,1843.0,31.9,1,0,0,1,1,1,1,1,1,0,0,0,1,1,1
PB04421,Mohali,Auto Components,170.96,25,2.0,1105.1,7.1,0,0,0,1,1,1,1,1,0,0,0,0,0,0,1
PB04422,Mohali,Chemical,160.54,18,2.0,50.0,7.1,1,0,0,1,1,0,1,1,1,0,0,0,1,0,0
PB04423,Hoshiarpur,Plastic Products,1191.04,14,184.3,3335.5,1.7,1,0,0,1,1,1,1,1,1,0,0,0,1,1,1
PB04424,Mohali,Electronics,322.12,4,50.8,1466.9,14.5,0,0,0,1,1,0,0,1,0,0,0,0,0,1,1
PB04425,Amritsar,Pharmaceutical,1509.78,14,233.9,4504.7,29.0,1,0,0,1,1,1,1,1,1,1,0,0,1,1,1
PB04426,Ludhiana,Engineering/Metal Fabrication,120.44,17,2.0,50.0,9.2,0,0,0,1,1,0,1,1,0,0,0,0,0,0,0
PB04427,Moga,IT/Software Services,174.55,13,2.0,50.0,15.6,0,0,1,1,1,0,1,0,1,0,0,0,0,0,0
PB04428,Jalandhar,Steel Rolling,921.12,9,135.9,1824.9,2.3,0,0,0,1,1,0,1,1,0,0,0,0,0,1,1
PB04429,Amritsar,Cement,52.27,7,2.0,563.5,20.5,0,0,0,1,1,0,1,1,1,0,0,0,0,0,1
PB04430,Jalandhar,Steel Rolling,122.84,4,44.6,462.3,7.3,0,0,0,1,1,0,0,1,0,0,0,0,0,1,1
PB04431,Jalandhar,Plastic Products,197.76,7,30.3,924.8,1.9,1,0,0,1,1,0,1,1,1,0,0,0,1,1,1
PB04432,Moga,Textile Dyeing,806.29,15,140.4,1760.0,15.6,0,0,0,1,1,1,1,1,1,0,0,0,0,1,1
PB04433,Hoshiarpur,Leather Products,307.31,19,57.7,1001.0,7.4,1,0,0,1,1,1,1,1,1,0,0,0,1,1,1
PB04434,Jalandhar,Steel Rolling,297.46,30,82.7,1038.2,25.3,0,0,0,1,1,1,1,1,1,0,0,0,1,1,1
PB04435,Bathinda,Engineering/Metal Fabrication,3239.7,60,440.5,9812.1,0.5,0,0,0,1,1,1,1,1,0,1,0,0,0,1,1
PB04436,Ludhiana,Cement,326.24,4,58.3,1695.4,0.5,0,0,0,1,1,0,0,1,0,0,0,0,0,1,0
PB04437,Fatehgarh Sahib,Pharmaceutical,735.72,10,86.5,3109.7,19.8,1,0,0,1,1,1,1,1,1,1,0,0,1,1,1
PB04438,Mohali,Auto Components,133.82,10,2.0,178.7,12.4,0,0,0,1,1,0,1,0,0,0,0,0,0,0,1
PB04439,Moga,Electronics,404.73,21,67.7,487.7,17.1,0,0,0,1,1,1,1,1,1,0,0,0,0,1,1
PB04440,Mohali,Textile Dyeing,335.42,19,70.1,1224.0,21.7,0,1,0,1,1,1,1,1,1,0,0,1,0,1,1
PB04441,Bathinda,Paper & Pulp,528.06,5,79.9,1883.1,15.1,0,1,0,1,1,0,1,1,1,1,0,1,0,1,1
PB04442,Jalandhar,Paper & Pulp,944.07,17,148.7,2619.5,12.2,0,1,0,1,1,1,1,0,1,1,0,1,0,1,1
PB04443,Fatehgarh Sahib,Chemical,127.29,39,2.0,50.0,25.5,1,1,0,1,1,1,1,1,1,0,0,1,1,0,0
PB04444,Fatehgarh Sahib,Agro-based,1347.54,39,189.8,4447.5,0.5,0,0,0,1,1,1,1,1,0,0,0,0,0,1,1
PB04445,Mohali,Pharmaceutical,114.32,17,2.0,582.1,36.2,1,0,0,1,1,0,1,1,1,0,0,0,1,0,1
PB04446,Patiala,Textile Dyeing,238.42,31,28.3,644.7,16.5,0,1,0,1,1,1,1,1,1,0,0,1,0,1,1
PB04447,Patiala,Leather Products,476.8,21,90.4,2120.4,10.8,1,0,0,1,1,1,1,1,1,0,0,0,1,1,1
PB04448,Sangrur,Plastic Products,381.14,26,21.8,952.8,10.3,1,0,0,1,1,1,1,1,1,0,0,0,1,0,1
PB04449,Jalandhar,Paper & Pulp,409.9,7,53.0,1180.0,16.3,0,1,0,1,1,0,1,1,1,0,0,1,0,1,1
PB04450,Moga,Electronics,909.35,6,141.7,1719.9,0.5,0,0,0,1,1,0,1,1,0,0,0,0,0,1,1
PB04451,Moga,Electronics,408.88,11,72.7,1650.0,4.7,0,0,0,1,1,1,1,1,0,0,0,0,0,1,1
PB04452,Hoshiarpur,Chemical,234.9,25,43.1,1663.6,18.9,1,1,0,1,1,1,1,1,1,0,0,1,1,1,1
PB04453,Jalandhar,Cement,2759.38,28,429.2,7535.5,4.8,0,0,0,1,1,1,1,1,0,1,0,0,0,1,1
PB04454,Mohali (SAS Nagar),IT/Software Services,989.19,9,164.1,2495.2,6.8,0,0,1,1,1,0,1,1,0,0,0,0,0,1,1
PB04455,Jalandhar,Electronics,1662.36,26,216.1,5392.4,0.8,0,0,0,1,1,1,1,1,0,0,0,0,0,1,1
PB04456,Bathinda,Engineering/Metal Fabrication,738.57,12,122.0,1896.9,10.5,0,0,0,1,1,1,1,1,0,0,0,0,0,1,1
PB04457,Patiala,Rice Milling,399.38,47,77.5,1054.9,33.8,0,1,0,1,1,1,1,1,1,0,1,1,0,0,1
PB04458,Mohali (SAS Nagar),Pharmaceutical,4826.3,83,740.3,15672.3,23.1,1,0,0,1,1,1,1,0,1,1,0,0,1,1,1
PB04459,Mohali (SAS Nagar),Engineering/Metal Fabrication,99.83,22,9.1,50.0,7.0,0,0,0,1,1,1,1,1,0,1,0,0,0,0,0
PB04460,Patiala,Leather Products,1607.18,83,257.3,4458.3,29.8,1,0,0,1,1,0,1,1,1,0,0,0,1,1,1
PB04461,Jalandhar,IT/Software Services,318.53,26,42.7,1544.4,0.5,0,0,1,1,1,0,1,1,0,0,0,0,0,1,1
PB04462,Mohali,Rice Milling,989.06,4,146.6,3566.5,18.4,0,1,0,1,1,0,0,1,1,0,1,1,0,1,1
PB04463,Mohali,Food Processing,358.88,10,44.2,901.2,3.9,0,1,0,1,1,1,1,1,0,0,1,1,0,1,1
PB04464,Fatehgarh Sahib,Electronics,550.56,17,75.1,963.8,10.7,0,0,0,1,1,1,1,1,0,0,0,0,0,1,1
PB04465,Bathinda,Textile,305.63,44,49.1,618.1,0.5,0,0,0,1,1,1,1,1,0,0,0,0,0,1,1
PB04466,Amritsar,Textile,122.38,17,2.0,1111.6,9.4,0,0,0,1,1,0,1,0,0,0,0,0,0,0,1
PB04467,Bathinda,Engineering/Metal Fabrication,355.38,39,78.8,953.1,8.9,0,0,0,1,1,1,1,1,0,0,0,0,0,1,1
PB04468,Mohali (SAS Nagar),Paper & Pulp,516.85,22,60.1,2042.0,28.6,0,1,0,1,1,1,1,1,1,1,0,1,0,1,1
PB04469,Mohali (SAS Nagar),Cement,382.64,13,37.3,1950.7,1.0,0,0,0,1,1,1,1,1,0,0,0,0,0,1,1
PB04470,Hoshiarpur,Food Processing,685.49,6,99.1,2001.7,23.1,0,1,0,1,1,0,1,1,1,0,1,1,0,1,1
PB04471,Fatehgarh Sahib,Pharmaceutical,344.14,20,58.5,1230.5,6.0,1,0,0,1,1,1,1,1,1,0,0,0,1,1,1
PB04472,Hoshiarpur,Electronics,962.67,5,155.5,3150.1,5.1,0,0,0,1,1,0,1,1,0,0,0,0,0,1,1
PB04473,Bathinda,Electronics,228.84,95,39.2,385.8,7.8,0,0,0,1,1,1,1,1,0,0,0,0,0,1,1
PB04474,Patiala,Steel Rolling,64.38,10,8.4,758.0,0.5,0,0,0,1,1,1,1,1,0,0,0,0,1,0,1
PB04475,Bathinda,Textile,2021.03,15,312.7,6004.4,11.5,0,0,0,1,1,1,1,1,0,1,0,0,0,1,1
PB04476,Patiala,Beverages,365.06,3,45.2,793.0,19.3,0,1,0,1,1,0,0,1,1,0,1,1,0,1,1
PB04477,Hoshiarpur,Beverages,223.39,28,21.2,350.2,19.0,0,1,0,1,1,1,1,1,1,0,1,1,0,0,1
PB04478,Hoshiarpur,Auto Components,780.55,20,118.2,2132.1,11.8,0,0,0,1,1,0,1,1,0,0,0,0,0,1,1
PB04479,Hoshiarpur,IT/Software Services,548.61,21,42.1,1235.1,0.5,0,0,1,1,1,0,1,1,0,0,0,0,0,1,1
PB04480,Rupnagar,Furniture/Wood,826.05,26,135.5,2326.2,0.5,0,0,0,1,1,1,1,1,0,0,0,0,0,1,1
PB04481,Mohali,Steel Rolling,455.04,21,54.9,809.4,10.7,0,0,0,1,1,1,1,1,0,0,0,0,0,1,1
PB04482,Mohali,Agro-based,3077.51,22,500.2,9356.5,7.0,0,0,0,1,1,1,1,1,0,1,0,0,0,1,1
PB04483,Fatehgarh Sahib,Chemical,427.3,14,53.1,501.4,34.8,1,1,0,1,1,1,1,1,1,0,0,1,1,1,1
PB04484,Patiala,Rice Milling,238.64,60,21.0,1474.2,27.4,0,1,0,1,1,1,1,0,1,0,1,1,0,0,1
PB04485,Bathinda,Paper & Pulp,1849.84,11,300.1,5119.6,16.4,0,0,0,1,1,1,1,1,1,1,0,0,0,1,1
PB04486,Ludhiana,Plastic Products,637.99,36,73.6,1249.6,9.0,1,0,0,1,1,1,1,1,1,0,0,0,1,1,1
PB04487,Moga,Plastic Products,1058.14,6,115.5,3507.9,0.5,1,0,0,1,1,0,1,1,0,0,0,0,1,1,1
PB04488,Hoshiarpur,Textile,134.75,20,2.0,50.0,5.9,0,0,0,1,1,1,1,1,0,0,0,0,0,0,0
PB04489,Rupnagar,Furniture/Wood,28.47,3,2.0,217.4,9.8,0,0,0,1,1,0,0,0,0,0,0,0,0,0,1
PB04490,Ludhiana,Textile Dyeing,1521.53,37,255.0,5197.7,10.7,1,0,0,1,1,1,1,1,1,0,0,0,1,1,1
PB04491,Hoshiarpur,Furniture/Wood,1061.43,21,174.2,3507.3,20.7,0,0,0,1,1,1,1,1,1,0,0,0,0,1,1
PB04492,Mohali,Food Processing,320.65,11,26.2,1468.1,16.0,0,0,0,1,0,1,1,1,1,0,1,0,0,1,0
PB04493,Hoshiarpur,Beverages,829.83,5,119.9,1988.2,14.7,0,0,0,1,1,0,1,1,1,0,1,0,0,1,1
PB04494,Sangrur,Paper & Pulp,266.31,55,35.4,388.6,9.3,0,1,0,1,1,1,1,1,1,0,0,1,0,1,1
PB04495,Patiala,Electronics,689.49,12,113.4,2957.8,0.5,0,0,0,1,1,1,1,1,0,0,0,0,0,1,1
PB04496,Bathinda,Chemical,53.69,41,4.5,1254.9,18.5,1,0,0,1,1,1,1,1,1,0,0,0,0,0,1
PB04497,Hoshiarpur,Plastic Products,415.96,8,73.4,1013.0,3.5,1,0,0,1,1,0,1,1,1,0,0,0,1,1,1
PB04498,Rupnagar,Agro-based,261.83,5,24.4,1396.9,3.9,0,0,0,1,1,0,1,1,0,0,0,0,0,0,1
PB04499,Bathinda,Auto Components,740.29,12,129.9,1768.9,0.5,0,0,0,1,1,1,1,1,0,0,0,0,0,1,1
PB04500,Hoshiarpur,Agro-based,373.49,53,40.1,1244.7,0.5,0,0,0,1,1,1,1,1,0,0,0,0,0,1,1
PB04501,Sangrur,Engineering/Metal Fabrication,592.62,8,111.8,1560.7,2.3,0,0,0,1,1,0,1,1,0,0,0,0,0,1,1
PB04502,Hoshiarpur,Rice Milling,612.18,99,75.4,1186.9,14.7,0,0,0,1,1,1,1,1,1,0,1,0,0,1,1
PB04503,Bathinda,Pharmaceutical,134.14,62,2.0,118.8,20.2,1,0,0,1,1,1,1,1,1,0,0,0,1,0,0
PB04504,Patiala,Textile,250.59,40,8.3,975.9,2.9,0,0,0,1,1,1,1,1,0,0,0,0,0,0,0
PB04505,Amritsar,Steel Rolling,408.37,94,47.7,1636.7,2.1,0,0,0,1,1,1,1,1,0,0,0,0,0,1,1
PB04506,Bathinda,Agro-based,843.45,135,155.6,1862.2,0.5,0,0,0,1,1,1,1,1,0,0,0,0,0,1,1
PB04507,Amritsar,Textile,510.65,6,73.8,1777.5,0.9,0,0,0,1,1,0,0,1,1,0,0,0,0,1,1
PB04508,Ludhiana,Chemical,3378.25,10,550.8,9954.8,4.8,1,1,0,1,1,1,1,1,1,1,0,1,1,1,1
PB04509,Jalandhar,IT/Software Services,1013.08,8,171.4,2697.5,1.7,0,0,1,1,1,0,1,1,0,0,0,0,0,1,1
PB04510,Ludhiana,Engineering/Metal Fabrication,369.78,4,49.8,1835.8,17.7,0,0,0,1,1,0,0,1,1,0,0,0,0,1,1
PB04511,Bathinda,Chemical,320.7,29,68.7,1568.9,22.1,1,1,0,1,1,1,1,0,1,0,0,1,1,1,1
PB04512,Rupnagar,Food Processing,393.08,10,49.3,1126.6,1.8,0,1,0,1,1,1,1,1,0,0,1,1,0,1,1
PB04513,Ludhiana,Beverages,326.19,9,7.8,1182.1,10.1,1,1,0,1,1,1,1,1,1,0,1,1,1,0,1
PB04514,Moga,Rice Milling,560.22,6,91.8,1759.8,3.2,0,1,0,1,1,0,1,1,1,0,1,1,0,1,1
PB04515,Fatehgarh Sahib,Engineering/Metal Fabrication,120.7,35,32.5,50.0,1.9,0,0,0,1,1,1,1,1,0,0,0,0,0,1,0
PB04516,Mohali (SAS Nagar),Furniture/Wood,839.77,18,82.9,3318.3,0.5,0,0,0,1,1,1,0,0,0,0,0,0,0,1,1
PB04517,Hoshiarpur,IT/Software Services,245.38,21,36.9,736.0,16.4,0,0,1,1,1,0,1,1,1,0,0,0,0,1,1
PB04518,Fatehgarh Sahib,Leather Products,1244.97,8,207.1,4017.9,12.6,1,0,0,1,1,0,1,0,1,0,0,0,1,1,1
PB04519,Bathinda,Agro-based,117.07,11,2.0,291.3,9.2,0,0,0,1,1,0,1,0,0,0,0,0,0,0,1
PB04520,Patiala,Chemical,712.17,13,120.9,2929.5,14.6,1,1,0,1,1,1,1,1,1,1,0,1,1,1,1
PB04521,Fatehgarh Sahib,Food Processing,1186.9,39,191.0,3855.3,5.0,0,1,0,1,1,1,1,1,0,0,1,1,0,1,1
PB04522,Jalandhar,Furniture/Wood,548.47,30,101.7,2001.3,1.9,0,0,0,1,1,1,1,1,0,0,0,0,0,1,1
PB04523,Patiala,Rice Milling,258.08,8,50.6,240.9,25.6,0,1,0,1,1,0,1,1,1,0,1,1,0,1,1
PB04524,Amritsar,Furniture/Wood,788.79,29,101.5,2636.0,0.5,0,0,0,1,1,1,1,1,0,0,0,0,0,1,0
PB04525,Ludhiana,IT/Software Services,30.32,120,25.7,187.9,11.8,0,0,1,1,1,0,1,1,0,1,0,0,0,1,1
PB04526,Moga,Auto Components,112.98,10,2.0,529.5,5.1,0,0,0,1,1,0,1,1,0,0,0,0,0,0,1
PB04527,Ludhiana,Steel Rolling,348.89,39,59.7,1636.6,3.4,0,0,0,1,1,1,1,1,0,0,0,0,0,1,1
PB04528,Mohali,Beverages,378.14,2,56.2,425.7,7.3,0,1,0,1,1,0,0,1,1,0,1,1,0,1,1
PB04529,Rupnagar,Beverages,294.66,9,58.7,1352.2,19.2,0,1,0,1,1,0,1,1,1,0,1,1,0,1,1
PB04530,Bathinda,Engineering/Metal Fabrication,597.51,219,83.0,1006.1,5.1,0,0,0,1,1,1,1,1,0,0,0,0,0,1,1
PB04531,Fatehgarh Sahib,IT/Software Services,190.03,22,51.6,455.8,4.9,0,0,1,1,1,0,1,1,0,0,0,0,0,0,1
PB04532,Rupnagar,Food Processing,306.9,17,27.8,574.6,0.5,0,1,0,1,1,1,1,1,0,0,1,1,0,1,1
PB04533,Fatehgarh Sahib,IT/Software Services,208.37,11,6.7,976.2,0.5,0,0,1,1,1,0,1,1,0,0,0,0,0,0,1
PB04534,Bathinda,Paper & Pulp,296.63,4,38.2,1219.6,32.3,0,1,0,1,1,0,0,1,1,0,0,1,0,1,1
PB04535,Ludhiana,Auto Components,318.33,4,56.8,657.5,1.6,0,0,0,1,1,0,0,1,0,0,0,0,0,1,1
PB04536,Mohali (SAS Nagar),Leather Products,586.94,34,76.1,1549.7,25.8,1,0,0,1,1,1,1,1,1,0,0,0,1,1,1
PB04537,Rupnagar,Steel Rolling,4072.57,26,569.3,12559.8,13.9,0,0,0,1,1,1,1,1,0,1,0,0,0,1,1
PB04538,Jalandhar,Beverages,1396.28,14,220.6,4104.6,23.5,0,0,0,1,1,1,1,1,1,0,1,0,0,1,1
PB04539,Amritsar,Paper & Pulp,416.3,5,31.2,803.1,16.9,0,0,0,1,1,0,1,1,1,0,0,0,0,1,1
PB04540,Mohali (SAS Nagar),Pharmaceutical,163.72,52,53.1,102.9,11.3,1,0,0,1,1,1,1,1,1,0,0,0,1,1,0
PB04541,Patiala,Chemical,123.97,17,12.8,779.3,16.2,1,0,0,1,1,1,1,1,1,0,0,0,1,0,1
PB04542,Amritsar,Chemical,903.67,7,118.9,2343.8,22.4,1,1,0,1,0,0,1,1,1,1,0,1,1,1,1
PB04543,Jalandhar,Engineering/Metal Fabrication,455.76,6,67.4,1550.5,5.9,0,0,0,1,1,0,1,1,0,0,0,0,0,1,1
PB04544,Ludhiana,Textile,53.86,3,55.2,50.0,3.7,0,0,0,1,1,0,0,0,0,0,0,0,0,1,0
PB04545,Rupnagar,Electronics,344.57,41,54.2,1533.4,4.2,0,0,0,1,1,1,1,1,0,0,0,0,0,1,1
PB04546,Rupnagar,Agro-based,60.25,6,19.7,717.1,0.5,0,0,0,1,1,0,0,1,0,0,0,0,0,0,1
PB04547,Mohali (SAS Nagar),Electronics,143.8,1,30.2,597.6,1.6,0,0,0,1,1,0,0,1,0,0,0,0,0,1,1
PB04548,Bathinda,Steel Rolling,405.48,7,58.6,1088.0,3.8,0,0,0,1,1,0,1,1,0,0,0,0,0,1,1
PB04549,Mohali (SAS Nagar),Engineering/Metal Fabrication,520.13,38,112.6,2060.4,17.8,0,0,0,1,1,1,1,1,1,0,0,0,0,1,0
PB04550,Fatehgarh Sahib,Electronics,2044.73,1,300.9,6111.1,9.5,0,0,0,1,1,0,0,1,0,1,0,0,0,1,1
PB04551,Amritsar,Furniture/Wood,1170.72,50,197.1,3511.4,3.5,0,0,0,1,1,1,1,1,0,0,0,0,0,1,1
PB04552,Mohali (SAS Nagar),Textile Dyeing,784.79,16,116.7,2830.3,19.0,0,0,0,1,1,1,1,1,1,0,0,0,0,1,1
PB04553,Amritsar,Steel Rolling,417.23,3,51.3,1908.4,0.5,0,0,0,1,1,0,0,1,0,0,0,0,0,1,1
PB04554,Mohali,Furniture/Wood,2377.5,12,352.4,6890.1,16.8,0,0,0,1,1,1,1,1,1,1,0,0,0,1,1
PB04555,Rupnagar,Agro-based,504.46,20,93.2,1230.1,6.3,0,0,0,1,1,1,1,1,0,0,0,0,0,1,1
PB04556,Mohali,IT/Software Services,288.54,8,65.3,708.2,0.5,0,0,1,1,1,0,1,1,0,0,0,0,0,1,1
PB04557,Rupnagar,Agro-based,1083.81,13,151.6,2698.5,15.2,0,0,0,1,1,0,1,1,1,0,0,0,0,1,1
PB04558,Ludhiana,Chemical,1068.04,15,170.1,3931.7,18.8,1,0,0,1,1,1,1,1,1,1,0,0,1,1,1
PB04559,Mohali,Beverages,28.52,16,22.6,159.2,20.0,0,1,0,1,1,1,1,1,1,0,1,1,0,0,1
PB04560,Amritsar,Auto Components,543.75,4,85.4,846.9,11.2,0,0,0,1,1,0,0,1,0,0,0,0,0,1,1
PB04561,Patiala,Beverages,164.96,7,14.8,451.4,12.1,0,0,0,1,1,0,1,1,1,0,1,0,0,0,1
PB04562,Mohali,Paper & Pulp,272.05,8,32.9,1351.0,31.0,0,1,0,1,1,0,1,1,0,0,0,1,0,1,1
PB04563,Rupnagar,Rice Milling,251.59,10,65.6,418.8,17.7,0,0,0,1,1,1,1,1,1,0,1,0,0,1,1
PB04564,Mohali,Pharmaceutical,50.24,25,13.1,1072.9,22.0,1,0,0,1,1,1,1,1,1,0,0,0,0,1,1
PB04565,Mohali (SAS Nagar),Paper & Pulp,284.96,24,2.0,681.0,20.5,0,0,0,1,1,1,1,1,1,0,0,0,0,0,1
PB04566,Sangrur,Leather Products,957.19,8,148.8,2234.1,16.5,1,0,0,1,1,0,1,1,1,0,0,0,0,1,1
PB04567,Moga,Textile Dyeing,358.23,15,46.1,1329.5,2.9,0,0,0,1,1,1,1,1,1,0,0,0,0,1,1
PB04568,Mohali,Cement,417.93,38,11.9,880.0,4.5,0,0,0,1,1,1,1,1,0,0,0,0,0,0,1
PB04569,Ludhiana,Rice Milling,537.93,10,84.4,1852.2,31.4,0,1,0,1,1,1,1,1,1,0,1,1,0,1,1
PB04570,Mohali,Textile Dyeing,743.17,20,136.3,1830.6,1.2,0,1,0,1,1,1,1,1,1,0,0,1,0,1,1
PB04571,Patiala,Furniture/Wood,620.85,25,82.8,2343.5,0.5,0,0,0,1,1,1,1,1,0,0,0,0,0,1,1
PB04572,Bathinda,Textile Dyeing,234.16,37,70.0,417.7,15.7,0,1,0,1,0,1,1,0,1,0,0,1,0,1,1
PB04573,Rupnagar,Electronics,1257.88,24,199.9,3231.5,0.5,0,0,0,1,1,1,1,1,0,0,0,0,0,1,1
PB04574,Mohali (SAS Nagar),Furniture/Wood,490.89,5,73.2,1667.3,0.5,0,0,0,1,1,0,1,1,0,0,0,0,1,1,1
PB04575,Fatehgarh Sahib,Engineering/Metal Fabrication,518.18,22,103.0,1115.5,12.2,0,0,0,1,1,1,1,1,0,0,0,0,0,1,1
PB04576,Mohali,Plastic Products,434.06,17,75.7,553.4,10.9,1,0,0,1,1,1,1,1,1,0,0,0,1,1,1
PB04577,Fatehgarh Sahib,Steel Rolling,229.63,54,46.0,352.6,0.5,0,0,0,1,1,1,1,1,0,0,0,0,0,1,1
PB04578,Ludhiana,Cement,794.21,17,129.9,2376.4,0.5,0,0,0,1,1,1,1,1,0,1,0,0,0,1,1
PB04579,Sangrur,Auto Components,787.49,5,138.1,2110.0,13.9,0,0,0,1,0,0,1,1,0,0,0,0,0,1,1
PB04580,Rupnagar,Plastic Products,626.65,3,85.8,1887.0,0.5,1,0,0,1,1,0,0,1,1,0,0,0,1,1,1
PB04581,Patiala,Engineering/Metal Fabrication,249.26,9,39.9,1728.0,0.5,0,0,0,1,1,0,1,1,0,0,0,0,0,1,1
PB04582,Sangrur,Chemical,423.18,17,76.8,1367.5,16.1,1,0,0,1,1,1,1,1,1,0,0,0,1,1,1
PB04583,Moga,Plastic Products,573.96,14,61.8,1570.9,0.5,1,0,0,1,0,1,1,1,1,0,0,0,1,1,1
PB04584,Bathinda,Paper & Pulp,2802.44,34,405.7,8272.7,17.0,0,0,0,1,1,1,1,1,1,1,0,0,0,1,1
PB04585,Moga,Steel Rolling,313.54,16,54.3,1579.4,0.5,0,0,0,1,1,1,1,1,0,0,0,0,0,1,1
PB04586,Amritsar,Paper & Pulp,480.9,51,101.1,1225.3,33.5,0,1,0,1,1,1,1,1,1,0,0,1,0,1,1
PB04587,Mohali (SAS Nagar),Electronics,6000.0,15,900.6,18385.7,0.5,0,0,0,1,1,1,1,1,0,1,0,0,1,1,1
PB04588,Moga,Textile,137.51,35,34.6,562.2,8.3,0,0,0,1,1,1,1,1,0,0,0,0,0,1,1
PB04589,Sangrur,Beverages,259.2,10,25.0,1845.6,11.7,0,1,0,1,1,1,1,1,1,0,1,1,0,0,1
PB04590,Hoshiarpur,Electronics,629.85,36,84.1,1026.6,4.3,0,0,0,1,1,1,1,1,0,0,0,0,0,1,1
PB04591,Mohali (SAS Nagar),Agro-based,693.22,9,145.2,1985.7,7.2,0,0,0,1,1,0,1,1,0,0,0,0,0,1,1
PB04592,Ludhiana,Paper & Pulp,140.55,13,16.7,1118.5,15.5,0,1,0,1,1,1,1,1,1,0,0,1,0,0,1
PB04593,Bathinda,Cement,1491.65,10,208.6,4787.9,0.5,0,0,0,1,1,1,1,1,0,1,0,0,0,1,1
PB04594,Fatehgarh Sahib,Rice Milling,734.53,4,94.2,1731.8,10.5,0,0,0,1,1,0,0,1,1,0,1,0,0,1,1
PB04595,Sangrur,Paper & Pulp,461.42,3,101.2,1925.6,16.5,0,1,0,1,1,0,0,1,1,0,0,1,0,1,1
PB04596,Amritsar,Leather Products,137.08,9,9.5,50.0,28.3,1,0,0,1,1,0,1,1,1,0,0,0,1,0,0
PB04597,Moga,Textile,1118.94,6,185.3,3239.2,13.8,0,0,0,1,1,0,1,1,0,0,0,0,0,1,1
PB04598,Mohali,Leather Products,106.61,4,6.5,103.7,23.2,1,0,0,1,1,0,0,1,1,0,0,0,1,0,0
PB04599,Amritsar,Cement,1494.48,40,230.6,4599.5,10.4,0,0,0,1,1,1,1,1,0,0,0,0,0,1,1
PB04600,Moga,IT/Software Services,77.67,52,49.0,123.0,2.6,1,0,1,1,1,0,1,1,1,0,0,0,0,1,0
PB04601,Hoshiarpur,Furniture/Wood,279.72,7,22.1,376.5,0.5,0,0,0,1,1,0,1,1,0,0,0,0,0,0,1
PB04602,Fatehgarh Sahib,Steel Rolling,3816.2,12,579.4,11648.6,3.5,0,0,0,1,1,1,1,1,0,1,0,0,0,1,1
PB04603,Mohali (SAS Nagar),Plastic Products,191.14,19,5.7,769.6,23.6,1,0,0,1,1,1,1,1,1,0,0,0,1,0,1
PB04604,Amritsar,Paper & Pulp,558.78,14,98.8,1918.0,17.0,0,1,0,1,1,1,1,1,1,1,0,1,0,1,1
PB04605,Moga,Beverages,137.96,4,51.3,897.1,17.9,0,1,0,1,1,0,0,1,1,0,1,1,0,1,1
PB04606,Rupnagar,Textile Dyeing,191.98,85,2.0,808.5,30.2,0,1,0,1,1,1,1,1,1,0,0,1,0,0,1
PB04607,Moga,Beverages,110.39,21,2.0,979.0,26.5,0,1,0,1,1,1,1,1,1,0,1,1,0,0,1
PB04608,Sangrur,Plastic Products,208.22,1,25.2,448.8,11.7,1,0,0,1,1,0,0,1,1,0,0,0,1,1,1
PB04609,Moga,Food Processing,2655.75,13,390.1,8413.3,4.6,0,1,0,1,1,1,1,1,0,1,1,1,0,1,1
PB04610,Jalandhar,Cement,888.24,28,182.0,2200.6,7.1,0,0,0,1,1,1,1,1,0,1,0,0,0,1,1
PB04611,Sangrur,Pharmaceutical,426.87,11,53.3,1399.6,23.3,1,0,0,1,1,1,1,1,1,0,0,0,1,0,1
PB04612,Bathinda,Textile,225.09,5,27.0,480.4,0.5,0,0,0,1,1,0,0,1,0,0,0,0,0,1,1
PB04613,Rupnagar,Pharmaceutical,311.96,111,56.7,853.4,14.9,1,0,0,1,1,1,1,1,1,0,0,0,1,1,0
PB04614,Ludhiana,Chemical,83.51,3,30.2,50.0,3.1,1,1,0,1,1,0,0,1,1,0,0,1,0,1,0
PB04615,Jalandhar,Rice Milling,807.14,5,123.0,2536.7,16.4,0,1,0,1,1,0,1,1,1,0,1,1,0,1,1
PB04616,Sangrur,IT/Software Services,219.89,19,33.2,238.9,0.5,0,0,1,1,1,0,1,1,0,0,0,0,0,1,1
PB04617,Sangrur,Leather Products,117.74,2,26.0,323.2,13.7,1,0,0,1,1,0,0,1,1,1,0,0,1,1,1
PB04618,Patiala,Steel Rolling,311.38,28,76.3,1433.5,11.0,0,0,0,1,1,1,1,1,0,0,0,0,0,1,1
PB04619,Patiala,Rice Milling,3637.57,8,505.6,11366.2,16.6,0,1,0,1,1,0,1,1,1,1,1,1,0,1,1
PB04620,Rupnagar,Engineering/Metal Fabrication,1793.97,39,260.3,5520.0,3.9,0,0,0,1,1,1,1,1,0,0,0,0,0,1,1
PB04621,Bathinda,Electronics,1698.28,20,254.1,4652.4,2.0,0,0,0,1,1,1,1,1,0,0,0,0,0,1,1
PB04622,Patiala,Cement,376.4,6,84.6,937.5,14.3,0,0,0,1,1,0,1,1,0,0,0,0,0,1,1
PB04623,Mohali (SAS Nagar),Furniture/Wood,91.07,11,46.1,764.2,11.5,0,0,0,1,1,1,1,1,0,0,0,0,0,1,1
PB04624,Patiala,Leather Products,403.81,15,60.2,1340.5,20.2,1,0,0,1,1,1,1,1,1,0,0,0,1,1,0
PB04625,Sangrur,Cement,147.01,15,23.2,61.2,1.6,0,0,0,1,1,1,1,1,0,0,0,0,0,0,0
PB04626,Hoshiarpur,Pharmaceutical,732.01,9,114.9,2058.2,13.3,1,0,0,1,1,0,1,1,0,1,0,0,1,1,1
PB04627,Jalandhar,Food Processing,106.38,37,24.3,50.0,10.1,0,1,0,1,1,1,1,1,0,0,1,1,1,0,0
PB04628,Amritsar,Steel Rolling,393.52,14,94.0,1536.9,4.8,0,0,0,1,1,1,1,1,0,0,0,0,0,1,1
PB04629,Mohali (SAS Nagar),Paper & Pulp,863.93,2,179.9,1984.8,22.2,0,1,0,1,1,0,0,1,1,1,0,1,0,1,1
PB04630,Amritsar,Steel Rolling,148.15,29,9.4,616.4,2.3,0,0,0,1,1,1,1,1,0,0,0,0,0,0,1
PB04631,Patiala,Textile,655.86,9,78.6,1831.2,13.7,1,0,0,1,1,0,1,1,1,0,0,0,1,1,1
PB04632,Sangrur,Textile Dyeing,1006.6,19,148.4,2657.8,16.6,0,0,0,1,1,1,1,1,1,0,0,0,0,1,1
PB04633,Mohali,Engineering/Metal Fabrication,340.58,14,49.9,794.9,0.5,0,0,0,1,1,1,1,1,0,0,0,0,0,1,1
PB04634,Amritsar,Steel Rolling,188.87,41,33.4,604.3,12.1,0,0,0,1,1,1,1,1,0,0,0,0,0,1,1
PB04635,Jalandhar,Cement,218.34,11,58.4,1505.9,5.4,0,0,0,1,1,0,1,1,0,0,0,0,0,1,1
PB04636,Rupnagar,Plastic Products,1570.64,11,237.0,4831.6,10.5,1,0,0,1,1,1,1,1,1,0,0,0,1,1,1
PB04637,Patiala,Plastic Products,81.03,2,38.3,883.2,12.9,1,0,0,1,1,0,0,1,1,0,0,0,0,1,1
PB04638,Mohali,Paper & Pulp,475.32,3,67.5,1979.2,4.2,0,1,0,1,1,0,0,1,1,0,0,1,0,1,1
PB04639,Mohali (SAS Nagar),Engineering/Metal Fabrication,228.47,62,14.8,50.0,7.0,0,0,0,1,1,1,1,1,0,0,0,0,0,0,0
PB04640,Fatehgarh Sahib,Textile,181.78,4,46.8,1187.9,12.5,0,0,0,1,1,0,0,1,0,0,0,0,0,1,1
PB04641,Sangrur,Auto Components,180.75,19,46.6,541.3,13.9,0,0,0,1,1,1,1,1,0,1,0,0,0,1,1
PB04642,Ludhiana,Rice Milling,295.81,92,46.0,910.7,40.1,0,1,0,1,1,1,1,1,1,0,1,1,0,1,1
PB04643,Jalandhar,Cement,77.9,26,22.7,50.0,5.7,0,0,0,1,1,1,1,1,1,0,0,0,0,0,0
PB04644,Mohali (SAS Nagar),Leather Products,91.98,7,11.0,50.0,26.7,1,0,0,1,1,0,1,1,1,0,0,0,0,0,0
PB04645,Mohali,Textile Dyeing,358.19,6,46.4,267.6,15.8,0,1,0,1,1,0,1,1,1,1,0,1,0,1,1
PB04646,Mohali,Auto Components,198.07,7,83.2,1469.6,2.4,0,0,0,1,1,0,1,1,0,0,0,0,1,1,1
PB04647,Moga,Auto Components,173.59,14,19.6,607.5,11.1,0,0,0,1,1,1,0,1,0,0,0,0,0,0,1
PB04648,Jalandhar,Auto Components,491.08,46,47.5,746.7,13.8,0,0,0,1,1,1,1,1,0,0,0,0,0,1,1
PB04649,Ludhiana,Leather Products,2525.06,11,378.2,8443.2,14.5,1,0,0,1,1,1,1,1,1,1,0,0,1,1,1
PB04650,Mohali,IT/Software Services,496.47,16,55.0,1666.3,1.8,0,0,1,1,1,0,1,1,0,0,0,0,0,0,1
PB04651,Patiala,Beverages,73.99,30,2.0,50.0,22.0,0,0,0,1,1,1,1,1,1,0,1,0,0,0,0
PB04652,Hoshiarpur,IT/Software Services,504.08,68,76.7,1669.6,7.0,0,0,1,1,1,0,1,1,0,0,0,0,0,1,1
PB04653,Bathinda,Pharmaceutical,889.64,11,130.4,2301.1,0.5,1,0,0,1,1,1,1,1,1,1,0,0,1,1,1
PB04654,Ludhiana,Textile,198.65,8,31.9,702.2,9.2,0,0,0,1,1,1,1,1,0,0,0,0,0,1,1
PB04655,Amritsar,Rice Milling,425.65,8,45.3,946.9,37.2,0,1,0,1,1,1,1,1,1,1,1,1,0,1,1
PB04656,Hoshiarpur,IT/Software Services,329.94,8,69.1,633.3,3.5,0,0,1,1,1,0,1,1,0,0,0,0,0,1,1
PB04657,Rupnagar,Chemical,249.53,4,64.8,572.1,17.3,1,1,0,1,1,0,0,0,1,0,0,1,1,1,1
PB04658,Sangrur,Steel Rolling,841.75,2,125.4,2857.7,10.5,0,0,0,1,1,0,0,1,0,0,0,0,0,1,1
PB04659,Fatehgarh Sahib,Textile,481.63,40,64.1,1095.4,1.5,0,0,0,1,1,1,1,1,0,0,0,0,0,1,1
PB04660,Patiala,Cement,283.16,26,70.4,313.7,8.2,0,0,0,1,1,1,1,1,0,0,0,0,1,1,1
PB04661,Rupnagar,Cement,759.51,49,111.7,2662.7,22.1,0,0,0,1,1,1,1,1,1,1,0,0,0,1,1
PB04662,Jalandhar,Textile Dyeing,1031.09,7,204.4,2606.2,17.5,0,1,0,1,1,0,1,1,1,0,0,1,0,1,1
PB04663,Rupnagar,Paper & Pulp,261.67,1,73.4,1221.2,23.0,0,0,0,1,1,0,0,1,1,0,0,0,0,1,1
PB04664,Fatehgarh Sahib,Food Processing,218.34,15,72.2,1221.7,0.5,0,1,0,1,1,1,1,1,0,0,1,1,0,1,1
PB04665,Jalandhar,Plastic Products,148.31,8,2.0,708.6,0.5,1,0,0,1,1,0,0,1,1,0,0,0,1,0,1
PB04666,Rupnagar,Plastic Products,445.64,3,59.4,1654.8,1.5,1,0,0,1,1,0,0,1,1,0,0,0,1,0,1
PB04667,Patiala,Chemical,810.76,5,68.5,2044.7,19.1,1,1,0,1,1,0,1,1,1,1,0,1,1,1,1
PB04668,Moga,Food Processing,425.12,9,64.4,807.1,0.5,0,0,0,1,1,0,1,1,0,0,1,0,0,1,1
PB04669,Sangrur,Food Processing,221.65,85,41.9,50.0,4.0,0,1,0,1,1,1,1,1,0,0,1,1,0,0,0
PB04670,Moga,Auto Components,197.96,3,35.8,683.7,8.0,0,0,0,1,1,0,0,1,0,0,0,0,0,1,1
PB04671,Bathinda,Furniture/Wood,498.26,54,81.9,1376.5,7.4,0,0,0,1,1,1,1,1,0,0,0,0,0,1,1
PB04672,Patiala,Leather Products,127.74,90,32.6,50.0,12.6,1,0,0,1,1,1,1,1,1,0,0,0,1,1,0
PB04673,Fatehgarh Sahib,Chemical,328.26,18,32.2,1189.6,18.6,1,0,0,1,1,1,1,1,1,0,0,0,1,1,1
PB04674,Mohali,Pharmaceutical,90.76,28,52.2,94.3,26.3,1,0,0,1,1,1,1,1,1,0,0,0,0,0,0
PB04675,Mohali (SAS Nagar),IT/Software Services,132.36,27,47.0,66.1,0.5,0,0,1,1,1,0,1,0,0,0,0,0,0,1,0
PB04676,Mohali (SAS Nagar),IT/Software Services,842.95,36,141.4,2133.2,0.5,0,0,1,1,1,0,1,1,0,0,0,0,0,1,1
PB04677,Rupnagar,Food Processing,340.26,32,73.0,1529.6,0.5,0,0,0,1,1,1,0,1,0,0,1,0,0,1,1
PB04678,Ludhiana,Leather Products,1344.73,49,180.2,4907.8,32.5,1,0,0,1,1,1,1,1,1,0,0,0,1,1,1
PB04679,Mohali,Pharmaceutical,164.32,14,28.4,50.0,21.0,1,0,0,1,1,1,1,1,1,0,0,0,1,1,0
PB04680,Bathinda,Auto Components,416.8,7,101.5,1462.5,1.2,0,0,0,1,1,0,1,1,0,0,0,0,0,0,1
PB04681,Fatehgarh Sahib,Steel Rolling,317.23,50,18.8,1214.5,5.8,0,0,0,1,1,1,1,1,0,0,0,0,0,0,1
PB04682,Moga,Paper & Pulp,336.03,4,50.8,1306.2,44.3,0,1,0,1,1,0,0,1,1,0,0,1,0,1,1
PB04683,Jalandhar,Textile Dyeing,194.44,7,42.0,326.6,11.8,0,1,0,1,1,0,1,1,1,0,0,1,0,1,1
PB04684,Hoshiarpur,Electronics,4174.04,3,588.8,12163.0,14.7,0,0,0,1,1,0,0,1,0,1,0,0,0,1,1
PB04685,Mohali,Agro-based,279.0,24,57.6,506.5,0.5,0,0,0,1,1,1,1,1,0,0,0,0,0,1,1
PB04686,Moga,Food Processing,237.75,17,2.0,276.5,0.5,0,1,0,1,1,0,1,1,0,0,1,1,0,0,1
PB04687,Ludhiana,Steel Rolling,546.15,124,78.5,2203.0,2.1,0,0,0,1,1,0,1,1,0,0,0,0,0,1,1
PB04688,Ludhiana,Auto Components,395.79,31,56.5,1239.3,6.4,0,0,0,1,1,1,1,1,0,0,0,0,0,1,1
PB04689,Mohali (SAS Nagar),Textile,887.67,5,150.2,2713.1,20.2,0,0,0,1,1,0,1,1,1,0,0,0,0,1,1
PB04690,Patiala,Electronics,148.23,12,31.9,56.3,0.5,0,0,0,1,1,1,1,0,0,0,0,0,0,1,0
PB04691,Moga,Engineering/Metal Fabrication,423.31,44,83.2,2449.3,11.6,0,0,0,1,1,1,1,1,0,0,0,0,0,1,1
PB04692,Hoshiarpur,Pharmaceutical,237.59,38,2.0,634.3,10.2,1,0,0,1,1,1,1,0,1,0,0,0,1,0,1
PB04693,Mohali (SAS Nagar),Pharmaceutical,1034.08,7,176.0,2015.6,13.2,1,0,0,1,1,0,1,1,1,1,0,0,1,1,1
PB04694,Sangrur,Auto Components,90.12,17,29.9,463.7,9.1,0,0,0,1,1,1,1,1,0,0,0,0,0,1,1
PB04695,Fatehgarh Sahib,Pharmaceutical,96.93,51,19.4,101.4,27.8,1,0,0,1,1,0,1,1,1,0,0,0,0,0,0
PB04696,Patiala,Leather Products,1855.49,21,261.6,4722.6,13.1,1,0,0,1,1,1,1,1,1,0,0,0,1,1,1
PB04697,Sangrur,Chemical,94.19,10,8.8,50.0,18.4,1,1,0,1,1,1,1,1,1,0,0,1,0,0,0
PB04698,Rupnagar,Agro-based,246.17,27,29.2,1493.6,10.8,1,0,0,1,1,1,1,1,1,0,0,0,1,1,1
PB04699,Patiala,Steel Rolling,2950.97,18,471.1,8569.5,0.5,0,0,0,1,1,1,1,1,0,1,0,0,0,1,1
PB04700,Fatehgarh Sahib,Furniture/Wood,367.09,23,35.2,1509.4,1.8,0,0,0,1,1,1,1,1,0,0,0,0,1,1,1
PB04701,Amritsar,Beverages,1043.66,9,183.1,3537.0,31.0,0,1,0,1,1,0,1,1,1,0,1,1,0,1,1
PB04702,Mohali (SAS Nagar),Paper & Pulp,604.47,21,94.4,2041.5,40.0,0,0,0,1,1,1,1,1,1,1,0,0,0,1,1
PB04703,Mohali (SAS Nagar),Beverages,240.06,9,44.2,648.2,10.2,0,1,0,1,1,0,1,1,1,0,1,1,0,1,1
PB04704,Mohali,Plastic Products,95.98,19,10.3,471.7,17.5,1,0,0,1,1,1,1,1,1,0,0,0,0,0,1
PB04705,Sangrur,Electronics,120.86,17,9.9,50.0,20.2,0,0,0,1,0,1,0,1,0,0,0,0,0,0,0
PB04706,Bathinda,Engineering/Metal Fabrication,362.61,18,41.6,1544.1,2.2,0,0,0,1,1,0,1,1,0,0,0,0,0,1,1
PB04707,Ludhiana,Textile,262.82,7,51.0,464.0,14.4,0,0,0,1,1,0,1,1,0,0,0,0,0,1,1
PB04708,Hoshiarpur,Food Processing,205.16,11,16.3,585.1,0.5,0,1,0,1,1,1,1,0,0,0,1,1,0,0,1
PB04709,Patiala,Textile Dyeing,209.86,11,16.1,806.9,10.4,0,0,0,1,1,0,1,1,1,0,0,0,0,0,1
PB04710,Jalandhar,Electronics,452.25,14,81.3,1139.2,3.7,0,0,0,1,1,1,1,1,0,0,0,0,0,1,1
PB04711,Ludhiana,IT/Software Services,1611.47,9,246.1,5125.0,1.8,0,0,1,1,1,0,1,1,0,0,0,0,0,1,1
PB04712,Sangrur,Auto Components,159.64,87,33.0,1003.0,0.5,0,0,0,1,0,1,1,1,0,0,0,0,0,1,1
PB04713,Patiala,Textile,575.74,23,58.0,1564.8,10.7,0,0,0,1,1,1,1,1,0,0,0,0,0,1,1
PB04714,Ludhiana,Textile Dyeing,467.3,7,15.9,1316.3,23.2,0,1,0,1,1,0,1,1,1,0,0,1,0,0,1
PB04715,Jalandhar,Textile Dyeing,61.99,5,15.6,463.0,15.9,0,0,0,1,1,0,1,1,1,0,0,0,0,0,1
PB04716,Bathinda,Cement,1176.33,11,174.8,3439.9,11.0,0,0,0,1,1,1,1,1,0,1,0,0,0,1,1
PB04717,Bathinda,Cement,344.28,7,78.1,1688.4,0.5,0,0,0,1,1,0,1,1,0,0,0,0,0,1,1
PB04718,Mohali,Furniture/Wood,367.73,7,63.0,1175.3,0.5,0,0,0,1,1,0,1,1,0,0,0,0,0,1,1
PB04719,Hoshiarpur,Chemical,1801.44,27,313.1,5105.2,25.0,1,1,0,1,1,1,1,1,1,1,0,1,1,1,1
PB04720,Moga,Food Processing,134.59,18,47.0,50.0,7.7,0,0,0,1,1,1,1,1,0,0,1,0,0,1,1
PB04721,Moga,Furniture/Wood,13.19,20,2.0,50.0,15.4,0,0,0,1,1,1,1,1,1,0,0,0,0,0,0
PB04722,Bathinda,Paper & Pulp,350.22,49,33.3,845.2,19.5,0,1,0,1,1,1,1,1,1,0,0,1,0,1,1
PB04723,Patiala,Rice Milling,107.43,18,16.8,744.1,40.2,0,1,0,1,1,1,1,0,0,0,1,1,0,0,1
PB04724,Jalandhar,Pharmaceutical,1155.07,5,153.8,2830.7,22.7,1,0,0,1,1,0,1,1,1,1,0,0,1,1,1
PB04725,Mohali,Electronics,59.34,2,27.0,261.4,6.4,1,0,0,1,1,0,0,1,1,0,0,0,1,1,1
PB04726,Patiala,Rice Milling,117.84,4,29.4,385.4,11.1,1,0,0,1,1,0,0,1,1,0,1,0,1,1,1
PB04727,Sangrur,Textile,3283.4,32,512.5,9453.2,4.8,0,0,0,1,1,1,1,1,0,1,0,0,0,1,1
PB04728,Bathinda,Paper & Pulp,861.7,41,152.3,1469.8,25.6,0,1,0,1,1,0,1,1,1,1,0,1,0,1,0
PB04729,Bathinda,Auto Components,28.88,9,2.0,50.0,13.6,0,0,0,1,1,0,1,0,0,0,0,0,0,0,0
PB04730,Hoshiarpur,Engineering/Metal Fabrication,221.6,18,77.8,494.7,0.5,0,0,0,1,1,1,1,1,0,0,0,0,0,1,1
PB04731,Bathinda,Textile Dyeing,1913.19,131,278.2,5416.7,8.7,0,1,0,1,1,1,1,1,1,0,0,1,0,1,1
PB04732,Bathinda,Electronics,614.47,13,118.1,1836.5,0.5,0,0,0,1,0,1,0,1,1,0,0,0,0,1,1
PB04733,Patiala,Textile,318.22,109,36.0,982.5,2.1,0,0,0,1,1,1,1,1,0,0,0,0,0,1,1
PB04734,Mohali (SAS Nagar),Rice Milling,209.8,69,53.9,1074.9,22.2,0,1,0,1,1,1,1,1,1,0,1,1,0,1,1
PB04735,Rupnagar,Engineering/Metal Fabrication,1987.01,32,301.2,6095.0,0.5,0,0,0,1,1,1,1,1,0,0,0,0,0,1,1
PB04736,Amritsar,Rice Milling,798.01,9,106.4,3090.2,11.2,0,1,0,1,1,0,1,1,1,1,1,1,0,1,1
PB04737,Hoshiarpur,Textile Dyeing,316.28,30,48.9,977.4,19.3,0,1,0,1,1,1,1,1,1,0,0,1,0,1,1
PB04738,Rupnagar,Furniture/Wood,512.51,27,73.1,2049.6,0.6,0,0,0,1,1,1,1,1,0,0,0,0,0,1,1
PB04739,Mohali,Cement,64.17,31,5.0,710.1,0.5,0,0,0,1,1,1,1,1,0,0,0,0,0,0,1
PB04740,Sangrur,Textile,452.64,16,68.7,1167.8,7.4,0,0,0,1,1,1,1,1,0,0,0,0,0,1,1
PB04741,Patiala,Pharmaceutical,220.13,32,35.2,245.3,6.9,1,0,0,1,1,1,1,1,1,0,0,0,1,1,1
PB04742,Mohali (SAS Nagar),IT/Software Services,403.82,58,92.3,2392.5,1.9,0,0,1,1,1,0,1,1,0,0,0,0,0,1,1
PB04743,Bathinda,Textile Dyeing,909.11,58,128.6,2735.9,10.0,0,1,0,1,1,1,1,1,1,0,0,1,0,1,1
PB04744,Mohali,Leather Products,231.46,21,48.5,1172.6,25.3,1,0,0,1,1,1,1,1,1,0,0,0,1,1,1
PB04745,Rupnagar,Chemical,188.61,23,16.7,558.2,18.8,1,0,0,1,1,1,1,1,1,0,0,0,1,0,1
PB04746,Sangrur,Plastic Products,1247.89,38,166.6,3743.3,17.4,1,0,0,1,1,1,1,1,1,0,0,0,1,1,1
PB04747,Hoshiarpur,Rice Milling,453.48,7,76.2,1112.9,28.4,0,1,0,1,1,0,1,1,1,0,1,1,0,1,1
PB04748,Ludhiana,Textile,1103.63,19,127.3,3432.0,0.5,0,0,0,1,1,1,1,1,0,0,0,0,0,1,1
PB04749,Sangrur,Rice Milling,189.85,17,16.7,158.7,13.6,0,1,0,1,1,1,1,1,1,0,1,1,0,0,1
PB04750,Amritsar,Cement,6000.0,31,893.9,17886.6,1.2,0,0,0,1,1,1,1,1,1,1,0,0,0,1,1
PB04751,Mohali,Steel Rolling,422.69,13,65.0,1591.3,21.3,0,0,0,1,1,1,1,1,1,0,0,0,0,1,1
PB04752,Jalandhar,IT/Software Services,582.6,66,102.4,1437.3,0.5,1,0,1,1,1,0,1,1,1,0,0,0,1,1,1
PB04753,Fatehgarh Sahib,Leather Products,553.11,58,102.2,1471.3,28.4,1,0,0,1,1,1,1,1,1,0,0,0,1,1,1
PB04754,Sangrur,Auto Components,59.9,28,7.6,466.0,9.4,0,0,0,1,1,1,1,1,0,0,0,0,0,0,1
PB04755,Patiala,Paper & Pulp,119.61,10,47.4,350.9,18.7,0,1,0,1,1,1,1,1,1,0,0,1,0,1,1
PB04756,Sangrur,Chemical,1881.1,19,282.8,5254.1,26.4,1,0,0,1,0,1,1,1,1,1,0,0,1,1,1
PB04757,Amritsar,Pharmaceutical,403.79,29,52.9,1664.3,16.4,1,0,0,1,1,1,1,1,1,0,0,0,1,1,1
PB04758,Bathinda,Electronics,1206.95,114,215.3,3290.2,0.5,0,0,0,1,1,1,1,1,0,0,0,0,0,1,1
PB04759,Rupnagar,Pharmaceutical,121.53,31,15.1,50.0,23.6,1,0,0,1,1,1,1,1,1,0,0,0,1,0,0
PB04760,Mohali,Agro-based,119.33,16,2.0,1164.0,0.5,0,0,0,1,1,0,1,1,0,0,0,0,0,0,1
PB04761,Fatehgarh Sahib,Furniture/Wood,222.11,10,21.4,1330.6,0.5,0,0,0,1,1,1,1,1,0,0,0,0,0,0,1
PB04762,Amritsar,Rice Milling,619.37,5,89.4,2313.1,17.9,0,1,0,1,1,0,1,1,1,0,1,1,0,1,1
PB04763,Patiala,Leather Products,514.61,19,85.9,1543.9,24.8,1,0,0,1,1,1,1,1,1,0,0,0,1,1,1
PB04764,Hoshiarpur,Steel Rolling,1055.98,14,208.7,2268.5,0.5,0,0,0,1,1,1,1,1,0,0,0,0,0,1,1
PB04765,Sangrur,Paper & Pulp,275.42,181,28.9,50.0,20.3,0,1,0,1,1,1,1,1,1,0,0,1,0,1,0
PB04766,Sangrur,Food Processing,414.52,41,21.6,1625.4,6.8,0,0,0,1,1,1,1,1,0,0,1,0,0,0,1
PB04767,Hoshiarpur,Chemical,1109.48,32,195.2,3447.5,11.4,1,0,0,1,1,1,1,1,1,1,0,0,1,1,1
PB04768,Bathinda,Plastic Products,1876.42,7,331.2,5657.8,3.0,1,0,0,1,1,0,1,1,1,0,0,0,1,1,1
PB04769,Hoshiarpur,Beverages,4544.41,12,690.3,13061.3,14.8,0,0,0,1,1,1,1,1,1,1,1,0,0,1,1
PB04770,Ludhiana,Plastic Products,420.28,15,23.9,1168.0,1.0,1,0,0,1,1,1,1,1,1,1,0,0,1,0,1
PB04771,Sangrur,Textile Dyeing,106.09,65,2.0,322.8,21.2,0,1,0,1,1,1,1,1,1,0,0,1,0,0,1
PB04772,Rupnagar,IT/Software Services,865.81,2,133.5,2409.1,10.2,0,0,1,1,1,0,0,1,0,0,0,0,0,1,1
PB04773,Sangrur,IT/Software Services,340.91,4,54.0,1844.9,8.9,0,0,1,1,1,0,0,1,0,0,0,0,0,1,1
PB04774,Mohali,Rice Milling,88.81,4,37.8,112.4,7.5,0,1,0,1,1,0,0,1,1,0,1,1,0,1,0
PB04775,Bathinda,Textile Dyeing,808.62,15,132.8,1833.6,31.6,0,1,0,1,1,1,1,1,1,0,0,1,0,1,1
PB04776,Fatehgarh Sahib,Engineering/Metal Fabrication,718.11,10,112.9,2003.7,9.9,0,0,0,1,1,1,1,1,0,0,0,0,1,1,1
PB04777,Fatehgarh Sahib,Electronics,292.48,15,80.4,591.9,0.5,0,0,0,1,1,1,1,1,0,0,0,0,0,1,1
PB04778,Jalandhar,Auto Components,437.77,7,41.7,1160.2,5.7,0,0,0,1,1,0,1,1,0,0,0,0,0,1,1
PB04779,Mohali,Steel Rolling,1477.07,25,219.7,4975.1,0.5,0,0,0,1,1,1,1,1,0,0,0,0,0,1,1
PB04780,Amritsar,Food Processing,395.17,62,58.3,995.7,8.5,0,1,0,1,1,1,1,1,0,1,1,1,0,1,1
PB04781,Sangrur,Furniture/Wood,421.95,110,42.8,1836.3,7.7,0,0,0,1,1,1,1,1,0,0,0,0,0,1,1
PB04782,Moga,Pharmaceutical,548.26,20,55.6,2299.4,22.7,1,0,0,1,1,1,1,1,1,1,0,0,1,1,1
PB04783,Jalandhar,Plastic Products,825.86,13,134.8,2422.4,2.6,1,0,0,1,1,1,1,1,1,0,0,0,1,1,1
PB04784,Amritsar,Chemical,175.75,8,27.4,50.0,16.7,1,1,0,1,1,0,1,1,1,0,0,1,1,1,0
PB04785,Patiala,Auto Components,806.79,117,124.3,3696.4,0.5,0,0,0,1,1,1,1,1,0,0,0,0,0,1,1
PB04786,Mohali (SAS Nagar),Agro-based,138.44,9,5.1,473.1,0.5,0,0,0,1,1,0,1,1,0,0,0,0,0,0,1
PB04787,Jalandhar,Engineering/Metal Fabrication,1419.15,8,224.7,3491.8,0.5,0,0,0,1,1,0,1,1,0,0,0,0,0,1,1
PB04788,Fatehgarh Sahib,Agro-based,2518.24,44,401.7,6692.4,1.7,0,0,0,1,1,1,1,1,0,1,0,0,0,1,1
PB04789,Fatehgarh Sahib,Plastic Products,987.63,22,104.6,3602.4,0.5,1,0,0,1,1,1,1,1,1,0,0,0,1,1,1
PB04790,Jalandhar,Textile Dyeing,213.17,7,50.5,730.0,19.5,0,1,0,1,1,0,1,1,1,0,0,1,0,1,1
PB04791,Ludhiana,Steel Rolling,683.02,149,94.8,2257.8,0.5,0,0,0,1,1,1,1,1,0,0,0,0,0,1,1
PB04792,Fatehgarh Sahib,Engineering/Metal Fabrication,489.6,8,79.4,1848.2,6.1,0,0,0,1,1,0,1,1,0,0,0,0,0,1,0
PB04793,Sangrur,Beverages,180.97,30,24.4,298.1,16.1,0,0,0,1,1,1,1,1,1,0,1,0,0,0,1
PB04794,Sangrur,Textile,102.75,15,19.3,50.0,0.5,0,0,0,1,1,1,1,1,0,0,0,0,0,0,0
PB04795,Amritsar,Chemical,1200.42,6,180.5,4196.8,21.1,1,1,0,1,1,0,1,1,1,1,0,1,1,1,1
PB04796,Ludhiana,Cement,4796.69,22,706.1,14199.3,2.6,0,0,0,1,1,1,1,1,0,1,0,0,0,1,1
PB04797,Fatehgarh Sahib,Chemical,167.44,22,42.8,200.0,30.8,1,1,0,1,1,1,1,1,1,0,0,1,1,0,1
PB04798,Hoshiarpur,Textile Dyeing,2086.33,21,306.8,6174.2,30.9,0,1,0,1,1,0,1,1,1,1,0,1,1,1,1
PB04799,Mohali,Chemical,1517.6,73,242.1,5269.6,12.0,1,1,0,1,1,1,1,1,1,1,0,1,1,1,1
PB04800,Ludhiana,Electronics,20.4,61,21.6,50.0,13.4,0,0,0,1,1,1,1,1,0,0,0,0,0,0,0
PB04801,Mohali,Auto Components,604.45,21,97.9,1311.5,9.7,0,0,0,1,1,1,1,1,0,0,0,0,0,1,1
PB04802,Patiala,Furniture/Wood,95.43,4,4.1,306.1,5.6,1,0,0,1,1,0,0,1,1,0,0,0,0,0,1
PB04803,Moga,Steel Rolling,157.07,15,31.7,50.0,6.2,0,0,0,1,1,1,1,1,0,0,0,0,0,1,0
PB04804,Sangrur,Food Processing,94.63,9,8.0,1609.7,19.6,0,1,0,1,1,0,1,1,1,0,1,1,0,0,1
PB04805,Patiala,Steel Rolling,538.58,18,81.8,2087.8,0.5,0,0,0,1,1,1,1,1,0,0,0,0,0,1,1
PB04806,Jalandhar,Auto Components,207.21,1,41.9,708.8,4.8,0,0,0,1,1,0,0,1,0,0,0,0,0,1,1
PB04807,Bathinda,Steel Rolling,55.94,30,2.0,655.8,0.5,0,0,0,1,1,1,1,1,0,0,0,0,1,0,1
PB04808,Moga,Textile,214.66,7,38.6,474.1,0.5,0,0,0,1,1,0,1,1,0,0,0,0,0,1,1
PB04809,Rupnagar,Auto Components,386.28,23,65.7,903.1,1.1,0,0,0,1,1,1,1,1,0,0,0,0,0,1,1
PB04810,Ludhiana,Rice Milling,1204.93,11,209.8,3803.3,12.1,0,1,0,1,1,1,1,1,1,0,1,1,0,1,1
PB04811,Jalandhar,Food Processing,606.64,16,122.6,2079.1,12.9,0,0,0,1,1,1,1,1,0,0,1,0,0,1,1
PB04812,Ludhiana,IT/Software Services,910.97,1,155.4,3216.3,2.3,0,0,1,1,1,1,0,1,0,0,0,0,0,1,1
PB04813,Bathinda,Textile Dyeing,140.84,7,2.0,630.9,31.2,0,1,0,1,1,0,1,1,1,0,0,1,0,0,1
PB04814,Moga,Rice Milling,22.05,19,2.0,50.0,18.4,0,1,0,1,1,0,1,1,1,0,1,1,0,0,0
PB04815,Bathinda,Furniture/Wood,235.21,41,50.7,50.0,0.5,1,0,0,1,1,1,1,1,1,0,0,0,1,1,0
PB04816,Mohali (SAS Nagar),Rice Milling,238.79,32,29.3,787.7,21.0,0,1,0,1,1,1,1,1,1,0,1,1,0,1,1
PB04817,Moga,Chemical,172.14,20,40.6,1027.8,29.3,1,1,0,1,1,1,1,1,1,0,0,1,1,1,1
PB04818,Rupnagar,Chemical,785.91,23,109.4,1995.3,21.9,1,1,0,1,0,1,1,1,1,1,0,1,1,1,1
PB04819,Ludhiana,Pharmaceutical,1012.5,29,133.3,3599.4,12.6,1,0,0,1,1,1,1,1,1,1,0,0,1,1,1
PB04820,Fatehgarh Sahib,Food Processing,347.15,19,18.4,2303.1,0.5,0,1,0,1,1,1,1,1,0,0,1,1,0,0,1
PB04821,Patiala,Beverages,425.54,15,61.3,478.8,22.2,0,1,0,1,1,1,1,1,1,0,1,1,0,1,1
PB04822,Hoshiarpur,Chemical,224.73,74,25.3,809.5,20.8,1,0,0,1,1,1,1,1,1,0,0,0,1,1,1
PB04823,Jalandhar,Leather Products,539.9,19,103.3,1317.4,31.7,1,0,0,1,1,1,1,1,1,0,0,0,1,1,1
PB04824,Jalandhar,Paper & Pulp,264.44,19,27.9,50.0,17.2,0,1,0,1,1,1,1,1,1,0,0,1,0,1,0
PB04825,Mohali (SAS Nagar),Furniture/Wood,487.96,63,60.3,1911.9,6.1,0,0,0,1,1,1,1,1,0,0,0,0,0,1,1
PB04826,Bathinda,IT/Software Services,215.05,82,12.6,672.8,8.0,0,0,1,1,1,0,1,1,0,0,0,0,0,0,1
PB04827,Ludhiana,Electronics,755.13,25,117.9,2686.6,0.5,0,0,0,1,1,1,1,1,0,0,0,0,0,1,0
PB04828,Fatehgarh Sahib,Beverages,322.19,19,65.7,1222.7,11.7,0,1,0,1,1,1,1,1,1,0,1,1,0,1,1
PB04829,Bathinda,Rice Milling,186.13,17,2.0,582.6,25.1,0,1,0,1,1,0,1,1,1,0,1,1,0,0,1
PB04830,Moga,Steel Rolling,750.46,9,132.8,1793.6,0.5,0,0,0,1,1,0,1,1,0,0,0,0,0,1,1
PB04831,Moga,Plastic Products,480.07,17,48.3,1433.2,10.8,1,0,0,1,1,1,1,1,1,0,0,0,1,1,1
PB04832,Jalandhar,Paper & Pulp,943.75,18,145.6,3543.4,22.2,0,1,0,1,1,0,0,1,1,1,0,1,0,1,1
PB04833,Mohali (SAS Nagar),Steel Rolling,1338.05,8,212.5,3907.0,0.5,0,0,0,1,1,0,1,1,0,0,0,0,0,1,1
PB04834,Jalandhar,Electronics,243.75,6,47.3,775.2,9.2,0,0,0,1,1,0,1,1,0,0,0,0,0,1,1
PB04835,Ludhiana,Paper & Pulp,108.34,5,2.0,850.4,16.9,0,1,0,1,1,0,1,1,1,0,0,1,0,0,1
PB04836,Bathinda,IT/Software Services,1001.18,8,157.4,3034.8,0.5,0,0,1,1,1,0,1,1,0,0,0,0,0,1,1
PB04837,Amritsar,Chemical,521.2,25,65.7,515.3,6.5,1,0,0,1,1,0,1,1,1,1,0,0,1,1,1
PB04838,Mohali (SAS Nagar),Beverages,5131.2,7,747.4,15631.9,13.9,1,1,0,1,1,0,1,1,1,1,1,1,1,1,1
PB04839,Patiala,Electronics,1272.46,10,210.2,2956.2,14.2,0,0,0,1,1,1,1,1,0,0,0,0,0,1,1
PB04840,Ludhiana,Leather Products,1078.06,25,131.7,4616.0,20.0,1,0,0,1,1,1,1,1,1,0,0,0,1,1,1
PB04841,Sangrur,Leather Products,466.02,35,65.8,1583.0,19.4,1,0,0,1,1,1,1,1,1,0,0,0,1,1,1
PB04842,Patiala,Auto Components,112.77,6,22.8,251.3,0.6,0,0,0,1,1,0,1,0,0,0,0,0,0,0,1
PB04843,Fatehgarh Sahib,Beverages,266.22,8,26.4,185.8,23.9,0,1,0,1,1,0,1,1,1,0,1,1,0,1,1
PB04844,Mohali,Leather Products,724.23,15,100.8,2260.3,24.6,1,0,0,1,1,1,1,1,1,0,0,0,1,1,1
PB04845,Fatehgarh Sahib,Food Processing,460.85,16,78.3,1698.3,16.1,0,0,0,1,1,1,1,1,1,0,1,0,0,1,1
PB04846,Jalandhar,Food Processing,1529.32,8,186.8,4612.8,14.6,0,1,0,1,1,0,1,1,0,0,1,1,0,1,1
PB04847,Fatehgarh Sahib,Food Processing,349.39,8,69.9,918.7,1.4,0,0,0,1,1,0,1,1,0,0,1,0,0,1,1
PB04848,Amritsar,Furniture/Wood,585.55,3,98.3,1488.9,18.1,0,0,0,1,1,0,0,1,1,0,0,0,0,1,1
PB04849,Amritsar,Textile Dyeing,219.92,41,23.2,403.3,20.4,0,1,0,1,1,1,1,1,1,0,0,1,0,0,1
PB04850,Bathinda,Paper & Pulp,295.03,10,46.7,714.2,8.5,0,0,0,1,0,1,1,1,1,0,0,0,0,0,1
PB04851,Amritsar,IT/Software Services,414.05,16,49.0,1026.4,7.7,0,0,1,1,1,0,1,1,0,0,0,0,0,1,1
PB04852,Hoshiarpur,IT/Software Services,297.79,12,75.6,855.2,15.4,0,0,1,1,1,0,1,1,1,0,0,0,0,1,1
PB04853,Hoshiarpur,Electronics,148.75,4,34.3,93.7,10.0,0,0,0,1,1,0,0,0,0,0,0,0,0,1,0
PB04854,Jalandhar,Plastic Products,982.48,45,138.4,2440.9,0.5,1,0,0,1,1,1,1,1,1,0,0,0,1,1,1
PB04855,Fatehgarh Sahib,Engineering/Metal Fabrication,1010.31,10,178.8,2378.4,18.8,0,0,0,1,1,1,1,1,1,0,0,0,0,1,1
PB04856,Ludhiana,Beverages,949.61,11,160.1,2688.0,12.0,0,1,0,1,1,1,1,1,1,0,1,1,0,1,1
PB04857,Jalandhar,Pharmaceutical,2068.61,20,330.2,6576.4,35.4,1,0,0,1,1,1,1,1,1,1,0,0,1,1,1
PB04858,Patiala,Agro-based,342.08,5,42.7,498.9,7.4,0,0,0,1,1,0,1,1,0,0,0,0,0,1,1
PB04859,Patiala,Beverages,601.31,14,80.9,2326.1,20.3,0,1,0,1,1,1,1,1,1,0,1,1,0,1,1
PB04860,Mohali (SAS Nagar),Chemical,246.85,47,18.3,725.6,23.8,1,1,0,1,1,1,1,1,1,0,0,1,1,0,1
PB04861,Mohali (SAS Nagar),Paper & Pulp,113.8,4,2.0,362.3,27.2,0,1,0,1,1,0,0,1,1,0,0,1,0,0,1
PB04862,Ludhiana,Rice Milling,2281.24,20,328.6,7395.7,18.5,0,1,0,1,1,1,1,1,1,1,1,1,0,0,1
PB04863,Fatehgarh Sahib,Auto Components,1446.07,11,190.4,4342.7,5.9,1,0,0,1,1,1,0,1,1,0,0,0,1,1,1
PB04864,Bathinda,Textile,162.37,22,32.4,1257.7,3.3,0,0,0,1,1,1,1,1,0,0,0,0,0,1,1
PB04865,Amritsar,Auto Components,2967.55,22,468.2,7851.5,18.4,0,0,0,1,1,1,0,1,1,1,0,0,0,1,1
PB04866,Bathinda,IT/Software Services,209.04,9,24.4,1006.3,0.5,0,0,1,1,1,0,1,1,1,0,0,0,0,0,1
PB04867,Bathinda,Agro-based,337.86,17,36.3,711.0,12.9,0,0,0,1,1,1,1,1,0,0,0,0,0,1,1
PB04868,Fatehgarh Sahib,Chemical,307.42,16,69.5,50.0,20.3,1,1,0,1,1,1,1,1,1,0,0,1,1,1,0
PB04869,Rupnagar,Auto Components,141.12,43,4.2,892.8,0.5,0,0,0,1,1,1,1,0,0,0,0,0,0,0,1
PB04870,Sangrur,Auto Components,854.74,13,104.3,2480.8,0.5,0,0,0,1,1,1,1,1,0,0,0,0,0,1,1
PB04871,Fatehgarh Sahib,Furniture/Wood,787.18,7,118.6,1900.9,9.8,0,0,0,1,1,0,1,0,0,0,0,0,0,1,1
PB04872,Mohali,Plastic Products,425.02,24,90.0,631.6,0.5,1,0,0,1,1,1,1,0,1,1,0,0,1,1,1
PB04873,Sangrur,IT/Software Services,1125.85,9,166.9,4167.4,0.5,0,0,1,1,1,0,1,1,0,0,0,0,0,1,1
PB04874,Patiala,Steel Rolling,360.96,22,52.3,1376.8,6.6,0,0,0,1,1,1,1,1,0,0,0,0,0,1,1
PB04875,Patiala,Chemical,924.59,11,151.2,2924.1,30.1,1,0,0,1,1,1,1,1,1,1,0,0,1,1,1
PB04876,Mohali,Chemical,660.94,12,59.0,1532.8,28.5,1,1,0,1,1,1,1,1,1,1,0,1,1,1,1
PB04877,Ludhiana,Chemical,281.14,17,34.8,50.0,10.0,1,0,0,1,1,1,1,1,1,0,0,0,1,1,0
PB04878,Hoshiarpur,Food Processing,871.33,36,158.3,2204.2,12.6,0,1,0,1,1,1,1,1,0,0,1,1,0,1,1
PB04879,Hoshiarpur,Auto Components,295.68,17,63.4,50.0,0.5,0,0,0,1,1,1,1,1,0,0,0,0,0,1,0
PB04880,Bathinda,Pharmaceutical,226.81,13,31.2,223.9,18.9,1,0,0,1,1,1,1,1,1,0,0,0,1,1,1
PB04881,Sangrur,Leather Products,1407.96,34,227.0,3082.7,14.8,1,0,0,1,1,1,1,1,1,0,0,0,1,1,1
PB04882,Mohali (SAS Nagar),Chemical,84.0,3,2.0,50.0,22.3,1,1,0,1,1,0,0,1,1,0,0,1,0,0,0
PB04883,Amritsar,Plastic Products,274.35,31,2.0,1042.9,11.2,1,0,0,1,1,1,1,1,1,0,0,0,1,0,1
PB04884,Sangrur,Textile Dyeing,22.77,6,10.9,50.0,29.6,0,1,0,1,1,0,1,1,1,0,0,1,0,0,0
PB04885,Mohali,Agro-based,425.37,15,77.7,1999.9,0.5,0,0,0,1,1,1,1,1,0,0,0,0,0,1,1
PB04886,Fatehgarh Sahib,Paper & Pulp,3207.35,30,470.9,9589.2,14.2,0,1,0,1,1,1,1,1,1,1,0,1,0,1,1
PB04887,Rupnagar,Beverages,643.25,7,97.3,2431.9,29.4,0,1,0,1,1,0,1,1,1,0,1,1,0,1,1
PB04888,Amritsar,Chemical,503.08,49,78.2,1451.2,8.8,1,0,0,1,1,1,1,1,1,1,0,0,1,1,1
PB04889,Moga,Electronics,338.26,117,56.4,50.0,22.8,1,0,0,1,1,1,0,1,1,1,0,0,1,1,0
PB04890,Sangrur,Rice Milling,113.38,4,64.7,50.0,19.4,0,1,0,1,1,0,0,1,1,0,1,1,0,1,0
PB04891,Jalandhar,Cement,2933.09,18,441.2,9159.1,6.8,1,0,0,1,1,1,1,1,1,1,0,0,1,1,1
PB04892,Rupnagar,IT/Software Services,115.52,34,2.0,466.1,22.1,0,0,1,1,1,0,1,1,1,0,0,0,0,0,1
PB04893,Mohali,Auto Components,236.11,16,18.3,814.2,3.9,0,0,0,1,1,1,1,1,0,0,0,0,0,0,1
PB04894,Patiala,Beverages,980.32,14,112.9,2344.7,13.2,0,1,0,1,1,1,1,1,1,0,1,1,0,1,1
PB04895,Amritsar,Pharmaceutical,236.6,119,70.2,1106.7,33.6,1,0,0,1,1,1,1,1,1,0,0,0,1,1,1
PB04896,Rupnagar,Agro-based,424.28,8,74.4,2332.9,20.0,0,0,0,1,1,0,1,0,1,0,0,0,0,1,0
PB04897,Bathinda,Paper & Pulp,799.6,14,118.4,3039.5,20.9,0,1,0,1,1,1,1,1,1,1,0,1,0,1,1
PB04898,Ludhiana,Steel Rolling,5518.66,69,815.7,16894.3,0.5,0,0,0,1,1,1,1,1,0,1,0,0,0,1,1
PB04899,Sangrur,Electronics,325.08,43,71.0,1214.3,11.7,0,0,0,1,1,1,1,1,0,0,0,0,0,1,1
PB04900,Ludhiana,Agro-based,685.11,15,89.1,2028.0,13.6,1,0,0,1,1,1,1,1,1,0,0,0,1,1,1
PB04901,Ludhiana,Auto Components,677.54,12,90.1,2303.9,8.1,0,0,0,1,1,1,1,1,0,0,0,0,0,1,1
PB04902,Moga,Auto Components,262.54,17,54.1,1043.9,4.9,1,0,0,1,1,1,1,1,1,0,0,0,1,1,1
PB04903,Patiala,Leather Products,246.65,21,39.9,2508.0,17.5,1,0,0,1,1,1,1,1,1,0,0,0,1,1,1
PB04904,Mohali,Pharmaceutical,170.11,1,18.2,260.4,24.8,1,0,0,1,1,0,0,1,1,0,0,0,1,0,1
PB04905,Sangrur,Cement,1629.44,7,259.4,3646.8,0.5,0,0,0,1,1,0,1,1,0,1,0,0,0,1,1
PB04906,Sangrur,Food Processing,615.17,7,100.4,2200.1,14.3,0,1,0,1,1,0,1,1,0,0,1,1,0,0,1
PB04907,Fatehgarh Sahib,Paper & Pulp,519.88,33,70.2,2190.5,22.5,0,1,0,1,1,1,1,0,1,1,0,1,0,1,0
PB04908,Jalandhar,Steel Rolling,650.22,30,96.6,1641.4,0.5,0,0,0,1,1,1,1,1,0,0,0,0,0,1,1
PB04909,Jalandhar,Textile,1096.5,54,199.7,3253.1,0.5,1,0,0,1,1,1,1,1,1,0,0,0,1,1,1
PB04910,Fatehgarh Sahib,Steel Rolling,611.31,17,76.0,1804.7,20.2,0,0,0,1,1,1,1,1,1,0,0,0,0,1,1
PB04911,Hoshiarpur,Pharmaceutical,505.96,13,103.7,1733.1,35.8,1,0,0,1,1,1,1,1,1,1,0,0,1,1,1
PB04912,Bathinda,Textile,2306.65,11,354.2,7418.2,0.5,0,0,0,1,1,1,1,1,0,1,0,0,0,1,1
PB04913,Mohali (SAS Nagar),Plastic Products,148.84,22,25.7,50.0,0.5,1,0,0,1,1,1,1,1,1,0,0,0,1,1,0
PB04914,Hoshiarpur,Textile,453.31,11,46.7,3318.0,0.5,0,0,0,1,1,1,1,1,0,0,0,0,0,1,1
PB04915,Mohali,Textile Dyeing,481.47,18,83.2,1361.2,15.7,0,1,0,1,1,1,1,1,1,0,0,1,0,1,1
PB04916,Patiala,Food Processing,1213.59,36,161.7,3505.1,3.1,0,1,0,1,1,1,1,1,0,0,1,1,0,1,1
PB04917,Ludhiana,Cement,431.0,19,86.4,1335.4,4.3,0,0,0,1,1,1,0,1,0,0,0,0,0,1,1
PB04918,Mohali,Beverages,2388.26,21,365.0,7413.5,14.9,0,1,0,1,1,1,1,1,1,1,1,1,0,1,1
PB04919,Fatehgarh Sahib,Rice Milling,305.43,11,78.1,454.0,19.2,0,1,0,1,1,1,1,1,1,0,1,1,0,1,1
PB04920,Mohali,Steel Rolling,170.55,4,2.0,578.8,14.9,0,0,0,1,1,0,0,1,0,0,0,0,0,0,0
PB04921,Moga,Textile,308.78,2,48.5,1222.5,6.1,0,0,0,1,1,0,0,1,1,0,0,0,0,1,0
PB04922,Patiala,Food Processing,1059.23,17,173.6,2902.0,0.5,0,1,0,1,1,1,1,1,0,0,1,1,0,1,1
PB04923,Sangrur,Electronics,108.73,74,19.7,316.2,0.5,0,0,0,1,1,1,1,1,0,0,0,0,0,0,1
PB04924,Moga,Electronics,314.83,80,56.6,923.8,12.4,0,0,0,1,1,1,1,1,0,0,0,0,0,1,1
PB04925,Jalandhar,Pharmaceutical,173.64,11,17.3,205.5,13.9,1,0,0,1,1,1,1,0,1,0,0,0,1,0,1
PB04926,Hoshiarpur,Electronics,144.76,6,71.7,225.4,0.5,0,0,0,1,1,0,1,0,0,0,0,0,0,1,1
PB04927,Amritsar,Food Processing,201.57,4,26.1,1295.7,0.5,0,1,0,1,1,0,0,1,0,0,1,1,0,1,1
PB04928,Moga,Auto Components,629.45,21,105.8,1398.5,13.8,0,0,0,1,1,1,1,1,0,0,0,0,0,1,1
PB04929,Jalandhar,Agro-based,608.69,42,83.3,2384.8,2.9,0,0,0,1,1,1,1,1,0,0,0,0,0,1,1
PB04930,Patiala,Rice Milling,418.23,3,78.7,1407.4,12.7,1,1,0,1,1,0,0,1,1,0,1,1,1,1,1
PB04931,Fatehgarh Sahib,Textile,413.14,28,87.7,1184.1,1.9,0,0,0,1,1,1,1,1,0,1,0,0,0,1,1
PB04932,Rupnagar,Beverages,207.11,5,19.0,974.7,19.0,0,1,0,1,1,0,1,1,1,0,1,1,0,0,1
PB04933,Sangrur,Furniture/Wood,2132.13,41,294.4,5480.5,0.5,0,0,0,1,1,1,1,1,0,1,0,0,0,1,1
PB04934,Amritsar,Furniture/Wood,4539.4,5,687.9,13889.3,12.1,0,0,0,1,1,0,1,1,0,1,0,0,0,1,1
PB04935,Mohali,Cement,896.28,37,134.1,3093.5,5.1,0,0,0,1,1,1,1,1,0,1,0,0,0,1,1
PB04936,Mohali (SAS Nagar),Pharmaceutical,223.97,6,53.3,690.3,17.1,1,0,0,1,1,0,1,1,1,0,0,0,1,0,1
PB04937,Bathinda,Steel Rolling,374.27,64,77.8,1200.0,10.4,0,0,0,1,1,1,1,1,0,0,0,0,0,1,1
PB04938,Bathinda,Textile,1466.19,39,217.6,4090.0,0.5,0,0,0,1,1,1,1,1,0,0,0,0,0,1,1
PB04939,Rupnagar,Auto Components,1092.98,5,166.0,3809.8,0.5,0,0,0,1,1,0,1,1,0,0,0,0,0,1,1
PB04940,Amritsar,Auto Components,1545.43,14,237.2,3735.6,0.5,0,0,0,1,1,1,1,1,0,0,0,0,0,1,1
PB04941,Ludhiana,Engineering/Metal Fabrication,115.0,19,2.0,50.0,10.0,0,0,0,1,1,0,1,1,0,0,0,0,0,0,0
PB04942,Bathinda,Cement,2996.98,5,435.6,9140.2,13.0,0,0,0,1,1,0,1,1,0,1,0,0,0,1,1
PB04943,Ludhiana,Chemical,95.76,5,2.0,926.3,29.1,1,1,0,1,1,0,1,1,1,0,0,1,0,0,1
PB04944,Sangrur,Furniture/Wood,64.67,54,23.8,50.0,6.7,0,0,0,1,1,1,1,1,0,0,0,0,0,0,0
PB04945,Mohali (SAS Nagar),Pharmaceutical,723.8,212,83.5,2090.9,16.1,1,0,0,1,1,1,1,1,1,1,0,0,1,1,0
PB04946,Rupnagar,Plastic Products,277.62,19,58.8,1061.4,11.0,1,0,0,1,1,1,1,1,1,0,0,0,1,1,1
PB04947,Moga,Agro-based,151.51,6,13.9,996.8,8.5,0,0,0,1,1,0,1,1,0,0,0,0,0,0,1
PB04948,Moga,IT/Software Services,292.64,15,36.3,1056.4,16.2,0,0,1,1,1,0,1,1,1,0,0,0,0,1,1
PB04949,Fatehgarh Sahib,Pharmaceutical,57.69,18,11.0,50.0,21.0,1,0,0,1,0,1,1,1,1,0,0,0,0,1,0
PB04950,Mohali,Agro-based,127.83,13,17.0,330.9,10.4,0,0,0,1,1,1,1,0,0,0,0,0,0,0,1
PB04951,Sangrur,Beverages,1396.2,14,235.6,3503.8,10.1,1,0,0,1,1,1,1,1,1,0,1,0,1,1,1
PB04952,Mohali (SAS Nagar),Chemical,1223.58,12,197.9,3383.6,13.0,1,0,0,1,1,1,1,1,1,1,0,0,1,1,1
PB04953,Sangrur,Food Processing,92.21,17,30.3,50.0,11.4,0,1,0,1,1,1,1,1,0,0,1,1,0,1,0
PB04954,Sangrur,Textile,5441.71,29,801.3,16569.1,0.5,0,0,0,1,1,1,1,1,0,1,0,0,0,1,1
PB04955,Mohali,Auto Components,717.06,8,137.6,1530.6,4.9,0,0,0,1,1,0,1,1,0,0,0,0,0,1,1
PB04956,Patiala,Steel Rolling,561.55,5,43.4,1619.2,13.1,0,0,0,1,1,0,1,1,0,0,0,0,0,1,1
PB04957,Fatehgarh Sahib,Pharmaceutical,334.2,7,36.4,1104.8,15.4,1,0,0,1,1,0,1,1,1,0,0,0,1,1,1
PB04958,Fatehgarh Sahib,Agro-based,1059.96,29,184.2,3342.3,0.5,0,0,0,1,1,1,1,1,0,0,0,0,0,1,1
PB04959,Mohali (SAS Nagar),Leather Products,92.98,4,49.6,245.3,21.8,1,0,0,1,1,0,0,0,1,0,0,0,0,1,1
PB04960,Ludhiana,Pharmaceutical,214.83,5,28.3,989.9,4.4,1,0,0,1,1,0,1,1,1,0,0,0,1,1,1
PB04961,Sangrur,Beverages,463.12,31,67.7,1617.1,15.2,0,1,0,1,1,1,1,1,1,0,1,1,0,1,1
PB04962,Rupnagar,Cement,190.87,37,17.2,641.6,1.8,0,0,0,1,1,1,1,1,0,0,0,0,0,0,1
PB04963,Sangrur,Cement,51.13,25,39.3,50.0,0.5,0,0,0,1,0,1,1,1,0,0,0,0,0,1,0
PB04964,Hoshiarpur,Plastic Products,561.28,16,83.0,1173.7,11.4,1,0,0,1,1,1,1,1,1,0,0,0,1,1,1
PB04965,Ludhiana,Paper & Pulp,51.14,12,16.1,257.3,17.2,0,1,0,1,1,1,1,1,1,0,0,1,0,0,1
PB04966,Fatehgarh Sahib,IT/Software Services,230.7,8,16.4,617.8,2.9,0,0,1,1,1,0,1,1,0,0,0,0,0,0,1
PB04967,Patiala,Plastic Products,103.97,33,64.1,50.0,0.5,1,0,0,1,1,1,1,1,1,0,0,0,1,1,0
PB04968,Mohali,Steel Rolling,2569.31,25,388.9,7910.8,17.8,0,0,0,1,1,1,1,1,1,1,0,0,0,1,1
PB04969,Fatehgarh Sahib,Pharmaceutical,869.17,24,138.5,2296.9,19.4,1,0,0,1,1,1,1,0,1,0,0,0,1,1,1
PB04970,Amritsar,Rice Milling,398.07,36,94.5,1904.6,12.1,0,0,0,1,1,1,1,1,1,0,1,0,0,1,1
PB04971,Amritsar,Beverages,293.42,11,3.6,944.3,28.4,0,0,0,1,1,0,1,1,1,0,1,0,0,0,1
PB04972,Rupnagar,Cement,218.41,31,15.2,1086.1,5.4,0,0,0,1,1,1,1,1,0,0,0,0,0,0,1
PB04973,Mohali (SAS Nagar),Steel Rolling,954.05,18,156.7,3455.3,9.9,0,0,0,1,1,1,1,1,0,0,0,0,0,1,1
PB04974,Jalandhar,IT/Software Services,2577.43,60,397.7,8664.7,7.5,0,0,1,1,1,0,1,1,0,1,0,0,0,1,1
PB04975,Mohali,IT/Software Services,116.07,3,8.7,53.0,10.5,0,0,1,1,1,0,0,0,0,0,0,0,0,0,0
PB04976,Rupnagar,Chemical,211.55,2,40.3,215.9,20.2,1,1,0,1,1,0,0,1,1,0,0,1,1,1,1
PB04977,Ludhiana,IT/Software Services,341.76,22,55.4,255.9,0.5,0,0,1,1,1,0,1,1,0,0,0,0,0,1,1
PB04978,Sangrur,Food Processing,313.86,12,65.6,776.3,11.1,0,0,0,1,1,1,1,1,0,0,1,0,0,1,1
PB04979,Fatehgarh Sahib,Plastic Products,268.15,15,41.5,557.1,7.6,1,0,0,1,1,1,1,1,1,0,0,0,1,1,1
PB04980,Rupnagar,Textile,404.13,19,84.0,869.7,11.1,0,0,0,1,1,1,1,1,0,0,0,0,0,1,1
PB04981,Ludhiana,Plastic Products,598.25,2,70.5,1779.7,6.1,1,0,0,1,1,1,0,1,1,0,0,0,1,1,1
PB04982,Patiala,Agro-based,279.11,2,40.9,1099.8,12.1,0,0,0,1,1,0,0,1,0,0,0,0,1,1,1
PB04983,Jalandhar,Beverages,508.96,11,109.0,2776.4,19.3,0,1,0,1,1,1,1,1,1,0,1,1,0,1,1
PB04984,Amritsar,Auto Components,412.58,8,54.0,1114.4,0.5,0,0,0,1,0,0,1,1,0,0,0,0,0,1,1
PB04985,Rupnagar,Textile,489.12,10,86.4,1378.3,2.1,0,0,0,1,1,1,1,0,0,0,0,0,0,0,1
PB04986,Patiala,Paper & Pulp,350.9,11,10.4,1292.6,23.7,0,0,0,1,1,1,1,1,1,0,0,0,0,0,1
PB04987,Bathinda,Chemical,1142.92,10,146.8,3582.4,28.3,1,1,0,1,1,1,1,1,1,1,0,1,1,1,1
PB04988,Fatehgarh Sahib,Rice Milling,104.75,8,2.0,625.8,26.7,0,0,0,1,1,0,1,1,1,0,1,0,0,0,1
PB04989,Rupnagar,Engineering/Metal Fabrication,152.15,12,38.5,156.7,10.2,0,0,0,1,1,1,1,0,0,0,0,0,0,1,1
PB04990,Fatehgarh Sahib,Electronics,100.16,27,41.3,50.0,0.5,0,0,0,1,1,1,1,1,0,0,0,0,0,1,0
PB04991,Fatehgarh Sahib,Engineering/Metal Fabrication,957.37,26,121.0,2475.8,0.5,0,0,0,1,1,1,1,1,0,0,0,0,0,1,1
PB04992,Sangrur,Paper & Pulp,81.3,5,6.2,50.0,17.0,0,1,0,1,1,0,1,1,1,0,0,1,0,0,0
PB04993,Sangrur,Rice Milling,96.99,7,46.5,177.1,23.3,0,1,0,1,0,0,1,1,1,1,1,1,0,0,1
PB04994,Hoshiarpur,Textile Dyeing,252.27,17,39.0,757.7,20.8,0,0,0,1,1,1,1,1,1,1,0,0,0,1,1
PB04995,Hoshiarpur,Electronics,2417.02,5,375.9,7209.4,0.5,0,0,0,1,1,0,1,1,0,1,0,0,0,1,1
PB04996,Bathinda,Furniture/Wood,1754.12,21,286.7,4170.7,1.2,0,0,0,1,1,1,1,1,0,0,0,0,0,1,1
PB04997,Bathinda,Textile,1785.5,24,268.1,6294.9,6.0,0,0,0,1,1,1,1,1,0,0,0,0,0,1,1
PB04998,Moga,Electronics,236.86,33,20.1,402.3,4.9,0,0,0,1,1,1,1,1,0,0,0,0,0,0,1
PB04999,Mohali (SAS Nagar),Paper & Pulp,79.29,31,2.0,50.0,25.8,0,1,0,1,1,1,1,1,1,1,0,1,0,0,0
PB05000,Fatehgarh Sahib,Steel Rolling,857.5,21,172.2,2768.9,0.5,0,0,0,1,1,1,1,0,0,0,0,0,0,1,1
PB05001,Bathinda,Electronics,3074.83,3,463.9,9318.3,2.5,1,0,0,1,1,1,0,1,1,1,0,0,1,1,0
PB05002,Sangrur,Pharmaceutical,283.84,9,58.3,585.4,24.5,1,0,0,1,0,0,1,1,1,0,0,0,1,1,1
PB05003,Bathinda,Food Processing,15.63,7,12.5,492.2,9.0,0,1,0,1,1,0,1,1,0,0,1,1,0,0,1
PB05004,Ludhiana,Electronics,3278.82,64,485.2,9051.2,0.5,0,0,0,1,1,1,1,1,0,1,0,0,0,1,1
PB05005,Amritsar,Agro-based,1232.16,17,180.4,4181.1,0.5,0,0,0,1,1,1,1,1,0,0,0,0,0,1,1
PB05006,Fatehgarh Sahib,Plastic Products,411.39,6,39.4,1932.8,14.4,1,0,0,1,1,0,1,1,1,0,0,0,1,1,1
PB05007,Rupnagar,Rice Milling,810.74,65,113.7,2059.1,30.8,0,0,0,1,1,1,1,1,0,0,1,0,0,1,1
PB05008,Bathinda,Agro-based,248.81,15,37.1,278.3,15.8,0,0,0,1,1,1,1,1,1,0,0,0,0,1,1
PB05009,Bathinda,Pharmaceutical,148.66,65,38.4,1011.2,11.3,1,0,0,1,1,1,1,1,1,1,0,0,1,1,0
PB05010,Hoshiarpur,Electronics,466.77,17,105.8,1373.9,8.0,0,0,0,1,1,1,1,1,0,0,0,0,0,1,1
PB05011,Patiala,Auto Components,2160.96,9,313.3,6453.9,16.3,0,0,0,1,1,1,1,1,1,1,0,0,0,1,1
PB05012,Amritsar,Chemical,204.02,25,37.3,755.2,33.0,1,0,0,1,1,1,1,1,1,0,0,0,1,1,1
PB05013,Fatehgarh Sahib,Electronics,1063.24,23,138.9,3850.4,7.8,0,0,0,1,1,1,1,1,0,0,0,0,0,1,1
PB05014,Bathinda,Electronics,186.46,25,45.8,753.4,6.1,0,0,0,1,1,1,1,1,1,0,0,0,0,1,0
PB05015,Bathinda,IT/Software Services,48.68,19,2.0,581.4,0.5,0,0,1,1,1,0,1,1,0,0,0,0,0,0,1
PB05016,Ludhiana,Paper & Pulp,215.93,25,48.9,597.8,9.3,0,1,0,1,1,1,1,1,1,0,0,1,0,1,1
PB05017,Hoshiarpur,Cement,1951.39,16,314.2,6026.3,5.3,0,0,0,1,1,1,1,1,0,1,0,0,0,1,1
PB05018,Ludhiana,Textile Dyeing,399.76,16,30.0,1603.9,9.1,0,0,0,1,1,1,1,1,1,0,0,0,0,1,1
PB05019,Patiala,Paper & Pulp,378.56,47,84.7,1714.3,26.9,0,1,0,1,1,1,1,1,1,0,0,1,0,1,1
PB05020,Jalandhar,Furniture/Wood,194.63,4,87.4,115.8,8.0,0,0,0,1,1,0,0,0,0,0,0,0,0,1,0
PB05021,Fatehgarh Sahib,Steel Rolling,976.38,37,154.8,2958.0,6.5,0,0,0,1,1,1,1,1,0,0,0,0,0,1,1
PB05022,Bathinda,Food Processing,1308.82,35,207.5,4298.1,10.8,0,1,0,1,1,1,1,1,0,0,1,1,0,1,1
PB05023,Ludhiana,Cement,832.52,30,121.3,2025.4,10.4,0,0,0,1,1,1,1,1,0,1,0,0,0,1,0
PB05024,Patiala,Textile,1367.6,48,225.1,3899.5,11.5,0,0,0,1,1,1,1,1,0,0,0,0,0,1,1
PB05025,Moga,Paper & Pulp,379.04,80,45.4,1373.7,16.5,0,1,0,1,1,1,1,1,1,0,0,1,0,1,0
PB05026,Rupnagar,Agro-based,968.23,27,157.4,3599.4,0.5,0,0,0,1,1,1,1,0,0,0,0,0,0,1,1
PB05027,Jalandhar,IT/Software Services,2092.01,30,279.4,6135.9,14.0,0,0,1,1,1,0,1,1,0,1,0,0,0,1,1
PB05028,Fatehgarh Sahib,Paper & Pulp,689.05,12,110.1,2602.9,14.9,0,1,0,1,1,1,1,1,1,1,0,1,0,1,1
PB05029,Mohali (SAS Nagar),Auto Components,177.01,16,23.3,267.5,1.2,0,0,0,1,1,1,1,1,0,0,0,0,0,0,1
PB05030,Bathinda,Leather Products,363.61,37,61.7,1083.5,22.0,1,0,0,1,1,1,1,1,1,0,0,0,1,1,1
PB05031,Moga,Plastic Products,1151.11,22,211.6,3568.2,6.8,1,0,0,1,1,1,1,1,1,0,0,0,1,1,1
PB05032,Hoshiarpur,Furniture/Wood,729.26,8,118.6,2365.5,0.5,0,0,0,1,1,0,1,1,0,0,0,0,0,1,1
PB05033,Patiala,Furniture/Wood,536.84,7,95.9,1813.6,0.9,0,0,0,1,1,0,1,1,0,0,0,0,1,1,1
PB05034,Mohali,Pharmaceutical,274.95,9,39.0,862.3,19.1,1,0,0,1,1,0,1,1,1,0,0,0,1,1,1
PB05035,Mohali (SAS Nagar),Steel Rolling,470.75,6,66.0,1954.6,3.1,0,0,0,1,1,0,1,1,0,0,0,0,0,1,1
PB05036,Mohali,Auto Components,198.6,20,2.0,50.0,5.8,0,0,0,1,1,1,1,1,0,0,0,0,0,0,0
PB05037,Hoshiarpur,Auto Components,954.6,33,134.6,3029.9,21.0,0,0,0,1,1,1,1,1,1,0,0,0,0,1,1
PB05038,Fatehgarh Sahib,Rice Milling,555.12,13,81.7,2487.6,20.4,0,0,0,1,1,1,1,1,1,0,1,0,0,1,1
PB05039,Mohali,Plastic Products,544.73,25,64.4,1545.0,2.7,1,0,0,1,1,1,1,1,1,1,0,0,1,1,1
PB05040,Amritsar,Auto Components,563.4,19,78.1,1542.5,0.5,0,0,0,1,1,1,1,1,0,0,0,0,0,1,1
PB05041,Jalandhar,Agro-based,1249.39,12,192.6,2587.6,5.7,1,0,0,1,1,1,1,1,1,0,0,0,1,1,1
PB05042,Ludhiana,Engineering/Metal Fabrication,2045.5,11,274.6,5385.7,5.5,0,0,0,1,1,1,1,1,0,1,0,0,0,1,1
PB05043,Mohali (SAS Nagar),IT/Software Services,215.28,35,41.1,884.4,10.8,0,0,1,1,0,0,1,1,0,0,0,0,0,1,1
PB05044,Moga,Furniture/Wood,393.88,23,38.9,1768.0,14.2,0,0,0,1,1,1,1,1,0,1,0,0,0,1,1
PB05045,Moga,Steel Rolling,390.55,84,65.7,96.0,17.9,0,0,0,1,1,1,1,1,1,0,0,0,0,1,0
PB05046,Mohali,Rice Milling,311.19,32,36.7,1205.0,24.6,0,0,0,1,1,1,1,1,1,0,1,0,0,1,1
PB05047,Moga,Chemical,240.19,2,61.4,935.2,12.6,1,1,0,1,1,0,0,1,1,0,0,1,1,1,1
PB05048,Sangrur,Agro-based,597.77,35,96.5,1757.4,2.0,0,0,0,1,1,1,1,1,0,0,0,0,0,1,1
PB05049,Rupnagar,Engineering/Metal Fabrication,361.64,24,48.4,1608.4,0.5,0,0,0,1,1,1,1,0,0,0,0,0,0,1,1
PB05050,Fatehgarh Sahib,Paper & Pulp,299.39,2,23.0,435.2,15.0,0,0,0,1,1,0,0,1,1,0,0,0,1,0,1
PB05051,Sangrur,Beverages,900.72,1,152.7,2593.4,14.7,0,1,0,1,1,0,0,1,1,0,1,1,0,1,1
PB05052,Bathinda,Plastic Products,609.29,7,101.1,1364.6,0.5,1,0,0,1,0,0,1,1,1,0,0,0,1,1,1
PB05053,Mohali (SAS Nagar),Paper & Pulp,251.91,7,36.5,595.1,22.1,0,0,0,1,1,0,1,1,1,0,0,0,0,1,1
PB05054,Hoshiarpur,Beverages,192.99,60,31.9,523.6,15.8,0,0,0,1,1,1,1,1,1,0,1,0,0,0,1
PB05055,Fatehgarh Sahib,Plastic Products,406.51,15,27.2,1439.8,15.5,1,0,0,1,1,1,1,1,0,0,0,0,1,1,1
PB05056,Ludhiana,Furniture/Wood,3855.28,14,587.1,11756.9,12.0,0,0,0,1,1,1,1,1,0,1,0,0,0,1,1
PB05057,Amritsar,Auto Components,720.58,35,114.2,2429.7,2.8,1,0,0,1,1,1,1,1,1,0,0,0,1,1,1
PB05058,Fatehgarh Sahib,Rice Milling,486.02,33,46.6,1762.5,11.1,0,0,0,1,1,1,1,1,1,0,1,0,0,1,1
PB05059,Ludhiana,Engineering/Metal Fabrication,302.65,11,13.4,741.9,4.3,0,0,0,1,1,1,1,1,0,0,0,0,0,0,1
PB05060,Rupnagar,Agro-based,6000.0,35,926.1,17989.2,5.8,0,0,0,1,1,1,1,1,0,1,0,0,0,1,1
PB05061,Fatehgarh Sahib,Pharmaceutical,305.49,21,45.1,1078.6,25.3,1,0,0,1,1,1,1,1,1,0,0,0,1,1,0
PB05062,Bathinda,Food Processing,562.07,45,60.9,2700.7,9.9,0,1,0,1,1,1,1,1,0,0,1,1,1,1,1
PB05063,Amritsar,Plastic Products,110.31,5,2.0,347.9,0.5,1,0,0,1,1,0,1,1,1,0,0,0,0,0,1
PB05064,Jalandhar,Textile Dyeing,1446.98,46,208.5,3169.9,21.9,0,1,0,1,1,1,1,1,1,0,0,1,0,1,1
PB05065,Ludhiana,Engineering/Metal Fabrication,387.02,6,66.4,1358.4,9.4,0,0,0,1,1,0,1,1,0,0,0,0,0,1,1
PB05066,Mohali (SAS Nagar),Steel Rolling,360.17,48,51.3,1736.8,8.7,0,0,0,1,1,1,1,1,0,0,0,0,0,1,1
PB05067,Fatehgarh Sahib,Leather Products,899.17,30,155.2,2899.2,24.4,1,0,0,1,1,1,1,1,1,0,0,0,1,1,1
PB05068,Bathinda,Textile,2408.56,23,376.2,7005.5,7.8,1,0,0,1,1,1,1,1,1,1,0,0,1,1,1
PB05069,Amritsar,Textile,145.76,5,48.8,205.9,4.1,0,0,0,1,1,0,0,0,0,0,0,0,0,1,1
PB05070,Fatehgarh Sahib,Chemical,934.57,8,143.6,2402.1,12.2,1,1,0,1,0,0,1,1,1,1,0,1,1,1,1
PB05071,Fatehgarh Sahib,Auto Components,881.98,20,120.0,2697.8,8.1,0,0,0,1,1,1,1,1,0,0,0,0,0,1,1
PB05072,Moga,Leather Products,488.52,2,100.4,2265.7,29.6,1,0,0,1,1,0,0,1,1,0,0,0,1,1,1
PB05073,Ludhiana,Textile,308.27,16,71.0,1175.6,5.0,0,0,0,1,1,1,1,1,0,0,0,0,0,1,1
PB05074,Fatehgarh Sahib,Chemical,185.73,3,2.0,1059.4,34.8,1,1,0,1,1,0,0,1,1,0,0,1,1,0,1
PB05075,Amritsar,Engineering/Metal Fabrication,947.94,55,133.8,2959.6,0.5,0,0,0,1,1,1,1,1,0,0,0,0,0,1,1
PB05076,Bathinda,Textile,1438.56,5,174.5,3902.8,14.1,0,0,0,1,1,0,1,1,0,0,0,0,0,1,1
PB05077,Fatehgarh Sahib,Plastic Products,273.69,29,38.2,865.4,7.6,1,0,0,1,1,1,1,1,1,0,0,0,1,1,1
PB05078,Mohali,Cement,242.18,19,50.3,819.5,0.5,0,0,0,1,0,1,1,1,0,1,0,0,0,1,1
PB05079,Fatehgarh Sahib,Steel Rolling,354.14,5,21.7,1260.6,5.5,0,0,0,1,1,0,1,1,0,0,0,0,0,0,0
PB05080,Sangrur,IT/Software Services,93.66,21,2.0,260.4,0.5,0,0,1,1,1,1,1,1,0,0,0,0,0,0,1
PB05081,Rupnagar,Textile,773.21,48,102.9,2571.5,0.5,0,0,0,1,1,1,1,1,1,0,0,0,1,1,1
PB05082,Moga,Beverages,3098.34,19,525.8,9424.0,31.3,0,0,0,1,1,1,1,1,1,1,1,0,0,1,1
PB05083,Bathinda,Chemical,2596.75,13,380.2,7721.1,19.7,1,1,0,1,1,1,1,1,1,1,0,1,1,1,1
PB05084,Sangrur,Plastic Products,1041.75,47,215.2,2282.9,0.9,1,0,0,1,1,1,1,1,1,0,0,0,1,1,1
PB05085,Fatehgarh Sahib,Auto Components,190.49,11,22.6,50.0,0.5,0,0,0,1,1,1,1,0,0,0,0,0,0,0,0
PB05086,Patiala,Furniture/Wood,5466.98,23,836.9,16477.4,5.8,1,0,0,1,1,1,1,1,1,1,0,0,1,1,1
PB05087,Bathinda,Plastic Products,139.25,13,29.8,639.3,9.7,1,0,0,1,1,1,1,1,1,0,0,0,1,1,1
PB05088,Rupnagar,Textile Dyeing,579.76,27,113.1,1977.7,19.8,0,1,0,1,1,1,1,1,1,0,0,1,0,1,1
PB05089,Sangrur,Plastic Products,680.91,67,92.0,2236.5,11.9,1,0,0,1,1,1,1,1,1,0,0,0,1,1,1
PB05090,Jalandhar,Plastic Products,1789.34,8,267.1,5747.2,7.3,1,0,0,1,1,0,1,1,1,0,0,0,1,1,1
PB05091,Hoshiarpur,Food Processing,500.88,83,51.7,1221.9,6.6,0,1,0,1,1,1,1,1,1,0,1,1,0,1,1
PB05092,Amritsar,Steel Rolling,1133.06,17,160.1,3364.6,3.9,0,0,0,1,1,1,1,1,0,0,0,0,0,1,1
PB05093,Fatehgarh Sahib,Steel Rolling,626.68,4,40.3,2065.9,6.6,0,0,0,1,1,0,0,1,0,0,0,0,0,1,1
PB05094,Jalandhar,Steel Rolling,1236.9,32,168.3,3162.6,27.5,0,0,0,1,1,1,1,1,1,0,0,0,0,1,1
PB05095,Fatehgarh Sahib,IT/Software Services,994.19,11,152.4,1928.1,10.2,0,0,1,1,1,0,1,1,0,0,0,0,0,1,1
PB05096,Mohali (SAS Nagar),IT/Software Services,379.13,2,54.3,117.2,8.9,0,0,1,1,1,0,0,0,0,0,0,0,0,1,0
PB05097,Sangrur,Steel Rolling,1003.28,10,140.3,3449.5,2.9,0,0,0,1,1,1,1,1,0,0,0,0,0,1,1
PB05098,Sangrur,Engineering/Metal Fabrication,792.47,11,107.7,1608.5,7.7,0,0,0,1,0,1,1,0,0,0,0,0,0,1,1
PB05099,Fatehgarh Sahib,Rice Milling,6000.0,29,921.1,17773.9,20.0,0,0,0,1,1,1,1,1,1,1,1,0,0,1,1
PB05100,Jalandhar,Food Processing,516.06,15,84.5,1256.9,0.5,0,1,0,1,1,1,1,1,0,0,1,1,0,1,1
PB05101,Amritsar,IT/Software Services,191.98,75,49.8,261.8,0.5,0,0,1,1,1,0,1,1,0,0,0,0,0,1,1
PB05102,Bathinda,Food Processing,220.64,7,79.4,415.2,0.5,0,0,0,1,1,0,1,1,0,0,1,0,0,1,1
PB05103,Fatehgarh Sahib,Pharmaceutical,142.01,33,3.6,451.7,17.1,1,0,0,1,1,1,1,1,1,0,0,0,1,0,1
PB05104,Moga,Cement,427.13,9,35.6,1251.6,0.5,0,0,0,1,1,0,1,1,0,0,0,0,0,1,1
PB05105,Bathinda,Cement,114.43,38,27.1,861.4,9.4,0,0,0,1,1,1,1,1,0,0,0,0,1,1,1
PB05106,Rupnagar,Paper & Pulp,588.27,22,91.0,2279.9,12.8,0,1,0,1,1,1,1,1,1,1,0,1,0,1,1
PB05107,Mohali,Rice Milling,338.86,4,32.0,1326.1,27.8,0,1,0,1,1,0,0,1,1,0,1,1,0,1,1
PB05108,Hoshiarpur,Engineering/Metal Fabrication,39.42,7,36.9,202.2,1.7,0,0,0,1,1,0,1,0,0,0,0,0,1,1,1
PB05109,Moga,Textile Dyeing,94.28,36,9.4,728.0,28.3,0,1,0,1,1,1,1,1,1,0,0,1,0,0,1
PB05110,Fatehgarh Sahib,Plastic Products,278.4,14,44.0,94.4,15.0,1,0,0,1,1,1,1,1,1,0,0,0,1,1,1
PB05111,Fatehgarh Sahib,Textile Dyeing,963.48,26,156.3,3197.0,29.4,0,1,0,1,1,1,1,1,1,0,0,1,0,1,1
PB05112,Mohali (SAS Nagar),Paper & Pulp,437.34,26,90.1,712.9,13.2,0,1,0,1,1,1,1,1,1,0,0,1,0,1,1
PB05113,Sangrur,Rice Milling,81.57,20,27.4,50.0,11.5,0,1,0,1,1,1,1,1,1,0,1,1,0,1,0
PB05114,Hoshiarpur,Pharmaceutical,221.3,16,47.2,1045.8,16.1,1,0,0,1,1,1,1,1,0,0,0,0,1,1,1
PB05115,Hoshiarpur,Paper & Pulp,332.63,22,80.8,388.4,13.0,0,1,0,1,1,1,1,1,0,0,0,1,0,1,1
PB05116,Rupnagar,Beverages,1312.27,6,173.7,4796.4,21.1,0,1,0,1,1,0,1,1,1,0,1,1,0,1,1
PB05117,Jalandhar,Textile,330.49,21,54.3,1519.5,6.4,0,0,0,1,1,1,1,1,0,0,0,0,0,1,1
PB05118,Mohali,Beverages,504.49,11,67.1,1357.3,33.3,0,1,0,1,0,1,1,1,1,0,1,1,0,1,1
PB05119,Ludhiana,Plastic Products,208.29,9,15.4,1088.3,5.7,1,0,0,1,1,0,1,1,1,0,0,0,1,0,1
PB05120,Hoshiarpur,IT/Software Services,131.45,8,2.0,998.9,0.5,1,0,1,1,1,0,1,1,1,0,0,0,1,0,1
PB05121,Mohali,Beverages,50.85,4,3.7,144.6,11.7,0,1,0,1,1,0,0,1,1,0,1,1,0,0,0
PB05122,Sangrur,Food Processing,424.86,13,88.4,1261.0,0.5,0,1,0,1,1,1,1,1,0,0,1,1,0,1,1
PB05123,Sangrur,Food Processing,182.66,33,21.3,1208.1,0.5,0,0,0,1,1,1,1,1,0,0,1,0,0,0,1
PB05124,Rupnagar,Textile Dyeing,392.96,18,51.7,1394.0,0.5,0,0,0,1,1,1,1,1,1,0,0,0,0,1,1
PB05125,Moga,Plastic Products,923.07,41,167.0,2697.6,0.5,1,0,0,1,1,1,1,1,1,0,0,0,1,1,1
PB05126,Fatehgarh Sahib,Chemical,116.33,51,28.3,1036.5,20.1,1,1,0,1,1,1,1,1,1,0,0,1,1,1,1
PB05127,Mohali (SAS Nagar),Textile,430.82,18,72.7,2184.0,0.5,1,0,0,1,1,1,1,1,1,0,0,0,1,1,1
PB05128,Moga,Textile,3864.21,12,570.3,12344.1,5.8,0,0,0,1,1,1,1,1,0,1,0,0,0,1,1
PB05129,Mohali,Paper & Pulp,1006.04,7,171.4,2614.1,20.5,0,1,0,1,1,0,1,1,1,0,0,1,0,1,1
PB05130,Moga,Food Processing,432.37,3,44.6,815.5,1.4,0,0,0,1,0,0,0,1,0,0,1,0,0,1,1
PB05131,Patiala,Beverages,360.49,5,78.9,1695.6,37.6,0,0,0,1,1,0,1,1,1,0,1,0,0,1,1
PB05132,Hoshiarpur,IT/Software Services,166.18,6,21.0,59.6,0.5,0,0,1,1,1,0,1,0,0,0,0,0,0,0,0
PB05133,Sangrur,Chemical,326.38,24,15.4,1070.1,30.3,1,1,0,1,1,0,1,1,1,0,0,1,1,0,1
PB05134,Sangrur,Plastic Products,240.17,28,10.8,50.0,0.5,1,0,0,1,1,1,1,1,1,0,0,0,1,0,0
PB05135,Mohali,IT/Software Services,49.34,93,41.1,423.9,1.0,0,0,1,1,1,0,1,1,0,0,0,0,0,1,1
PB05136,Jalandhar,Leather Products,296.63,3,51.7,904.3,18.5,1,0,0,1,1,0,0,0,1,0,0,0,1,1,0
PB05137,Hoshiarpur,Rice Milling,6000.0,135,913.0,17575.0,16.2,0,0,0,1,1,1,1,1,1,1,1,0,1,1,1
PB05138,Amritsar,Cement,222.27,4,31.9,60.9,9.1,0,0,0,1,1,0,0,0,0,0,0,0,0,1,0
PB05139,Jalandhar,Paper & Pulp,350.57,5,25.7,626.2,28.0,0,0,0,1,1,0,1,1,1,0,0,0,0,1,1
PB05140,Ludhiana,Chemical,6000.0,19,921.6,18207.8,31.0,1,0,0,1,1,1,1,1,1,1,0,0,1,1,1
PB05141,Amritsar,Textile Dyeing,94.03,4,36.6,319.8,11.5,0,1,0,1,1,0,0,1,1,0,0,1,0,1,1
PB05142,Rupnagar,Rice Milling,285.72,5,57.7,1453.9,23.1,0,1,0,1,1,0,1,1,1,0,1,1,1,1,1
PB05143,Rupnagar,Food Processing,80.38,21,13.1,288.4,2.1,0,1,0,1,1,1,1,1,0,0,1,1,0,0,1
PB05144,Mohali (SAS Nagar),Plastic Products,210.66,30,45.0,1083.2,13.9,1,0,0,1,1,1,1,1,1,0,0,0,1,1,1
PB05145,Bathinda,IT/Software Services,357.43,2,49.1,1660.0,15.7,0,0,1,1,1,0,0,1,1,0,0,0,0,1,1
PB05146,Mohali,Cement,654.47,11,112.4,2215.1,0.5,0,0,0,1,1,1,1,1,0,1,0,0,0,1,1
PB05147,Sangrur,Cement,1379.44,30,211.5,3835.6,0.8,0,0,0,1,1,1,1,1,0,1,0,0,0,1,1
PB05148,Amritsar,Textile,644.99,7,133.7,1448.6,15.7,0,0,0,1,1,0,1,1,1,0,0,0,0,1,1
PB05149,Rupnagar,Leather Products,662.56,39,106.7,2419.6,30.1,1,0,0,1,1,1,1,1,1,0,0,0,1,1,1
PB05150,Mohali,Cement,82.2,19,18.6,50.0,3.9,0,0,0,1,1,1,1,1,0,0,0,0,0,0,0
PB05151,Sangrur,Agro-based,191.36,42,6.0,563.1,14.9,0,0,0,1,1,1,1,1,0,0,0,0,0,0,1
PB05152,Fatehgarh Sahib,Electronics,1476.68,5,230.5,4278.4,2.7,0,0,0,1,1,0,1,1,0,0,0,0,0,1,1
PB05153,Amritsar,Plastic Products,206.51,94,34.4,244.6,0.5,1,0,0,1,0,1,1,1,1,0,0,0,1,1,1
PB05154,Mohali (SAS Nagar),Food Processing,88.1,5,2.0,1539.6,22.2,0,1,0,1,1,0,1,1,1,0,1,1,0,0,1
PB05155,Rupnagar,Food Processing,114.72,38,2.0,853.3,2.1,0,1,0,1,1,1,0,1,0,0,1,1,0,0,1
PB05156,Amritsar,Chemical,66.09,3,8.2,50.0,15.5,1,1,0,1,1,0,0,1,1,0,0,1,0,0,0
PB05157,Bathinda,Pharmaceutical,742.72,4,92.6,1914.9,26.2,1,0,0,1,1,0,0,1,1,1,0,0,1,1,1
PB05158,Patiala,Chemical,518.23,10,82.6,1741.4,10.6,1,0,0,1,1,1,1,1,1,1,0,0,1,1,1
PB05159,Ludhiana,Agro-based,353.58,3,99.6,732.7,0.5,0,0,0,1,1,0,0,1,0,0,0,0,1,1,1
PB05160,Jalandhar,Engineering/Metal Fabrication,75.34,5,2.0,50.0,6.0,0,0,0,1,1,0,1,0,0,0,0,0,0,0,0
PB05161,Fatehgarh Sahib,Paper & Pulp,50.26,4,10.9,934.4,18.0,0,1,0,1,1,0,0,1,1,0,0,1,0,0,1
PB05162,Sangrur,Electronics,152.19,8,37.4,50.0,6.8,0,0,0,1,1,0,1,0,0,0,0,0,0,1,0
PB05163,Sangrur,Leather Products,453.42,15,44.2,1420.6,7.8,1,0,0,1,1,1,1,1,1,0,0,0,1,1,1
PB05164,Hoshiarpur,Pharmaceutical,118.75,62,12.6,352.3,26.6,1,0,0,1,1,1,1,1,1,0,0,0,1,0,1
PB05165,Hoshiarpur,Pharmaceutical,1047.2,50,135.4,2735.4,29.8,1,0,0,1,1,1,1,1,1,1,0,0,1,1,1
PB05166,Mohali (SAS Nagar),Engineering/Metal Fabrication,172.53,57,31.8,371.0,7.7,1,0,0,1,1,1,1,1,1,0,0,0,1,1,1
PB05167,Patiala,IT/Software Services,961.82,52,127.7,2572.8,2.9,0,0,1,1,1,0,1,1,0,0,0,0,0,1,1
PB05168,Fatehgarh Sahib,Beverages,576.66,55,82.0,2095.3,15.2,0,0,0,1,1,1,1,1,1,0,1,0,0,1,1
PB05169,Ludhiana,Rice Milling,586.45,8,70.2,1189.1,10.0,0,1,0,1,1,0,1,1,1,0,1,1,0,1,1
PB05170,Mohali,Leather Products,259.39,12,28.5,1643.4,20.2,1,0,0,1,1,1,1,1,1,0,0,0,1,1,1
PB05171,Patiala,Plastic Products,1055.23,5,196.1,3216.0,5.1,1,0,0,1,1,0,1,1,1,0,0,0,1,1,1
PB05172,Amritsar,Textile Dyeing,168.83,3,2.0,917.4,25.6,0,1,0,1,1,0,0,1,1,0,0,1,0,0,1
PB05173,Mohali (SAS Nagar),Furniture/Wood,101.63,17,42.3,50.0,0.5,0,0,0,1,1,1,1,1,0,0,0,0,0,1,0
PB05174,Amritsar,Textile,1413.54,4,200.4,4278.6,15.2,0,0,0,1,1,0,0,1,1,0,0,0,0,1,1
PB05175,Moga,Cement,135.0,77,39.4,50.0,3.4,0,0,0,1,1,1,1,1,0,0,0,0,0,1,0
PB05176,Patiala,Paper & Pulp,959.23,13,192.5,3727.1,5.5,0,0,0,1,1,1,1,1,1,1,0,0,0,1,1
PB05177,Bathinda,Chemical,747.46,5,109.2,2219.9,15.6,1,0,0,1,1,0,1,1,1,1,0,0,1,1,1
PB05178,Mohali (SAS Nagar),Electronics,240.4,4,73.9,1085.2,2.0,0,0,0,1,0,0,0,1,0,0,0,0,0,1,1
PB05179,Jalandhar,IT/Software Services,34.99,13,39.2,695.6,0.5,0,0,1,1,1,0,1,1,0,0,0,0,0,1,1
PB05180,Hoshiarpur,Electronics,392.34,13,52.5,1146.7,3.2,0,0,0,1,1,1,1,1,0,0,0,0,0,1,1
PB05181,Sangrur,IT/Software Services,573.66,13,73.8,2032.6,1.1,0,0,1,1,1,0,0,1,0,0,0,0,0,1,1
PB05182,Sangrur,Textile Dyeing,1111.25,64,125.8,2358.0,17.2,0,1,0,1,1,1,1,1,1,0,0,1,0,1,1
PB05183,Jalandhar,Chemical,6000.0,8,894.0,18234.4,9.2,1,0,0,1,1,0,1,1,1,1,0,0,1,1,1
PB05184,Mohali (SAS Nagar),Textile Dyeing,1016.79,25,136.3,3012.2,35.8,0,0,0,1,1,1,1,1,0,0,0,0,0,1,1
PB05185,Patiala,Plastic Products,633.73,15,89.4,958.8,15.7,1,0,0,1,1,1,1,1,1,0,0,0,1,1,1
PB05186,Moga,Furniture/Wood,276.54,10,56.1,1351.8,0.5,0,0,0,1,1,1,1,1,0,0,0,0,0,1,1
PB05187,Ludhiana,Auto Components,3854.9,5,603.8,12470.0,12.1,0,0,0,1,1,0,1,1,0,1,0,0,0,1,1
PB05188,Jalandhar,Auto Components,1864.82,8,294.8,5083.2,7.4,1,0,0,1,1,0,1,1,1,0,0,0,0,1,1
PB05189,Moga,Pharmaceutical,294.43,12,38.8,784.8,15.6,1,0,0,1,0,1,1,1,1,0,0,0,1,1,1
PB05190,Patiala,Leather Products,282.54,49,42.6,462.2,19.4,1,0,0,1,1,1,1,1,1,0,0,0,1,1,1
PB05191,Fatehgarh Sahib,IT/Software Services,1022.62,6,139.8,2552.3,11.9,0,0,1,1,1,0,1,1,0,0,0,0,0,1,1
PB05192,Mohali,Rice Milling,264.67,8,48.3,412.1,27.7,0,0,0,1,1,0,1,1,1,0,1,0,0,1,1
PB05193,Rupnagar,Paper & Pulp,4335.27,9,637.2,13174.4,21.8,0,1,0,1,1,0,1,1,1,1,0,1,0,1,1
PB05194,Amritsar,Beverages,534.46,15,50.1,1536.6,19.6,0,1,0,1,0,1,1,1,1,0,1,1,0,1,1
PB05195,Mohali,Rice Milling,279.22,5,50.2,86.2,13.2,0,1,0,1,1,0,1,1,1,0,1,1,0,1,0
PB05196,Fatehgarh Sahib,Engineering/Metal Fabrication,230.12,37,19.3,503.0,0.5,0,0,0,1,0,1,1,1,0,0,0,0,0,0,1
PB05197,Bathinda,Agro-based,1125.09,15,186.5,3244.5,7.7,0,0,0,1,1,1,1,1,0,0,0,0,0,1,1
PB05198,Sangrur,Furniture/Wood,382.18,7,23.9,1484.2,12.8,0,0,0,1,1,0,1,1,1,0,0,0,0,0,1
PB05199,Patiala,Pharmaceutical,697.97,10,113.4,2814.5,30.4,1,0,0,1,1,1,1,1,1,1,0,0,1,1,1
PB05200,Sangrur,Cement,968.37,5,123.1,2471.9,5.9,0,0,0,1,1,0,1,1,0,1,0,0,0,1,1
PB05201,Amritsar,Engineering/Metal Fabrication,2298.04,1,313.7,7279.3,24.8,0,0,0,1,1,0,0,1,1,1,0,0,0,1,1
PB05202,Hoshiarpur,Paper & Pulp,854.73,20,133.2,2506.6,36.5,0,1,0,1,1,1,1,1,1,1,0,1,0,1,1
PB05203,Mohali (SAS Nagar),Furniture/Wood,4233.02,16,629.6,12554.8,7.9,1,0,0,1,1,1,1,1,1,1,0,0,0,1,1
PB05204,Mohali (SAS Nagar),Leather Products,564.81,5,101.3,2425.6,13.0,1,0,0,1,1,0,1,1,1,0,0,0,1,1,1
PB05205,Amritsar,Engineering/Metal Fabrication,2321.03,29,348.2,7188.1,0.5,0,0,0,1,1,1,1,1,0,1,0,0,0,1,1
PB05206,Mohali (SAS Nagar),Leather Products,549.73,22,67.9,1398.8,26.7,1,0,0,1,1,1,1,1,1,0,0,0,1,1,1
PB05207,Moga,Agro-based,183.63,118,32.7,720.1,0.5,0,0,0,1,1,1,1,1,0,0,0,0,0,1,1
PB05208,Hoshiarpur,Furniture/Wood,1269.55,32,182.5,3967.3,3.7,0,0,0,1,1,1,1,1,0,0,0,0,0,1,1
PB05209,Moga,Paper & Pulp,46.35,21,15.7,714.1,16.6,0,1,0,1,1,1,1,1,1,0,0,1,0,0,1
PB05210,Mohali,Chemical,2527.95,13,394.3,6817.0,27.3,1,0,0,1,1,1,1,1,1,1,0,0,1,1,1
PB05211,Ludhiana,Leather Products,834.29,43,137.9,2717.5,0.5,1,0,0,1,1,1,0,1,1,0,0,0,1,1,1
PB05212,Mohali (SAS Nagar),Paper & Pulp,137.2,5,21.8,50.0,7.5,0,0,0,1,1,0,1,0,1,0,0,0,0,0,0
PB05213,Mohali (SAS Nagar),Cement,440.55,13,63.1,1437.0,10.6,0,0,0,1,1,1,1,1,0,0,0,0,1,1,1
PB05214,Patiala,Textile,42.13,11,2.0,50.0,0.5,0,0,0,1,1,0,1,0,0,0,0,0,0,0,0
PB05215,Amritsar,Leather Products,470.62,8,52.7,1267.5,28.3,1,0,0,1,1,0,1,1,0,0,0,0,1,1,1
PB05216,Amritsar,Leather Products,11.25,11,2.0,50.0,18.4,1,0,0,1,1,0,1,1,1,0,0,0,1,0,0
PB05217,Hoshiarpur,Engineering/Metal Fabrication,565.46,45,128.5,1360.4,0.5,0,0,0,1,1,1,1,1,0,0,0,0,0,1,1
PB05218,Moga,Auto Components,3549.26,15,484.7,10958.2,10.7,0,0,0,1,1,1,1,1,0,1,0,0,0,1,1
PB05219,Mohali,Rice Milling,294.52,12,47.1,1483.5,27.8,0,1,0,1,1,1,1,1,1,0,1,1,0,1,1
PB05220,Hoshiarpur,Cement,280.62,21,46.5,1058.6,5.2,0,0,0,1,1,1,1,1,0,0,0,0,0,1,1
PB05221,Ludhiana,Textile Dyeing,2142.57,16,366.7,6229.1,20.8,0,0,0,1,1,1,1,1,1,1,0,0,0,1,1
PB05222,Bathinda,Cement,236.87,14,65.9,736.9,0.5,0,0,0,1,1,1,1,1,0,0,0,0,0,1,1
PB05223,Hoshiarpur,Chemical,198.16,14,34.7,1244.6,16.0,1,0,0,1,1,1,1,1,1,0,0,0,1,1,1
PB05224,Amritsar,Plastic Products,48.99,74,5.2,50.0,0.5,1,0,0,1,1,1,1,1,1,0,0,0,0,0,0
PB05225,Sangrur,Electronics,762.35,11,126.2,1689.6,8.4,0,0,0,1,1,1,1,1,0,0,0,0,0,1,1
PB05226,Patiala,Plastic Products,178.28,62,25.3,1204.2,17.1,1,0,0,1,1,1,1,1,1,0,0,0,1,1,1
PB05227,Rupnagar,Food Processing,138.15,16,32.0,50.0,0.5,0,0,0,1,1,1,1,1,0,0,1,0,1,0,0
PB05228,Sangrur,Plastic Products,1207.56,20,150.5,3511.2,0.5,1,0,0,1,1,1,1,1,1,0,0,0,1,1,1
PB05229,Amritsar,Food Processing,225.61,44,2.0,291.0,5.0,0,0,0,1,1,1,1,1,0,0,1,0,0,0,1
PB05230,Rupnagar,Agro-based,225.69,8,42.9,388.8,7.2,0,0,0,1,1,0,1,1,0,0,0,0,0,1,0
PB05231,Ludhiana,Furniture/Wood,431.26,38,56.3,629.1,13.1,0,0,0,1,1,1,1,1,0,0,0,0,0,1,1
PB05232,Bathinda,Food Processing,1280.9,8,216.9,4376.4,0.5,0,1,0,1,1,0,1,1,0,0,1,1,0,1,1
PB05233,Mohali (SAS Nagar),Agro-based,178.04,9,2.0,1197.5,7.0,0,0,0,1,1,0,1,1,0,0,0,0,0,0,1
PB05234,Sangrur,Chemical,45.46,5,8.8,559.7,11.3,1,1,0,1,1,0,1,1,1,0,0,1,0,0,1
PB05235,Jalandhar,Furniture/Wood,683.41,6,147.6,3415.6,5.2,0,0,0,1,1,0,1,1,0,0,0,0,0,1,1
PB05236,Amritsar,Food Processing,269.89,10,39.6,676.0,10.2,0,0,0,1,1,1,0,1,0,0,1,0,0,1,1
PB05237,Jalandhar,Cement,721.39,20,106.5,1622.4,5.3,0,0,0,1,1,1,1,1,0,1,0,0,0,1,1
PB05238,Fatehgarh Sahib,Textile Dyeing,502.23,12,97.3,829.3,29.2,0,0,0,1,1,1,1,1,1,0,0,0,0,1,1
PB05239,Sangrur,Rice Milling,1356.22,56,186.6,4034.5,3.5,0,1,0,1,1,1,1,1,1,0,1,1,0,1,1
PB05240,Hoshiarpur,Chemical,166.52,66,28.7,241.5,25.5,1,1,0,1,1,1,1,1,1,0,0,1,1,0,1
PB05241,Rupnagar,Paper & Pulp,325.21,6,2.0,1943.4,35.8,0,1,0,1,1,0,1,1,1,1,0,1,0,0,1
PB05242,Bathinda,Electronics,135.65,41,37.8,873.1,6.8,0,0,0,1,1,1,1,1,0,0,0,0,0,1,1
PB05243,Mohali (SAS Nagar),Plastic Products,1509.15,25,196.1,4536.1,3.7,1,0,0,1,1,1,1,1,1,0,0,0,1,1,1
PB05244,Fatehgarh Sahib,Agro-based,279.03,4,51.0,916.6,10.6,0,0,0,1,1,0,0,1,0,0,0,0,0,1,1
PB05245,Amritsar,Food Processing,206.55,86,35.8,403.8,0.5,0,0,0,1,1,1,1,1,0,0,1,0,0,1,1
PB05246,Ludhiana,Rice Milling,747.46,4,106.6,2586.5,24.8,0,1,0,1,1,0,1,1,1,0,1,1,0,1,1
PB05247,Bathinda,Electronics,107.89,42,30.0,973.0,0.5,0,0,0,1,1,1,1,1,0,0,0,0,0,1,1
PB05248,Moga,Pharmaceutical,6000.0,64,915.9,17752.5,11.6,1,0,0,1,1,1,1,1,1,1,0,0,1,1,1
PB05249,Moga,Cement,28.64,11,5.3,50.0,12.8,0,0,0,1,1,1,1,0,0,0,0,0,0,0,0
PB05250,Ludhiana,Cement,263.12,84,47.0,1100.7,9.8,0,0,0,1,1,1,1,1,0,0,0,0,0,1,1
PB05251,Mohali,Textile,2952.62,7,458.7,9326.3,8.2,0,0,0,1,1,0,1,1,0,1,0,0,0,1,1
PB05252,Ludhiana,IT/Software Services,112.98,12,27.8,1300.4,0.5,0,0,1,1,0,0,1,1,0,0,0,0,0,1,0
PB05253,Sangrur,Leather Products,466.42,10,66.0,2292.8,26.8,1,0,0,1,1,1,1,1,1,0,0,0,1,1,1
PB05254,Patiala,Pharmaceutical,90.11,13,2.0,50.0,24.6,1,0,0,1,1,0,1,1,1,0,0,0,0,0,0
PB05255,Moga,Electronics,319.51,17,46.5,828.8,11.7,0,0,0,1,1,1,1,1,0,0,0,0,0,1,1
PB05256,Mohali (SAS Nagar),Plastic Products,128.51,8,16.3,278.1,0.5,1,0,0,1,1,0,1,1,1,0,0,0,1,0,1
PB05257,Moga,Food Processing,136.02,10,12.9,50.0,7.8,0,0,0,1,1,1,1,0,0,0,1,0,0,0,0
PB05258,Bathinda,Steel Rolling,95.98,16,33.1,50.0,10.8,0,0,0,1,1,1,1,1,0,0,0,0,0,1,0
PB05259,Rupnagar,Leather Products,184.54,14,18.7,545.7,24.9,1,0,0,1,1,1,1,1,1,0,0,0,1,0,1
PB05260,Rupnagar,Leather Products,353.09,14,52.3,763.4,23.8,1,0,0,1,1,0,1,1,1,0,0,0,1,1,1
PB05261,Ludhiana,Rice Milling,230.77,24,28.0,1045.3,11.5,0,1,0,1,1,1,1,1,1,0,1,1,0,1,1
PB05262,Rupnagar,Agro-based,85.39,4,26.9,457.0,2.8,0,0,0,1,1,0,0,0,0,0,0,0,0,1,1
PB05263,Patiala,IT/Software Services,762.62,6,125.3,2388.5,3.5,0,0,1,1,1,0,1,1,0,0,0,0,0,1,1
PB05264,Amritsar,Plastic Products,16.27,7,36.6,422.6,0.5,1,0,0,1,1,0,1,1,1,0,0,0,0,1,1
PB05265,Jalandhar,Food Processing,960.75,16,147.7,3341.5,0.5,0,1,0,1,1,1,1,1,0,0,1,1,0,1,1
PB05266,Rupnagar,Paper & Pulp,662.49,30,117.5,2382.6,27.8,0,1,0,1,1,1,1,1,1,1,0,1,0,1,1
PB05267,Hoshiarpur,Auto Components,1788.51,104,310.2,6195.1,11.6,0,0,0,1,1,1,1,1,0,0,0,0,0,1,1
PB05268,Hoshiarpur,Steel Rolling,256.62,30,63.6,50.0,0.5,0,0,0,1,1,1,1,1,0,0,0,0,0,1,0
PB05269,Ludhiana,Pharmaceutical,372.5,24,56.1,2220.1,21.6,1,0,0,1,1,1,1,1,1,0,0,0,1,1,1
PB05270,Mohali (SAS Nagar),Rice Milling,507.15,36,108.3,2053.0,18.0,0,0,0,1,1,1,1,1,0,0,1,0,0,1,1
PB05271,Patiala,Pharmaceutical,1024.45,23,165.3,2027.8,8.3,1,0,0,1,1,1,1,1,1,1,0,0,1,1,1
PB05272,Hoshiarpur,Food Processing,752.0,33,103.4,2539.4,9.1,0,1,0,1,1,1,1,0,0,0,1,1,0,1,1
PB05273,Bathinda,Food Processing,861.29,27,158.2,2763.4,2.3,0,0,0,1,1,1,1,1,0,1,1,0,0,1,1
PB05274,Jalandhar,Agro-based,5843.49,7,879.5,17551.7,9.0,0,0,0,1,1,0,1,1,0,1,0,0,0,1,1
PB05275,Jalandhar,Furniture/Wood,3414.48,29,500.3,10155.5,9.6,0,0,0,1,1,1,1,1,0,1,0,0,0,1,1
PB05276,Hoshiarpur,Textile,1385.17,35,220.0,3683.3,1.0,0,0,0,1,1,1,1,0,1,0,0,0,0,1,1
PB05277,Hoshiarpur,Electronics,1843.2,22,257.7,5232.0,8.2,0,0,0,1,1,1,0,1,0,0,0,0,0,1,1
PB05278,Amritsar,Textile Dyeing,138.82,35,16.4,50.0,31.2,0,1,0,1,1,1,1,1,0,0,0,1,0,0,0
PB05279,Ludhiana,Auto Components,603.56,42,75.1,1418.5,17.2,0,0,0,1,1,1,1,1,1,0,0,0,0,1,1
PB05280,Rupnagar,Cement,241.14,28,26.2,50.0,7.3,0,0,0,1,1,1,1,1,0,0,0,0,0,1,0
PB05281,Moga,Textile Dyeing,197.25,19,33.8,50.0,17.6,0,0,0,1,1,1,1,1,1,0,0,0,0,1,0
PB05282,Moga,IT/Software Services,1865.71,4,293.4,5633.9,9.7,0,0,1,1,1,0,0,1,0,0,0,0,0,1,1
PB05283,Bathinda,Engineering/Metal Fabrication,5484.31,6,820.8,15714.1,13.0,0,0,0,1,1,0,1,0,0,0,0,0,0,1,1
PB05284,Mohali,Paper & Pulp,130.98,40,50.3,251.9,25.2,0,1,0,1,1,1,1,1,1,0,0,1,0,1,1
PB05285,Fatehgarh Sahib,Leather Products,821.74,10,159.2,4261.3,21.0,1,0,0,1,1,1,1,1,1,0,0,0,1,1,1
PB05286,Amritsar,Textile,1613.99,33,236.1,4697.3,0.5,0,0,0,1,1,1,1,1,1,0,0,0,0,1,1
PB05287,Jalandhar,Rice Milling,797.96,16,109.4,2633.7,30.7,0,1,0,1,1,1,1,1,1,0,1,1,0,1,1
PB05288,Jalandhar,Electronics,626.59,27,91.9,1261.8,0.5,0,0,0,1,1,1,1,1,0,0,0,0,0,0,1
PB05289,Fatehgarh Sahib,Textile,193.42,13,30.0,1033.9,2.7,0,0,0,1,1,1,1,1,0,0,0,0,0,1,0
PB05290,Mohali (SAS Nagar),Agro-based,529.04,23,72.3,1839.3,0.5,0,0,0,1,0,1,1,1,0,0,0,0,0,1,1
PB05291,Moga,Beverages,107.77,16,27.6,772.2,34.3,0,0,0,1,1,1,1,1,1,0,1,0,0,1,1
PB05292,Bathinda,Pharmaceutical,1413.8,15,202.5,4647.3,26.4,1,0,0,1,1,1,1,1,1,1,0,0,1,0,1
PB05293,Hoshiarpur,Cement,484.36,14,43.2,1548.7,8.0,0,0,0,1,0,1,1,1,0,0,0,0,0,1,1
PB05294,Patiala,Auto Components,366.0,22,36.3,1587.7,2.5,0,0,0,1,1,1,1,1,0,0,0,0,0,1,1
PB05295,Rupnagar,Furniture/Wood,1131.83,23,153.7,3713.6,13.8,0,0,0,1,1,1,1,1,0,0,0,0,0,1,1
PB05296,Fatehgarh Sahib,Beverages,346.54,4,65.6,1081.1,10.7,0,1,0,1,1,0,0,1,1,0,1,1,0,1,1
PB05297,Jalandhar,Cement,570.57,32,62.1,854.3,0.5,0,0,0,1,1,1,1,1,0,1,0,0,0,1,1
PB05298,Rupnagar,Pharmaceutical,329.23,5,58.5,1404.8,22.5,1,0,0,1,1,0,1,1,1,0,0,0,1,1,1
PB05299,Mohali,Electronics,67.77,11,35.8,251.0,0.5,0,0,0,1,1,1,1,0,0,0,0,0,0,1,1
PB05300,Fatehgarh Sahib,Furniture/Wood,255.8,19,2.0,485.1,13.6,0,0,0,1,0,0,1,0,1,0,0,0,0,0,1
PB05301,Mohali (SAS Nagar),Beverages,809.94,8,84.9,2784.1,13.3,0,1,0,1,1,0,1,1,1,0,1,1,0,1,1
PB05302,Moga,Furniture/Wood,669.33,16,126.4,2360.7,0.5,0,0,0,1,0,1,1,1,0,0,0,0,1,1,1
PB05303,Mohali,Plastic Products,237.63,47,67.9,1252.4,0.5,1,0,0,1,0,1,1,1,1,0,0,0,1,1,1
PB05304,Rupnagar,IT/Software Services,256.05,9,54.8,1010.7,3.2,0,0,1,1,1,0,1,1,0,0,0,0,0,1,1
PB05305,Ludhiana,Engineering/Metal Fabrication,577.71,15,95.4,1360.4,10.3,0,0,0,1,1,1,0,1,0,0,0,0,0,1,1
PB05306,Moga,Beverages,1473.93,5,195.9,4860.5,8.8,0,1,0,1,1,0,1,1,1,0,1,1,0,1,1
PB05307,Mohali (SAS Nagar),Pharmaceutical,6000.0,24,912.6,18503.3,14.6,1,0,0,1,1,1,1,1,1,1,0,0,1,1,0
PB05308,Jalandhar,Rice Milling,632.17,17,95.2,2158.2,11.6,0,1,0,1,1,1,1,1,1,0,1,1,0,1,1
PB05309,Mohali,Auto Components,754.79,11,103.1,2749.7,5.0,0,0,0,1,1,1,1,1,0,0,0,0,0,0,1
PB05310,Sangrur,Engineering/Metal Fabrication,155.4,46,46.1,415.8,0.5,0,0,0,1,1,1,1,1,0,0,0,0,0,1,1
PB05311,Hoshiarpur,Plastic Products,494.99,45,55.3,1047.8,18.4,1,0,0,1,1,1,1,1,1,0,0,0,1,1,1
PB05312,Sangrur,Furniture/Wood,3728.39,33,548.8,10712.7,17.4,0,0,0,1,1,1,1,1,1,1,0,0,0,1,1
PB05313,Patiala,Rice Milling,142.02,43,23.9,637.6,10.6,0,1,0,1,1,1,1,1,1,0,1,1,0,0,1
PB05314,Jalandhar,IT/Software Services,70.55,17,2.0,50.0,0.5,0,0,1,1,0,0,1,1,0,0,0,0,0,0,0
PB05315,Fatehgarh Sahib,Furniture/Wood,140.06,1,17.0,1100.3,5.1,0,0,0,1,1,0,0,1,0,1,0,0,0,0,1
PB05316,Ludhiana,Beverages,139.37,65,2.0,50.0,33.8,0,1,0,1,1,1,1,1,1,0,1,1,0,0,0
PB05317,Hoshiarpur,Steel Rolling,2696.07,20,372.8,7979.4,5.6,1,0,0,1,1,1,1,1,1,1,0,0,1,1,1
PB05318,Sangrur,IT/Software Services,410.6,6,44.7,721.1,0.5,0,0,1,1,1,0,1,1,0,0,0,0,0,1,1
PB05319,Jalandhar,Engineering/Metal Fabrication,3001.58,39,453.8,8537.9,0.5,0,0,0,1,1,1,1,1,0,1,0,0,0,0,1
PB05320,Moga,Agro-based,58.24,44,2.0,166.3,7.6,0,0,0,1,1,1,1,1,0,0,0,0,0,0,1
PB05321,Sangrur,Textile Dyeing,74.48,4,6.2,1020.2,19.4,0,1,0,1,1,0,0,1,1,1,0,1,0,0,1
PB05322,Jalandhar,Cement,347.45,4,58.4,994.1,11.2,0,0,0,1,1,0,0,0,0,0,0,0,0,1,1
PB05323,Fatehgarh Sahib,Paper & Pulp,2.98,9,2.0,50.0,19.2,0,0,0,1,1,0,1,0,1,0,0,0,0,0,0
PB05324,Jalandhar,Furniture/Wood,197.68,18,69.2,266.9,2.2,0,0,0,1,1,1,1,1,0,0,0,0,0,1,1
PB05325,Fatehgarh Sahib,Textile,68.86,15,24.0,50.0,5.6,0,0,0,1,0,1,1,1,0,0,0,0,0,0,0
PB05326,Moga,Pharmaceutical,301.99,7,50.3,739.8,11.5,1,0,0,1,1,0,1,1,1,0,0,0,1,1,1
PB05327,Hoshiarpur,IT/Software Services,914.23,14,145.3,3156.3,10.6,0,0,1,1,1,0,1,0,0,0,0,0,0,1,1
PB05328,Mohali (SAS Nagar),Rice Milling,646.03,11,99.3,2988.5,23.0,0,0,0,1,1,1,1,1,1,0,1,0,0,1,1
PB05329,Sangrur,Cement,754.94,27,118.6,2062.6,1.0,0,0,0,1,1,1,1,1,0,1,0,0,0,1,1
PB05330,Amritsar,Paper & Pulp,599.9,8,97.1,1775.9,26.2,0,1,0,1,1,0,1,1,1,1,0,1,0,1,1
PB05331,Mohali,Textile Dyeing,531.18,10,87.5,1356.7,17.7,0,1,0,1,1,1,1,1,1,0,0,1,0,1,1
PB05332,Rupnagar,Textile Dyeing,647.11,8,104.6,2571.4,14.5,0,1,0,1,1,0,1,1,1,0,0,1,0,1,1
PB05333,Sangrur,Agro-based,4846.84,4,724.4,15136.2,1.6,0,0,0,1,1,0,0,1,0,1,0,0,0,1,1
PB05334,Rupnagar,Rice Milling,560.63,12,105.9,1611.7,5.2,0,0,0,1,1,1,1,1,1,0,1,0,0,1,1
PB05335,Hoshiarpur,Cement,784.55,1,97.9,2778.5,0.5,0,0,0,1,1,0,0,1,0,1,0,0,0,1,1
PB05336,Moga,Chemical,90.74,28,2.0,612.0,5.2,1,0,0,1,1,1,1,1,1,0,0,0,0,0,1
PB05337,Rupnagar,Rice Milling,522.11,22,65.7,969.5,11.8,0,0,0,1,1,1,1,1,1,0,1,0,0,1,1
PB05338,Sangrur,Auto Components,328.07,8,35.6,319.6,2.0,0,0,0,1,0,0,0,1,0,0,0,0,0,1,1
PB05339,Moga,Auto Components,2326.98,9,345.0,6812.4,9.3,0,0,0,1,1,0,1,1,0,0,0,0,0,1,1
PB05340,Moga,Cement,170.65,17,20.3,71.7,0.5,0,0,0,1,1,1,1,1,0,0,0,0,0,0,0
PB05341,Sangrur,Pharmaceutical,647.15,7,99.9,2795.4,12.2,1,0,0,1,1,0,1,1,0,1,0,0,1,1,1
PB05342,Ludhiana,Textile Dyeing,248.41,23,46.6,723.9,29.0,0,1,0,1,1,1,1,1,1,0,0,1,0,1,1
PB05343,Ludhiana,Pharmaceutical,6000.0,165,893.9,18177.8,31.0,1,0,0,1,1,1,1,1,1,1,0,0,1,1,1
PB05344,Moga,Paper & Pulp,441.82,1,72.0,1297.6,33.6,0,1,0,1,1,0,0,1,1,0,0,1,0,1,1
PB05345,Hoshiarpur,Cement,302.99,18,60.8,321.1,0.5,0,0,0,1,1,1,1,1,0,1,0,0,0,1,1
PB05346,Fatehgarh Sahib,Chemical,154.59,11,45.6,470.2,10.3,1,1,0,1,1,1,1,1,1,0,0,1,1,1,1
PB05347,Amritsar,Furniture/Wood,617.43,16,119.2,1958.8,6.8,0,0,0,1,1,1,1,1,0,0,0,0,0,1,1
PB05348,Moga,Engineering/Metal Fabrication,849.29,30,116.7,3820.4,1.2,0,0,0,1,1,1,1,1,0,0,0,0,0,1,1
PB05349,Hoshiarpur,Electronics,348.62,6,26.3,882.6,1.2,0,0,0,1,1,0,1,1,0,0,0,0,0,1,1
PB05350,Bathinda,Furniture/Wood,182.69,35,64.2,937.7,7.9,0,0,0,1,1,1,1,1,0,0,0,0,0,1,1
PB05351,Bathinda,Auto Components,494.67,34,55.2,1191.5,0.5,0,0,0,1,1,1,1,1,0,0,0,0,0,1,1
PB05352,Rupnagar,Textile Dyeing,439.23,85,57.7,1411.1,25.1,0,1,0,1,1,1,1,1,1,0,0,1,0,1,1
PB05353,Jalandhar,IT/Software Services,85.74,25,23.6,412.4,10.2,0,0,1,1,1,0,1,1,0,0,0,0,0,0,1
PB05354,Hoshiarpur,Steel Rolling,188.41,13,45.6,548.3,6.3,0,0,0,1,1,1,1,1,0,0,0,0,0,1,1
PB05355,Rupnagar,Paper & Pulp,722.32,70,111.0,1526.7,25.8,0,1,0,1,1,1,1,1,0,1,0,1,0,1,1
PB05356,Hoshiarpur,Rice Milling,1169.33,44,187.7,3673.8,17.5,0,1,0,1,1,1,1,1,1,0,1,1,0,1,1
PB05357,Moga,Paper & Pulp,107.43,12,2.0,104.8,12.9,0,0,0,1,1,0,1,0,1,0,0,0,0,1,0
PB05358,Hoshiarpur,Cement,685.52,8,60.4,1594.4,1.8,1,0,0,1,1,0,1,1,1,1,0,0,1,1,1
PB05359,Rupnagar,Rice Milling,288.77,28,33.8,50.0,27.0,0,0,0,1,1,1,1,1,1,0,1,0,0,1,0
PB05360,Bathinda,Auto Components,64.03,16,32.2,336.3,5.5,0,0,0,1,1,1,1,1,0,1,0,0,0,1,1
PB05361,Moga,Leather Products,352.09,25,16.6,251.6,13.6,1,0,0,1,1,1,1,1,1,0,0,0,1,0,1
PB05362,Rupnagar,Cement,567.93,5,71.3,1377.3,7.5,0,0,0,1,1,0,0,1,0,1,0,0,0,1,1
PB05363,Moga,Food Processing,240.9,10,49.8,724.5,0.5,0,0,0,1,1,1,1,1,0,0,1,0,0,1,1
PB05364,Fatehgarh Sahib,Agro-based,326.84,42,60.7,1670.1,0.5,0,0,0,1,1,1,1,1,0,0,0,0,0,1,1
PB05365,Bathinda,Plastic Products,220.33,4,52.3,932.3,0.5,1,0,0,1,1,0,0,1,1,0,0,0,1,1,1
PB05366,Mohali (SAS Nagar),Cement,241.63,11,24.4,50.0,9.1,0,0,0,1,1,1,1,0,0,0,0,0,0,0,0
PB05367,Moga,Furniture/Wood,598.68,17,108.3,2223.9,0.5,0,0,0,1,1,1,1,1,0,0,0,0,0,1,1
PB05368,Moga,Cement,755.7,85,83.0,2504.9,11.0,0,0,0,1,1,1,1,1,0,1,0,0,0,1,1
PB05369,Moga,Beverages,4346.02,29,655.9,13109.8,22.3,0,0,0,1,1,1,1,1,1,1,1,0,0,1,1
PB05370,Jalandhar,Cement,1246.0,12,207.3,3886.3,8.8,0,0,0,1,1,1,1,1,0,1,0,0,0,1,1
PB05371,Sangrur,Plastic Products,1457.7,6,221.1,3807.9,0.5,1,0,0,1,1,0,1,1,1,0,0,0,1,1,1
PB05372,Rupnagar,Food Processing,448.7,17,79.4,1825.4,17.6,0,1,0,1,1,1,1,1,1,0,1,1,0,1,1
PB05373,Ludhiana,Furniture/Wood,819.46,27,117.2,2380.3,0.5,0,0,0,1,1,1,1,1,0,0,0,0,0,1,1
PB05374,Ludhiana,IT/Software Services,306.44,10,53.0,373.1,4.4,0,0,1,1,1,0,1,1,0,0,0,0,0,1,1
PB05375,Fatehgarh Sahib,Rice Milling,808.21,23,106.9,2472.5,3.9,0,1,0,1,1,0,1,1,1,0,1,1,0,1,0
PB05376,Jalandhar,Engineering/Metal Fabrication,145.8,18,30.4,50.0,13.1,0,0,0,1,1,1,1,0,0,0,0,0,0,1,0
PB05377,Fatehgarh Sahib,IT/Software Services,54.51,33,5.5,752.6,0.5,0,0,1,1,1,0,1,1,0,0,0,0,0,0,1
PB05378,Rupnagar,Rice Milling,272.21,13,31.3,1492.1,11.7,0,1,0,1,1,1,1,1,1,0,1,1,0,1,1
PB05379,Rupnagar,Beverages,270.79,32,39.1,533.6,24.9,0,0,0,1,1,1,1,1,1,1,1,0,0,1,1
PB05380,Jalandhar,Furniture/Wood,195.82,31,49.4,357.8,0.5,0,0,0,1,1,1,1,1,0,0,0,0,0,1,1
PB05381,Fatehgarh Sahib,Textile,1553.51,18,183.6,5286.0,8.3,0,0,0,1,1,1,1,1,0,0,0,0,0,1,1
PB05382,Patiala,Textile,165.41,9,28.0,514.4,4.0,0,0,0,1,1,0,1,1,0,0,0,0,1,0,1
PB05383,Mohali,Pharmaceutical,150.06,21,68.1,50.0,21.1,1,0,0,1,1,1,1,1,1,0,0,0,1,1,0
PB05384,Patiala,Agro-based,927.17,5,147.6,2721.4,0.5,0,0,0,1,1,0,1,1,0,0,0,0,0,1,1
PB05385,Hoshiarpur,Steel Rolling,241.13,6,28.2,758.4,10.6,1,0,0,1,1,0,1,1,1,0,0,0,1,1,1
PB05386,Moga,Chemical,113.38,14,2.0,136.2,22.8,1,1,0,1,1,0,1,1,1,0,0,1,1,0,0
PB05387,Bathinda,Chemical,657.91,39,101.0,1449.9,9.2,1,1,0,1,1,0,1,1,1,1,0,1,1,1,1
PB05388,Moga,Cement,929.05,27,134.8,2346.3,9.3,1,0,0,1,1,1,1,1,1,1,0,0,1,1,1
PB05389,Sangrur,Chemical,181.02,13,10.3,1814.0,33.6,1,1,0,1,1,1,1,1,1,0,0,1,1,0,1
PB05390,Rupnagar,Textile Dyeing,291.26,44,39.7,878.7,18.3,0,1,0,1,1,1,1,1,1,0,0,1,0,1,0
PB05391,Ludhiana,Plastic Products,89.28,5,21.1,1141.3,9.0,1,0,0,1,1,0,1,1,1,0,0,0,0,0,1
PB05392,Ludhiana,Auto Components,93.49,10,2.0,508.7,10.2,0,0,0,1,1,0,1,1,0,0,0,0,0,0,1
PB05393,Mohali (SAS Nagar),Furniture/Wood,185.58,11,2.0,840.9,3.8,0,0,0,1,1,0,1,1,0,0,0,0,0,0,1
PB05394,Hoshiarpur,Rice Milling,471.45,8,60.1,1026.9,1.6,0,0,0,1,1,0,1,1,1,0,1,0,0,1,1
PB05395,Mohali,Chemical,350.04,11,44.1,411.2,9.6,1,1,0,1,1,1,1,1,1,0,0,1,1,1,1
PB05396,Rupnagar,Chemical,602.07,11,110.3,1667.5,16.3,1,1,0,1,1,1,1,1,1,1,0,1,1,1,1
PB05397,Mohali,Cement,251.46,3,2.0,910.7,2.9,0,0,0,1,1,0,0,1,0,0,0,0,0,0,1
PB05398,Rupnagar,Leather Products,2248.48,6,343.4,6276.4,26.6,1,0,0,1,1,0,1,1,1,1,0,0,1,0,1
PB05399,Ludhiana,IT/Software Services,708.71,8,114.4,2781.3,20.5,0,0,1,1,1,0,1,1,1,0,0,0,0,1,1
PB05400,Ludhiana,Cement,1330.68,8,184.2,3607.3,0.5,0,0,0,1,1,0,1,1,0,1,0,0,0,1,1
PB05401,Rupnagar,Furniture/Wood,460.7,7,88.6,1127.9,5.9,0,0,0,1,1,0,1,1,0,0,0,0,0,1,1
PB05402,Bathinda,Auto Components,757.77,6,75.1,2289.7,21.8,0,0,0,1,1,0,1,1,1,0,0,0,0,1,1
PB05403,Bathinda,Auto Components,1351.82,15,230.4,3908.9,15.9,0,0,0,1,1,1,1,1,1,0,0,0,0,1,1
PB05404,Sangrur,Textile,2382.16,6,341.3,7172.6,3.4,0,0,0,1,1,0,1,1,0,1,0,0,0,1,1
PB05405,Amritsar,Agro-based,106.43,8,32.1,304.9,17.5,1,0,0,1,0,0,1,1,0,0,0,0,1,1,1
PB05406,Fatehgarh Sahib,Rice Milling,33.09,44,43.2,50.0,29.1,0,1,0,1,1,1,1,1,1,0,1,1,0,1,0
PB05407,Mohali (SAS Nagar),Textile Dyeing,693.12,17,75.6,2217.9,15.4,1,1,0,1,1,1,1,1,1,0,0,1,1,1,1
PB05408,Rupnagar,Rice Milling,243.8,16,30.5,836.1,13.0,0,1,0,1,1,1,1,1,1,0,1,1,0,1,1
PB05409,Rupnagar,Rice Milling,1534.16,3,220.2,5100.3,20.1,0,0,0,1,1,0,0,1,1,0,1,0,0,1,1
PB05410,Jalandhar,Steel Rolling,119.19,38,22.8,883.1,11.2,0,0,0,1,0,1,1,1,0,0,0,0,0,0,1
PB05411,Ludhiana,Furniture/Wood,1491.41,40,227.6,5063.2,10.8,0,0,0,1,1,1,1,1,0,0,0,0,0,1,1
PB05412,Sangrur,Leather Products,248.6,179,73.6,50.0,5.5,1,0,0,1,1,1,1,1,1,0,0,0,1,1,0
PB05413,Amritsar,Rice Milling,45.64,12,9.0,50.0,29.0,0,1,0,1,1,1,1,1,1,0,1,1,0,0,0
PB05414,Ludhiana,Engineering/Metal Fabrication,161.97,3,4.3,50.0,19.5,0,0,0,1,1,0,0,0,1,1,0,0,0,0,0
PB05415,Mohali,Textile Dyeing,606.24,102,84.3,1681.8,22.7,0,1,0,1,1,1,1,1,1,0,0,1,0,1,1
PB05416,Hoshiarpur,Leather Products,342.61,13,104.0,1458.1,21.6,1,0,0,1,1,1,1,1,1,0,0,0,1,1,1
PB05417,Mohali (SAS Nagar),Leather Products,802.77,11,109.4,2370.5,13.4,1,0,0,1,1,1,1,1,1,0,0,0,1,1,1
PB05418,Sangrur,Food Processing,127.94,11,5.8,191.1,1.0,0,1,0,1,1,1,1,1,0,0,1,1,0,1,1
PB05419,Patiala,Agro-based,132.44,40,28.4,271.2,7.1,0,0,0,1,1,1,1,1,0,0,0,0,0,1,1
PB05420,Jalandhar,Engineering/Metal Fabrication,318.51,26,74.0,577.9,3.8,0,0,0,1,1,1,1,1,0,0,0,0,0,1,1
PB05421,Rupnagar,Paper & Pulp,222.48,14,21.9,823.2,16.3,0,1,0,1,1,1,1,1,1,0,0,1,0,0,1
PB05422,Sangrur,Steel Rolling,469.79,17,100.4,1426.4,3.1,0,0,0,1,1,1,1,1,0,0,0,0,0,1,1
PB05423,Rupnagar,Paper & Pulp,1630.21,4,184.7,5524.8,3.8,0,1,0,1,1,0,0,1,1,1,0,1,0,1,1
PB05424,Fatehgarh Sahib,Textile,1687.17,6,270.1,4778.8,21.5,0,0,0,1,1,0,1,1,1,0,0,0,0,0,1
PB05425,Jalandhar,Textile Dyeing,1197.1,24,217.1,3180.3,17.5,0,1,0,1,1,1,1,1,1,0,0,1,0,1,1
PB05426,Rupnagar,Electronics,53.31,25,16.6,50.0,4.0,0,0,0,1,1,1,1,1,0,0,0,0,0,0,0
PB05427,Bathinda,Leather Products,847.06,26,131.7,2687.1,13.8,1,0,0,1,1,1,1,1,1,0,0,0,0,1,1
PB05428,Patiala,Pharmaceutical,110.44,27,2.0,50.0,15.5,1,0,0,1,1,1,1,1,1,0,0,0,1,0,0
PB05429,Mohali (SAS Nagar),Plastic Products,142.23,9,19.6,968.8,0.5,1,0,0,1,1,0,1,1,1,0,0,0,1,0,1
PB05430,Moga,Food Processing,572.68,8,91.2,2151.8,7.7,0,1,0,1,1,0,1,1,0,0,1,1,0,1,1
PB05431,Rupnagar,Furniture/Wood,397.01,10,18.7,1430.3,12.6,0,0,0,1,1,1,1,1,0,0,0,0,0,0,1
PB05432,Mohali (SAS Nagar),Textile,152.57,14,9.0,50.0,12.5,0,0,0,1,1,1,1,0,0,0,0,0,0,0,0
PB05433,Amritsar,Pharmaceutical,428.93,4,107.8,1389.0,11.9,1,0,0,1,1,0,0,1,1,0,0,0,1,1,0
PB05434,Mohali,Furniture/Wood,514.59,7,93.7,2513.6,1.8,0,0,0,1,1,0,1,1,0,0,0,0,0,1,1
PB05435,Fatehgarh Sahib,Electronics,1260.11,19,190.9,3726.4,0.5,0,0,0,1,1,1,1,1,0,0,0,0,0,1,1
PB05436,Bathinda,Agro-based,197.23,21,40.8,522.8,6.4,0,0,0,1,1,1,1,1,0,0,0,0,0,1,1
PB05437,Sangrur,Textile Dyeing,1052.25,11,160.7,3287.4,16.1,0,1,0,1,1,1,1,1,1,0,0,1,0,1,1
PB05438,Rupnagar,Leather Products,1313.88,24,230.3,4548.7,17.2,1,0,0,1,0,1,1,1,1,0,0,0,1,1,1
PB05439,Mohali,Leather Products,1808.26,16,257.3,5553.0,16.0,1,0,0,1,1,1,1,1,1,0,0,0,1,0,1
PB05440,Rupnagar,IT/Software Services,923.23,23,165.1,2535.7,2.4,0,0,1,1,1,0,1,1,0,0,0,0,0,1,1
PB05441,Mohali (SAS Nagar),Paper & Pulp,396.43,15,65.0,701.3,14.4,0,1,0,1,1,1,1,1,1,0,0,1,0,1,1
PB05442,Ludhiana,Cement,1778.38,60,263.6,4465.0,12.0,0,0,0,1,1,1,1,1,0,1,0,0,0,1,1
PB05443,Moga,Plastic Products,2207.76,26,318.7,6937.9,0.5,1,0,0,1,1,1,1,1,1,1,0,0,1,1,1
PB05444,Mohali,Food Processing,1470.53,11,210.4,5474.6,0.5,0,1,0,1,1,1,1,1,0,0,1,1,0,1,1
PB05445,Ludhiana,Plastic Products,584.66,7,49.3,1581.2,4.9,1,0,0,1,1,0,1,1,1,0,0,0,1,1,1
PB05446,Ludhiana,Agro-based,71.96,6,13.1,965.2,0.5,0,0,0,1,1,0,1,1,0,0,0,0,0,0,1
PB05447,Mohali (SAS Nagar),Paper & Pulp,47.62,5,23.2,50.0,25.9,0,0,0,1,1,0,1,0,0,0,0,0,0,0,0
PB05448,Bathinda,Plastic Products,1555.43,11,260.1,4396.8,13.3,1,0,0,1,1,1,1,1,1,0,0,0,1,1,1
PB05449,Sangrur,Leather Products,99.54,7,17.6,700.0,14.2,1,0,0,1,1,0,1,1,1,0,0,0,0,0,1
PB05450,Ludhiana,Rice Milling,165.27,3,70.1,1179.9,28.5,0,1,0,1,1,0,0,1,1,0,1,1,0,1,1
PB05451,Mohali,Textile,112.17,10,2.0,346.2,3.9,0,0,0,1,1,0,1,1,0,0,0,0,0,0,1
PB05452,Patiala,Plastic Products,1469.08,28,193.5,4054.9,7.5,1,0,0,1,1,1,1,1,1,0,0,0,1,1,1
PB05453,Jalandhar,Agro-based,1151.13,41,209.6,3314.5,13.0,0,0,0,1,1,1,1,1,0,0,0,0,0,1,1
PB05454,Patiala,IT/Software Services,501.13,55,48.2,2004.4,17.8,0,0,1,1,1,0,1,1,1,0,0,0,0,1,1
PB05455,Mohali (SAS Nagar),Textile Dyeing,299.81,15,55.4,560.5,27.5,0,1,0,1,1,1,1,1,1,0,0,1,1,1,1
PB05456,Fatehgarh Sahib,Textile,690.86,20,138.1,954.8,14.4,0,0,0,1,1,1,1,1,0,0,0,0,0,1,1
PB05457,Mohali,Leather Products,581.36,8,100.2,1497.2,20.0,1,0,0,1,1,0,1,1,1,0,0,0,1,1,1
PB05458,Sangrur,Beverages,249.68,33,16.0,1358.8,32.4,0,0,0,1,1,1,1,1,1,0,1,0,0,0,1
PB05459,Moga,Textile Dyeing,814.46,19,160.3,2715.2,29.1,0,1,0,1,1,1,1,1,0,0,0,1,0,1,1
PB05460,Moga,Electronics,321.98,7,70.0,1148.3,0.5,0,0,0,1,1,0,1,1,0,0,0,0,0,1,1
PB05461,Hoshiarpur,IT/Software Services,1068.66,16,158.1,2978.2,1.8,0,0,1,1,1,0,1,1,0,0,0,0,0,1,1
PB05462,Patiala,Textile,1498.1,26,245.5,4396.5,2.0,0,0,0,1,1,1,1,1,0,0,0,0,0,1,0
PB05463,Hoshiarpur,Beverages,899.09,16,144.0,3078.4,15.8,0,1,0,1,1,1,1,1,1,0,1,1,0,1,1
PB05464,Sangrur,Beverages,56.8,8,52.1,50.0,25.6,0,1,0,1,1,0,1,1,1,0,1,1,0,1,0
PB05465,Rupnagar,Rice Milling,56.66,2,2.0,579.4,10.5,0,0,0,1,1,0,0,1,1,0,1,0,0,0,1
PB05466,Moga,Agro-based,1303.26,5,167.7,3854.4,5.1,0,0,0,1,1,0,1,1,0,0,0,0,0,1,1
PB05467,Mohali,Electronics,100.24,69,2.0,339.3,7.4,0,0,0,1,1,1,1,1,0,0,0,0,0,0,1
PB05468,Moga,Leather Products,3103.77,63,491.4,9169.9,12.1,1,0,0,1,1,1,1,1,1,1,0,0,1,1,1
PB05469,Bathinda,Cement,911.61,34,140.5,3065.3,11.0,0,0,0,1,1,0,1,1,0,1,0,0,0,1,1
PB05470,Ludhiana,Pharmaceutical,149.59,6,10.0,1136.2,20.5,1,0,0,1,0,0,1,1,1,0,0,0,1,0,1
PB05471,Rupnagar,Pharmaceutical,818.41,8,106.3,3305.2,14.6,1,0,0,1,1,0,1,1,1,1,0,0,1,1,1
PB05472,Moga,Paper & Pulp,622.8,22,97.5,2454.3,11.3,0,1,0,1,1,1,1,1,1,1,0,1,0,1,1
PB05473,Hoshiarpur,Leather Products,271.64,3,64.6,865.1,32.5,1,0,0,1,1,0,0,1,1,0,0,0,1,0,1
PB05474,Jalandhar,Beverages,41.98,17,26.6,50.0,28.5,0,0,0,1,1,1,1,1,1,0,1,0,0,1,0
PB05475,Moga,Auto Components,427.81,9,91.7,1693.3,13.6,0,0,0,1,1,0,1,1,0,0,0,0,0,1,1
PB05476,Rupnagar,Paper & Pulp,434.51,13,42.2,1330.0,22.3,0,0,0,1,1,1,1,1,1,0,0,0,0,1,1
PB05477,Ludhiana,Paper & Pulp,1692.7,4,275.3,4334.9,16.8,1,1,0,1,1,0,0,1,1,1,0,1,1,1,1
PB05478,Mohali (SAS Nagar),Paper & Pulp,227.68,13,51.0,50.0,21.4,0,1,0,1,1,1,1,1,1,0,0,1,0,1,0
PB05479,Amritsar,Electronics,341.78,32,54.5,1573.3,1.6,0,0,0,1,1,1,1,1,0,0,0,0,0,1,1
PB05480,Patiala,Rice Milling,303.67,14,46.2,1637.3,20.7,0,1,0,1,1,1,1,1,1,0,1,1,0,1,1
PB05481,Mohali (SAS Nagar),Agro-based,660.07,34,100.0,2176.3,5.2,0,0,0,1,1,1,0,1,0,0,0,0,0,1,1
PB05482,Patiala,Textile,436.78,26,69.2,381.3,0.5,0,0,0,1,1,1,1,1,0,0,0,0,0,1,1
PB05483,Hoshiarpur,Chemical,298.17,7,45.8,50.0,22.0,1,1,0,1,1,0,1,1,1,0,0,1,1,1,0
PB05484,Moga,Rice Milling,1907.57,18,280.3,5119.4,26.1,0,0,0,1,0,1,1,1,1,0,1,0,0,1,1
PB05485,Bathinda,Textile Dyeing,208.16,11,31.9,91.9,12.5,0,1,0,1,1,1,1,1,1,0,0,1,0,1,0
PB05486,Amritsar,Textile,298.39,39,87.5,286.1,1.8,0,0,0,1,1,1,1,1,0,0,0,0,0,1,1
PB05487,Mohali (SAS Nagar),Furniture/Wood,1731.39,10,260.6,4486.6,0.7,1,0,0,1,1,1,1,1,1,0,0,0,1,1,1
PB05488,Patiala,Furniture/Wood,232.57,51,40.7,949.3,2.6,0,0,0,1,1,1,1,1,0,0,0,0,0,1,1
PB05489,Mohali,Pharmaceutical,410.69,86,73.4,50.0,17.0,1,0,0,1,1,1,1,1,1,0,0,0,1,1,0
PB05490,Fatehgarh Sahib,Food Processing,50.67,28,2.0,863.9,0.5,0,0,0,1,1,1,1,1,0,0,1,0,0,0,1
PB05491,Amritsar,Rice Milling,101.93,99,12.9,50.0,16.8,0,0,0,1,1,1,1,1,1,0,1,0,0,0,0
PB05492,Bathinda,Agro-based,3190.72,47,498.5,9947.3,10.1,0,0,0,1,1,1,1,1,0,1,0,0,0,1,1
PB05493,Rupnagar,Electronics,506.8,22,101.8,1241.8,18.2,0,0,0,1,1,1,1,1,1,0,0,0,1,1,1
PB05494,Hoshiarpur,Paper & Pulp,2466.98,3,346.4,7019.9,33.1,0,1,0,1,1,0,0,1,1,1,0,1,0,1,1
PB05495,Fatehgarh Sahib,Auto Components,94.46,24,2.6,719.5,0.5,0,0,0,1,1,1,1,0,0,0,0,0,0,0,1
PB05496,Hoshiarpur,Pharmaceutical,255.56,8,30.7,1727.5,31.5,1,0,0,1,1,0,1,1,1,0,0,0,1,1,1
PB05497,Rupnagar,Plastic Products,166.34,12,36.3,291.0,8.6,1,0,0,1,1,1,1,1,1,0,0,0,1,1,1
PB05498,Ludhiana,Auto Components,50.77,285,29.5,50.0,7.2,0,0,0,1,1,1,1,1,0,0,0,0,0,1,0
PB05499,Mohali,Plastic Products,1147.9,32,145.2,2937.1,14.0,1,0,0,1,1,1,1,1,1,0,0,0,1,1,1
PB05500,Moga,Agro-based,50.07,48,7.6,50.0,10.8,0,0,0,1,1,1,1,1,0,0,0,0,0,1,0
PB05501,Mohali (SAS Nagar),Chemical,534.55,4,66.2,2149.2,14.6,1,1,0,1,1,0,0,1,1,1,0,1,1,1,1
PB05502,Patiala,Rice Milling,143.91,170,2.0,150.4,25.4,0,0,0,1,1,1,1,1,1,0,1,0,0,0,1
PB05503,Sangrur,Pharmaceutical,489.04,15,55.8,1519.0,24.5,1,0,0,1,1,1,1,1,1,0,0,0,1,1,1
PB05504,Hoshiarpur,Auto Components,767.68,15,118.9,2133.4,13.9,0,0,0,1,1,1,1,1,0,0,0,0,0,0,1
PB05505,Mohali (SAS Nagar),Food Processing,632.83,56,93.5,2304.0,28.3,0,1,0,1,1,1,1,1,1,1,1,1,0,1,1
PB05506,Jalandhar,Electronics,412.64,20,58.4,1607.0,13.0,0,0,0,1,1,1,1,1,0,0,0,0,0,1,1
PB05507,Mohali,IT/Software Services,614.39,10,104.2,2008.4,0.5,0,0,1,1,1,0,1,1,0,0,0,0,0,1,1
PB05508,Ludhiana,Food Processing,1877.85,6,263.7,5239.1,13.8,0,1,0,1,1,0,1,1,0,0,1,1,0,1,1
PB05509,Sangrur,Engineering/Metal Fabrication,293.71,5,56.6,785.3,9.8,0,0,0,1,1,0,1,1,0,0,0,0,0,1,1
PB05510,Mohali,Rice Milling,624.85,37,107.9,1742.2,30.6,0,0,0,1,1,1,1,1,1,0,1,0,0,1,1
PB05511,Patiala,Leather Products,1450.93,2,207.7,5582.7,20.3,1,0,0,1,1,0,0,1,1,0,0,0,1,1,1
PB05512,Patiala,Engineering/Metal Fabrication,201.21,17,31.6,1151.8,17.8,1,0,0,1,1,1,1,1,1,0,0,0,1,1,1
PB05513,Moga,Paper & Pulp,62.24,3,2.0,135.6,26.6,0,1,0,1,1,0,0,1,1,0,0,1,0,0,0
PB05514,Fatehgarh Sahib,Chemical,1962.31,47,323.0,5494.8,24.3,1,0,0,1,1,1,1,1,0,1,0,0,1,1,1
PB05515,Rupnagar,Auto Components,257.37,14,31.9,268.2,0.5,1,0,0,1,1,1,1,1,1,0,0,0,1,1,1
PB05516,Rupnagar,Food Processing,3977.6,69,610.3,12237.5,5.1,0,1,0,1,1,1,1,1,0,1,1,1,0,1,1
PB05517,Rupnagar,Food Processing,446.88,20,68.7,1345.8,9.1,1,1,0,1,1,1,1,1,1,0,1,1,1,1,1
PB05518,Amritsar,Textile Dyeing,420.56,40,99.6,1235.1,23.3,0,0,0,1,1,1,1,1,1,0,0,0,0,1,1
PB05519,Rupnagar,Furniture/Wood,1169.14,16,189.0,3847.3,3.9,0,0,0,1,1,1,1,1,0,0,0,0,0,1,1
PB05520,Fatehgarh Sahib,Furniture/Wood,104.96,1,16.6,474.0,11.1,0,0,0,1,1,0,0,1,0,0,0,0,1,0,1
PB05521,Mohali,Plastic Products,715.2,25,113.5,1254.7,0.5,1,0,0,1,1,1,1,1,1,0,0,0,1,1,1
PB05522,Moga,Steel Rolling,834.39,9,149.7,2209.6,0.5,0,0,0,1,1,0,1,1,0,0,0,0,0,1,1
PB05523,Hoshiarpur,Agro-based,308.02,23,60.2,942.5,16.6,0,0,0,1,1,1,1,1,1,0,0,0,1,1,1
PB05524,Rupnagar,Engineering/Metal Fabrication,1995.05,6,293.5,6371.3,7.1,0,0,0,1,1,0,1,1,0,0,0,0,0,1,0
PB05525,Mohali (SAS Nagar),Agro-based,415.4,14,34.1,1101.0,12.4,0,0,0,1,1,1,1,1,0,0,0,0,0,1,1
PB05526,Fatehgarh Sahib,Agro-based,787.86,18,112.9,3157.0,10.4,0,0,0,1,1,1,1,1,0,0,0,0,0,1,1
PB05527,Amritsar,Cement,213.74,143,37.5,988.7,12.1,0,0,0,1,1,0,1,1,0,0,0,0,0,1,1
PB05528,Sangrur,Beverages,78.36,45,4.1,172.4,31.7,0,0,0,1,1,1,1,1,1,0,1,0,0,0,1
PB05529,Jalandhar,Engineering/Metal Fabrication,168.35,10,28.2,395.3,12.7,0,0,0,1,1,1,1,1,0,0,0,0,0,1,1
PB05530,Rupnagar,Leather Products,939.69,33,142.0,3546.7,22.3,1,0,0,1,1,1,1,1,1,0,0,0,1,1,1
PB05531,Patiala,Agro-based,1254.36,4,170.4,3063.3,0.5,0,0,0,1,1,0,0,1,0,0,0,0,0,1,1
PB05532,Bathinda,Paper & Pulp,210.8,20,26.1,439.2,3.2,0,1,0,1,1,1,1,1,1,0,0,1,0,1,1
PB05533,Bathinda,Paper & Pulp,79.82,18,2.0,50.0,25.4,0,1,0,1,1,0,1,1,1,0,0,1,0,0,0
PB05534,Jalandhar,Chemical,78.18,113,2.0,50.0,29.7,1,1,0,1,1,1,1,1,1,0,0,1,0,0,0
PB05535,Moga,Agro-based,63.7,30,26.2,50.0,7.4,0,0,0,1,1,1,1,1,0,0,0,0,0,1,0
PB05536,Amritsar,IT/Software Services,545.88,27,62.4,1399.0,0.5,0,0,1,1,1,0,1,1,0,0,0,0,0,1,1
PB05537,Hoshiarpur,Textile,462.32,24,52.9,1724.3,0.5,0,0,0,1,1,1,1,1,0,0,0,0,0,1,1
PB05538,Sangrur,Textile,1050.62,3,140.8,3022.7,20.3,0,0,0,1,1,0,0,1,1,0,0,0,0,1,1
PB05539,Fatehgarh Sahib,Chemical,1577.72,79,267.1,5571.8,16.1,1,1,0,1,1,1,1,1,1,1,0,1,1,1,1
PB05540,Rupnagar,Electronics,1154.82,56,158.5,3992.5,0.5,0,0,0,1,1,1,1,1,0,0,0,0,0,1,1
PB05541,Amritsar,Steel Rolling,37.32,11,26.2,312.5,0.5,0,0,0,1,1,1,1,1,0,0,0,0,0,1,1
PB05542,Moga,Agro-based,545.68,44,84.7,1016.5,8.2,0,0,0,1,1,1,1,1,0,0,0,0,0,1,1
PB05543,Hoshiarpur,Paper & Pulp,165.54,14,48.0,251.2,16.7,0,1,0,1,1,1,0,1,1,0,0,1,0,1,0
PB05544,Fatehgarh Sahib,Food Processing,139.64,18,2.0,237.3,0.5,0,1,0,1,1,0,1,1,0,0,1,1,0,0,1
PB05545,Fatehgarh Sahib,Rice Milling,107.18,9,25.6,1298.8,24.6,0,1,0,1,1,0,1,1,1,0,1,1,0,1,1
PB05546,Bathinda,Rice Milling,885.82,8,130.5,2893.8,26.2,0,1,0,1,1,0,1,1,1,0,1,1,0,1,1
PB05547,Jalandhar,Food Processing,495.9,17,74.2,1319.6,0.5,0,1,0,1,1,1,1,1,0,0,1,1,0,1,1
PB05548,Sangrur,Food Processing,456.75,7,66.5,2478.7,14.6,0,0,0,1,1,0,1,1,0,0,1,0,0,1,1
PB05549,Mohali (SAS Nagar),Plastic Products,191.4,13,56.4,609.0,10.9,1,0,0,1,0,1,1,1,1,0,0,0,1,1,1
PB05550,Patiala,Textile,457.17,20,67.8,2077.1,10.6,0,0,0,1,1,1,1,1,0,0,0,0,0,0,1
PB05551,Sangrur,Paper & Pulp,365.89,30,98.3,1041.0,22.0,0,1,0,1,1,1,1,1,1,0,0,1,0,1,1
PB05552,Bathinda,Pharmaceutical,194.12,17,15.2,303.6,9.3,1,0,0,1,1,1,1,1,1,0,0,0,1,0,1
PB05553,Moga,Furniture/Wood,272.07,11,29.2,958.7,15.4,0,0,0,1,1,1,1,1,1,0,0,0,0,1,1
PB05554,Rupnagar,Chemical,81.61,18,13.2,922.0,19.4,1,1,0,1,1,1,1,1,1,0,0,1,0,0,1
PB05555,Moga,Furniture/Wood,423.87,9,96.3,1065.4,12.3,0,0,0,1,1,0,1,1,0,0,0,0,0,1,1
PB05556,Rupnagar,Leather Products,77.71,75,21.2,808.6,29.8,1,0,0,1,1,0,1,1,1,0,0,0,0,0,1
PB05557,Jalandhar,Textile Dyeing,899.17,7,179.0,2936.5,24.7,0,1,0,1,1,0,1,1,1,0,0,1,0,1,1
PB05558,Bathinda,Rice Milling,449.29,422,107.8,1472.3,13.8,0,1,0,1,1,1,1,1,1,0,1,1,0,1,1
PB05559,Amritsar,IT/Software Services,428.98,25,42.1,421.9,3.6,0,0,1,1,1,1,1,1,0,0,0,0,0,1,1
PB05560,Patiala,Leather Products,403.16,203,57.3,1297.6,24.2,1,0,0,1,1,1,1,1,1,0,0,0,1,1,1
PB05561,Hoshiarpur,Paper & Pulp,349.07,38,38.5,262.2,13.8,0,1,0,1,1,1,1,1,1,0,0,1,0,0,1
PB05562,Fatehgarh Sahib,Beverages,2200.74,7,325.9,6497.7,17.4,0,1,0,1,1,0,1,1,1,1,1,1,0,1,1
PB05563,Hoshiarpur,Textile,1862.98,7,261.7,5397.7,0.5,1,0,0,1,1,0,1,1,1,0,0,0,1,1,1
PB05564,Amritsar,Cement,855.93,17,85.9,2064.8,0.5,0,0,0,1,1,1,1,1,0,1,0,0,0,1,1
PB05565,Amritsar,Engineering/Metal Fabrication,531.03,27,57.8,1876.6,5.5,0,0,0,1,1,1,1,1,0,0,0,0,0,1,1
PB05566,Ludhiana,Leather Products,1369.13,14,233.0,4693.9,16.4,1,0,0,1,1,1,1,1,1,0,0,0,1,1,1
PB05567,Mohali (SAS Nagar),Chemical,1651.35,74,261.9,4492.7,18.0,1,0,0,1,1,1,1,1,1,1,0,0,1,1,1
PB05568,Sangrur,Plastic Products,750.16,9,139.1,1633.5,1.0,1,0,0,1,1,0,1,1,1,0,0,0,1,1,1
PB05569,Amritsar,Chemical,178.91,6,14.3,718.2,13.8,1,1,0,1,1,0,1,1,1,0,0,1,1,0,1
PB05570,Mohali (SAS Nagar),Cement,177.23,49,2.0,951.4,2.6,0,0,0,1,1,1,1,1,0,0,0,0,0,0,1
PB05571,Patiala,Pharmaceutical,134.19,17,2.0,1021.4,18.2,1,0,0,1,1,0,1,1,1,0,0,0,1,0,1
PB05572,Fatehgarh Sahib,Food Processing,68.89,22,2.0,459.9,0.5,0,1,0,1,1,1,1,1,0,0,1,1,0,0,1
PB05573,Mohali,IT/Software Services,970.16,28,143.0,3331.9,2.0,0,0,1,1,1,0,1,1,0,0,0,0,0,1,1
PB05574,Mohali (SAS Nagar),Engineering/Metal Fabrication,379.53,9,67.4,1487.8,10.0,0,0,0,1,1,0,0,1,0,0,0,0,0,1,1
PB05575,Moga,Agro-based,306.74,18,82.9,1542.7,6.2,0,0,0,1,1,1,1,1,0,0,0,0,0,1,1
PB05576,Jalandhar,Engineering/Metal Fabrication,1030.28,23,145.6,2794.7,0.5,1,0,0,1,1,1,1,1,1,0,0,0,1,1,1
PB05577,Jalandhar,Steel Rolling,326.73,17,30.6,785.8,8.0,0,0,0,1,1,1,1,1,0,0,0,0,0,1,1
PB05578,Ludhiana,Agro-based,76.45,38,40.0,1059.1,9.5,0,0,0,1,1,1,1,1,0,0,0,0,0,1,1
PB05579,Sangrur,IT/Software Services,1691.82,17,252.3,4797.6,1.1,0,0,1,1,1,0,1,1,0,0,0,0,0,1,1
PB05580,Rupnagar,Pharmaceutical,1308.43,8,226.5,3391.2,4.3,1,0,0,1,1,0,1,1,1,1,0,0,1,1,1
PB05581,Mohali,Rice Milling,167.96,13,45.0,699.4,21.0,0,1,0,1,1,0,1,1,1,0,1,1,0,1,1
PB05582,Sangrur,Leather Products,121.4,4,9.2,50.0,21.8,1,0,0,1,1,0,0,1,1,0,0,0,1,0,0
PB05583,Fatehgarh Sahib,Electronics,245.87,21,39.2,2157.5,3.3,0,0,0,1,1,1,1,1,0,0,0,0,0,1,1
PB05584,Mohali (SAS Nagar),Auto Components,498.23,9,62.4,1758.9,3.2,0,0,0,1,0,0,1,1,0,0,0,0,0,1,1
PB05585,Rupnagar,Engineering/Metal Fabrication,644.44,6,86.9,2086.4,20.9,0,0,0,1,1,0,1,1,1,0,0,0,0,1,1
PB05586,Fatehgarh Sahib,Food Processing,532.3,13,116.3,1316.3,4.8,0,1,0,1,1,1,1,1,0,1,1,1,0,1,1
PB05587,Patiala,Leather Products,741.41,17,111.9,1921.2,18.7,1,0,0,1,1,1,1,1,1,0,0,0,0,1,1
PB05588,Mohali,Cement,120.71,24,3.3,57.0,0.5,0,0,0,1,1,1,1,1,0,0,0,0,0,0,0
PB05589,Jalandhar,Electronics,218.0,12,55.1,478.6,13.8,0,0,0,1,0,1,1,1,0,0,0,0,0,1,1
PB05590,Jalandhar,Textile Dyeing,6000.0,58,876.5,18151.0,17.2,0,0,0,1,1,1,1,1,1,1,0,0,0,1,1
PB05591,Mohali (SAS Nagar),Chemical,838.99,4,105.0,2472.5,14.4,1,0,0,1,1,0,0,1,1,1,0,0,1,1,1
PB05592,Hoshiarpur,Electronics,68.14,1,18.7,50.0,10.4,0,0,0,1,1,0,0,0,0,0,0,0,0,0,0
PB05593,Mohali,Textile Dyeing,6000.0,48,880.7,18239.1,1.0,0,1,0,1,0,1,1,1,1,1,0,1,0,1,1
PB05594,Fatehgarh Sahib,Agro-based,235.36,8,22.0,1610.9,12.5,0,0,0,1,1,0,1,1,0,0,0,0,0,0,1
PB05595,Mohali (SAS Nagar),Agro-based,515.95,40,63.8,1214.7,10.9,0,0,0,1,1,1,1,1,0,0,0,0,0,1,1
PB05596,Ludhiana,Electronics,712.58,25,126.0,3569.0,8.0,0,0,0,1,1,1,1,1,0,0,0,0,0,1,1
PB05597,Bathinda,Beverages,386.93,12,77.2,841.6,21.6,0,1,0,1,1,1,1,1,1,0,1,1,0,1,1
PB05598,Mohali (SAS Nagar),Electronics,699.32,55,83.1,2379.6,4.0,1,0,0,1,1,1,1,1,1,0,0,0,1,1,1
PB05599,Ludhiana,Pharmaceutical,2232.09,29,353.5,7620.9,21.8,1,0,0,1,1,1,1,1,1,1,0,0,0,1,1
PB05600,Jalandhar,Agro-based,819.26,29,144.4,2088.9,4.0,0,0,0,1,1,1,1,1,0,0,0,0,0,1,1
PB05601,Hoshiarpur,Engineering/Metal Fabrication,276.73,32,18.5,845.9,11.8,0,0,0,1,1,1,1,1,0,0,0,0,0,0,1
PB05602,Mohali (SAS Nagar),Textile,517.57,9,59.7,1701.0,18.7,0,0,0,1,1,1,1,1,1,0,0,0,0,1,1
PB05603,Amritsar,Beverages,483.38,9,67.7,496.3,24.8,0,0,0,1,1,0,1,1,1,0,1,0,0,1,1
PB05604,Jalandhar,Beverages,162.35,300,43.9,1177.2,22.8,0,1,0,1,1,1,1,1,1,0,1,1,0,1,1
PB05605,Fatehgarh Sahib,Furniture/Wood,107.53,2,2.0,267.9,12.2,0,0,0,1,1,0,0,0,0,0,0,0,0,0,1
PB05606,Amritsar,Cement,162.5,30,36.1,676.4,22.0,0,0,0,1,1,0,1,1,1,0,0,0,0,1,1
PB05607,Hoshiarpur,Textile Dyeing,507.14,40,76.1,1413.2,22.3,0,0,0,1,1,1,1,1,1,0,0,0,0,1,1
PB05608,Bathinda,Paper & Pulp,194.86,26,60.1,1272.6,11.9,0,0,0,1,1,1,0,1,1,0,0,0,0,1,1
PB05609,Patiala,Steel Rolling,97.0,29,33.4,481.2,0.5,0,0,0,1,1,1,1,1,0,0,0,0,0,1,1
PB05610,Jalandhar,Steel Rolling,168.77,45,11.5,356.4,8.8,0,0,0,1,1,1,1,1,0,0,0,0,0,0,1
PB05611,Bathinda,Rice Milling,6000.0,31,931.6,18213.2,21.4,0,1,0,1,1,1,1,1,1,1,1,1,0,1,1
PB05612,Fatehgarh Sahib,Cement,229.15,12,56.6,375.3,10.6,0,0,0,1,1,1,0,1,0,0,0,0,0,1,1
PB05613,Bathinda,Paper & Pulp,194.47,105,11.9,50.0,26.7,0,1,0,1,1,1,1,1,1,0,0,1,0,0,0
PB05614,Patiala,Chemical,6000.0,14,876.1,17541.6,27.5,1,0,0,1,1,1,1,1,1,1,0,0,1,1,1
PB05615,Hoshiarpur,Cement,856.35,15,153.5,3062.2,13.8,0,0,0,1,1,1,1,1,0,1,0,0,0,0,1
PB05616,Hoshiarpur,Pharmaceutical,315.36,20,76.9,555.6,19.7,1,0,0,1,1,1,1,1,1,0,0,0,1,1,1
PB05617,Hoshiarpur,IT/Software Services,332.74,46,41.7,546.3,3.8,0,0,1,1,1,0,1,1,0,0,0,0,0,1,1
PB05618,Mohali,Textile,68.88,14,2.0,50.0,11.5,0,0,0,1,1,0,1,0,0,0,0,0,0,0,0
PB05619,Amritsar,IT/Software Services,144.63,22,24.3,511.1,1.7,0,0,1,1,1,0,0,1,0,0,0,0,0,0,1
PB05620,Rupnagar,Leather Products,161.63,62,51.4,50.0,26.0,1,0,0,1,1,1,1,1,1,0,0,0,1,1,0
PB05621,Hoshiarpur,Auto Components,251.21,21,55.6,1580.1,12.4,0,0,0,1,1,1,1,1,0,0,0,0,0,1,1
PB05622,Mohali (SAS Nagar),Chemical,1332.31,4,182.4,3625.0,23.4,1,0,0,1,1,0,0,1,1,1,0,0,1,1,1
PB05623,Patiala,Leather Products,1014.12,9,156.7,2820.8,17.8,1,0,0,1,1,0,1,1,1,0,0,0,1,1,1
PB05624,Bathinda,Beverages,1038.29,4,162.1,2602.9,14.0,0,1,0,1,1,0,0,1,1,0,1,1,0,1,1
PB05625,Amritsar,Rice Milling,1049.06,6,175.7,2524.1,19.2,0,1,0,1,1,0,1,1,1,0,1,1,0,1,1
PB05626,Jalandhar,IT/Software Services,208.09,5,29.5,1003.4,0.5,0,0,1,1,1,0,1,1,0,0,0,0,0,1,1
PB05627,Jalandhar,Paper & Pulp,432.65,24,38.9,1121.2,17.2,0,1,0,1,1,1,1,0,1,0,0,1,0,1,0
PB05628,Fatehgarh Sahib,Pharmaceutical,283.47,21,2.0,682.3,21.8,1,0,0,1,1,1,1,1,1,0,0,0,1,0,1
PB05629,Ludhiana,Food Processing,815.9,5,110.8,2952.3,7.7,0,1,0,1,1,0,1,0,0,0,1,1,0,1,1
PB05630,Sangrur,Furniture/Wood,325.18,13,35.0,190.9,15.9,0,0,0,1,1,1,1,0,1,0,0,0,0,1,1
PB05631,Sangrur,Auto Components,832.41,5,150.6,2968.8,0.5,0,0,0,1,1,0,1,1,0,0,0,0,0,1,1
PB05632,Hoshiarpur,Cement,167.41,35,40.4,746.2,0.5,0,0,0,1,1,1,1,1,0,0,0,0,0,1,0
PB05633,Patiala,Leather Products,95.94,7,22.8,590.4,19.2,1,0,0,1,1,0,1,1,1,0,0,0,0,0,1
PB05634,Moga,Food Processing,426.55,13,69.5,2281.0,17.4,0,1,0,1,1,1,1,1,1,0,1,1,0,1,1
PB05635,Sangrur,Chemical,1723.87,6,206.8,5766.3,16.2,1,1,0,1,1,0,1,1,1,1,0,1,1,1,1
PB05636,Rupnagar,Steel Rolling,312.04,4,57.2,769.9,7.7,0,0,0,1,1,0,0,1,0,0,0,0,0,1,1
PB05637,Mohali,Textile,2899.05,3,444.6,7904.3,0.5,0,0,0,1,1,0,0,1,0,1,0,0,0,0,1
PB05638,Fatehgarh Sahib,Steel Rolling,138.09,20,65.0,393.9,0.5,0,0,0,1,1,1,1,1,0,0,0,0,0,1,1
PB05639,Mohali,Beverages,2439.46,21,388.0,7409.0,11.6,0,1,0,1,1,1,1,1,1,1,1,1,0,1,1
PB05640,Fatehgarh Sahib,Auto Components,543.49,12,88.8,1841.4,0.5,0,0,0,1,1,1,1,0,0,0,0,0,0,1,1
PB05641,Mohali (SAS Nagar),Leather Products,423.42,16,37.5,921.8,19.6,1,0,0,1,1,1,1,1,1,0,0,0,1,1,1
PB05642,Patiala,Paper & Pulp,97.94,4,25.0,385.9,15.0,0,0,0,1,1,0,0,1,1,0,0,0,0,0,1
PB05643,Bathinda,Rice Milling,492.96,33,100.1,1861.3,24.1,0,1,0,1,1,1,1,0,1,0,1,1,0,1,1
PB05644,Bathinda,Cement,24.61,10,2.0,50.0,0.5,1,0,0,1,1,0,1,1,1,0,0,0,1,0,0
PB05645,Moga,Engineering/Metal Fabrication,254.08,18,49.5,351.2,7.7,0,0,0,1,1,1,1,1,0,0,0,0,0,1,1
PB05646,Mohali,Electronics,450.95,43,52.0,1760.1,10.4,0,0,0,1,1,1,1,1,0,0,0,0,0,1,0
PB05647,Mohali (SAS Nagar),Plastic Products,403.66,31,27.6,1392.2,0.5,1,0,0,1,1,1,1,0,1,0,0,0,1,1,1
PB05648,Fatehgarh Sahib,Electronics,474.59,15,62.9,1553.0,0.5,0,0,0,1,1,1,1,1,0,0,0,0,0,1,1
PB05649,Moga,Furniture/Wood,622.26,27,89.3,1448.7,19.7,0,0,0,1,1,1,1,1,1,0,0,0,0,1,1
PB05650,Sangrur,Plastic Products,451.06,17,66.4,2218.1,0.5,1,0,0,1,1,1,1,1,0,0,0,0,1,1,1
PB05651,Fatehgarh Sahib,Agro-based,45.14,9,2.0,50.0,1.1,0,0,0,1,1,0,1,0,0,0,0,0,0,0,0
PB05652,Sangrur,Textile,287.75,5,45.9,1370.8,0.9,0,0,0,1,1,0,1,0,0,0,0,0,0,1,1
PB05653,Hoshiarpur,Steel Rolling,576.48,11,58.4,2072.9,5.5,0,0,0,1,1,1,1,1,0,1,0,0,0,1,0
PB05654,Patiala,Textile,408.57,11,68.4,1180.0,9.0,0,0,0,1,1,1,1,1,0,0,0,0,0,1,1
PB05655,Ludhiana,Paper & Pulp,242.98,7,43.1,1115.7,0.5,0,1,0,1,1,0,1,1,1,0,0,1,0,1,1
PB05656,Fatehgarh Sahib,Agro-based,1368.73,5,187.2,3975.0,0.5,1,0,0,1,1,0,1,1,1,0,0,0,1,1,1
PB05657,Hoshiarpur,Cement,174.89,28,18.4,371.4,0.5,0,0,0,1,0,1,1,1,0,0,0,0,0,0,1
PB05658,Ludhiana,Textile Dyeing,151.68,14,36.2,66.0,16.3,0,1,0,1,1,1,1,1,1,0,0,1,0,1,0
PB05659,Fatehgarh Sahib,IT/Software Services,212.49,35,52.5,1337.5,11.4,0,0,1,1,1,0,0,1,0,0,0,0,0,1,1
PB05660,Amritsar,Beverages,253.53,47,44.9,268.2,10.8,0,0,0,1,1,1,1,1,1,0,1,0,0,1,1
PB05661,Sangrur,Beverages,357.89,15,68.7,791.1,19.8,0,0,0,1,1,1,1,1,1,0,1,0,0,1,1
PB05662,Mohali (SAS Nagar),Auto Components,845.84,13,121.0,2564.9,21.3,0,0,0,1,1,1,1,1,1,0,0,0,0,1,1
PB05663,Ludhiana,Leather Products,285.94,11,40.2,166.0,13.7,1,0,0,1,1,1,1,1,1,0,0,0,1,1,1
PB05664,Jalandhar,Textile,692.65,15,113.6,2059.4,8.1,0,0,0,1,1,1,1,1,0,0,0,0,0,1,1
PB05665,Jalandhar,Paper & Pulp,380.11,24,61.7,1359.1,17.4,0,1,0,1,1,1,1,1,1,0,0,1,0,1,1
PB05666,Jalandhar,Plastic Products,164.55,24,22.1,121.0,0.5,1,0,0,1,1,1,1,1,1,0,0,0,1,0,0
PB05667,Mohali (SAS Nagar),Textile,1978.14,16,284.3,6790.6,0.5,0,0,0,1,1,1,1,1,0,0,0,0,0,1,1
PB05668,Ludhiana,Chemical,290.84,6,20.0,599.9,18.4,1,0,0,1,1,0,1,1,1,0,0,0,1,0,1
PB05669,Fatehgarh Sahib,Steel Rolling,435.88,13,68.1,1741.9,4.1,0,0,0,1,1,1,1,1,0,0,0,0,0,1,1
PB05670,Sangrur,Food Processing,501.16,38,56.4,1234.8,23.5,1,0,0,1,1,1,1,1,1,0,1,0,1,1,1
PB05671,Bathinda,Textile,579.95,14,92.2,1669.2,0.9,0,0,0,1,1,1,1,1,0,0,0,0,0,1,1
PB05672,Ludhiana,Leather Products,98.91,14,7.4,1044.6,13.3,1,0,0,1,1,1,1,1,1,0,0,0,0,1,1
PB05673,Mohali (SAS Nagar),Beverages,274.1,5,85.5,960.3,11.7,0,1,0,1,1,0,1,1,1,0,1,1,0,1,1
PB05674,Hoshiarpur,Beverages,149.38,9,25.2,50.0,28.7,1,0,0,1,0,0,1,1,1,0,1,0,1,1,0
PB05675,Sangrur,Agro-based,1464.89,24,179.5,4707.8,10.5,0,0,0,1,1,1,1,1,0,0,0,0,0,1,1
PB05676,Mohali,Electronics,169.73,10,26.5,1256.1,7.7,0,0,0,1,1,1,1,1,0,0,0,0,0,1,1
PB05677,Rupnagar,Auto Components,325.69,26,48.0,163.4,0.5,0,0,0,1,1,1,1,1,0,0,0,0,0,1,1
PB05678,Hoshiarpur,Electronics,1049.7,15,143.7,2844.7,3.8,0,0,0,1,1,1,0,1,0,0,0,0,0,1,1
PB05679,Fatehgarh Sahib,Cement,1063.23,43,186.2,3115.9,0.5,0,0,0,1,1,1,1,1,0,1,0,0,0,1,1
PB05680,Mohali,Auto Components,88.53,21,2.0,1025.1,4.6,0,0,0,1,1,1,1,1,0,0,0,0,0,0,1
PB05681,Rupnagar,Leather Products,434.04,10,72.1,1590.3,23.6,1,0,0,1,0,1,1,1,1,0,0,0,1,1,1
PB05682,Amritsar,Agro-based,968.24,46,164.9,2941.0,17.6,0,0,0,1,1,1,1,1,1,0,0,0,0,1,1
PB05683,Rupnagar,Pharmaceutical,398.93,19,54.4,1253.3,7.8,1,0,0,1,1,1,1,1,1,1,0,0,1,1,1
PB05684,Ludhiana,Rice Milling,258.19,65,50.0,1025.4,21.8,0,1,0,1,1,1,1,1,1,0,1,1,0,1,1
PB05685,Fatehgarh Sahib,Furniture/Wood,545.99,8,68.3,1266.7,1.4,0,0,0,1,1,0,1,1,0,0,0,0,0,1,1
PB05686,Sangrur,Agro-based,197.07,12,26.0,508.7,1.0,0,0,0,1,1,1,1,1,0,1,0,0,0,1,1
PB05687,Mohali (SAS Nagar),IT/Software Services,816.15,6,122.7,2831.0,15.1,0,0,1,1,1,0,1,1,1,0,0,0,0,1,1
PB05688,Fatehgarh Sahib,Steel Rolling,193.55,4,19.9,111.1,4.3,0,0,0,1,1,0,0,0,0,0,0,0,0,0,0
PB05689,Sangrur,Furniture/Wood,493.55,1,104.5,1134.7,5.3,0,0,0,1,1,0,0,1,0,0,0,0,0,1,1
PB05690,Hoshiarpur,IT/Software Services,660.51,14,121.2,2293.8,0.5,0,0,1,1,1,0,1,1,0,0,0,0,0,1,1
PB05691,Sangrur,Textile Dyeing,321.97,31,89.2,1357.7,15.1,0,0,0,1,1,1,1,1,1,0,0,0,0,1,1
PB05692,Bathinda,Textile,2336.32,13,369.7,7900.7,10.0,1,0,0,1,1,1,1,1,1,1,0,0,1,1,1
PB05693,Rupnagar,Chemical,167.67,20,48.8,50.0,27.7,1,1,0,1,1,1,1,1,1,0,0,1,1,1,0
PB05694,Rupnagar,Textile Dyeing,166.12,8,2.0,361.2,25.3,0,1,0,1,1,0,1,1,1,0,0,1,0,0,1
PB05695,Mohali,Textile Dyeing,1613.5,64,239.9,4572.1,2.4,0,1,0,1,1,1,1,1,1,0,0,1,0,1,1
PB05696,Patiala,Furniture/Wood,208.95,35,5.9,1842.6,14.3,0,0,0,1,1,1,1,1,0,0,0,0,0,0,1
PB05697,Bathinda,Agro-based,1749.8,10,273.4,5002.1,0.5,1,0,0,1,1,1,1,1,1,0,0,0,1,1,1
PB05698,Rupnagar,Rice Milling,4478.07,11,679.7,13935.2,22.7,0,1,0,1,1,1,1,1,1,1,1,1,1,1,1
PB05699,Mohali,Chemical,362.9,5,28.0,1125.5,9.4,1,0,0,1,1,0,1,1,1,0,0,0,1,1,1
PB05700,Ludhiana,Steel Rolling,140.39,3,40.0,536.4,10.2,0,0,0,1,1,0,0,1,0,0,0,0,0,1,1
PB05701,Amritsar,Engineering/Metal Fabrication,1722.97,6,284.6,5395.7,14.3,0,0,0,1,1,0,1,1,0,0,0,0,0,1,1
PB05702,Jalandhar,Cement,136.88,6,19.9,160.3,11.4,0,0,0,1,1,0,1,0,0,0,0,0,0,0,1
PB05703,Moga,Textile,822.46,26,137.2,3268.5,20.7,1,0,0,1,1,1,1,1,0,0,0,0,1,1,1
PB05704,Mohali (SAS Nagar),Plastic Products,1059.28,9,150.9,2473.9,5.5,1,0,0,1,1,0,1,1,1,0,0,0,1,1,1
PB05705,Patiala,IT/Software Services,108.93,11,2.0,50.0,1.8,0,0,1,1,1,0,1,0,0,0,0,0,0,0,0
PB05706,Rupnagar,Engineering/Metal Fabrication,422.57,30,77.9,1445.9,0.5,0,0,0,1,1,1,1,1,0,0,0,0,0,1,1
PB05707,Patiala,Agro-based,638.11,16,78.2,2640.1,3.8,0,0,0,1,1,1,1,1,0,0,0,0,0,0,1
PB05708,Fatehgarh Sahib,Pharmaceutical,518.62,29,66.8,215.4,9.1,1,0,0,1,1,1,1,1,1,1,0,0,1,1,0
PB05709,Mohali (SAS Nagar),Textile,145.57,22,16.5,792.6,3.9,0,0,0,1,1,1,1,1,0,1,0,0,0,0,1
PB05710,Mohali,Cement,496.88,38,82.2,1297.4,0.5,0,0,0,1,1,1,1,1,0,0,0,0,1,1,1
PB05711,Hoshiarpur,Engineering/Metal Fabrication,185.47,48,31.6,1167.8,11.6,0,0,0,1,1,1,1,1,0,0,0,0,0,1,1
PB05712,Patiala,Chemical,1125.36,3,177.3,3540.0,30.1,1,1,0,1,1,0,0,1,1,1,0,1,1,1,1
PB05713,Fatehgarh Sahib,Auto Components,261.49,23,41.3,1832.8,8.7,0,0,0,1,1,1,1,1,0,0,0,0,0,0,1
PB05714,Rupnagar,Furniture/Wood,502.12,17,63.8,1716.8,0.5,0,0,0,1,1,1,1,1,0,0,0,0,0,1,1
PB05715,Amritsar,Textile Dyeing,194.6,6,60.8,1089.8,17.9,0,0,0,1,1,0,0,1,1,0,0,0,0,1,1
PB05716,Jalandhar,Auto Components,438.15,24,34.1,623.3,13.3,0,0,0,1,1,1,1,0,0,0,0,0,0,1,1
PB05717,Moga,Agro-based,465.75,18,96.3,770.9,0.5,0,0,0,1,1,1,1,0,0,0,0,0,0,1,1
PB05718,Patiala,IT/Software Services,3388.48,45,495.1,10161.0,15.5,0,0,1,1,1,0,1,1,1,1,0,0,0,1,1
PB05719,Ludhiana,Leather Products,967.1,6,137.9,2883.1,18.3,1,0,0,1,1,0,1,1,1,0,0,0,1,1,1
PB05720,Sangrur,Electronics,943.05,63,142.5,3359.8,0.5,0,0,0,1,1,1,1,1,0,0,0,0,0,1,1
PB05721,Jalandhar,Pharmaceutical,2485.39,39,367.8,6748.5,17.2,1,0,0,1,1,1,1,1,1,1,0,0,1,1,1
PB05722,Amritsar,Steel Rolling,698.39,8,104.1,2029.1,3.4,1,0,0,1,1,0,1,1,1,0,0,0,0,1,1
PB05723,Hoshiarpur,Auto Components,411.87,11,33.9,1638.8,0.5,0,0,0,1,1,1,1,1,0,0,0,0,0,1,0
PB05724,Patiala,Food Processing,31.17,43,2.0,50.0,5.8,0,0,0,1,1,1,1,1,0,0,1,0,0,0,1
PB05725,Fatehgarh Sahib,Agro-based,179.32,13,6.3,564.8,7.3,0,0,0,1,0,1,1,1,0,0,0,0,0,0,1
PB05726,Bathinda,Food Processing,596.1,5,82.2,1422.6,21.3,0,0,0,1,1,0,1,1,1,0,1,0,0,1,1
PB05727,Moga,Textile,117.06,21,31.7,90.3,5.4,0,0,0,1,1,1,1,1,0,0,0,0,0,1,0
PB05728,Jalandhar,Leather Products,765.67,11,83.6,2402.9,29.3,1,0,0,1,1,1,1,1,0,0,0,0,1,1,1
PB05729,Mohali (SAS Nagar),Steel Rolling,161.25,3,13.4,852.3,0.5,0,0,0,1,1,0,0,1,0,0,0,0,0,0,1
PB05730,Fatehgarh Sahib,Auto Components,620.8,25,121.1,2100.4,2.1,1,0,0,1,0,1,1,1,1,0,0,0,1,1,1
PB05731,Bathinda,IT/Software Services,2875.87,2,416.2,9138.0,15.4,0,0,1,1,1,0,0,1,0,1,0,0,0,0,1
PB05732,Bathinda,Chemical,179.63,4,36.4,714.2,18.7,1,1,0,1,1,0,0,1,1,0,0,1,1,1,1
PB05733,Jalandhar,Food Processing,444.56,22,70.2,2018.2,19.3,0,1,0,1,1,1,1,1,1,0,1,1,0,1,1
PB05734,Patiala,Engineering/Metal Fabrication,362.32,13,46.9,1651.1,0.5,0,0,0,1,1,1,1,1,0,0,0,0,0,1,1
PB05735,Ludhiana,Furniture/Wood,25.64,6,2.0,50.0,0.5,0,0,0,1,1,0,1,0,0,0,0,0,0,0,0
PB05736,Jalandhar,Textile,2478.48,53,344.5,7817.4,0.5,0,0,0,1,1,1,1,1,0,1,0,0,0,1,1
PB05737,Bathinda,Electronics,358.73,25,27.8,1592.4,21.8,0,0,0,1,1,1,1,1,1,0,0,0,0,1,1
PB05738,Jalandhar,Textile Dyeing,142.22,49,29.5,120.2,31.2,0,0,0,1,1,1,1,1,1,0,0,0,0,1,0
PB05739,Hoshiarpur,Pharmaceutical,191.47,67,69.2,95.2,12.3,1,0,0,1,1,1,1,1,1,0,0,0,1,1,0
PB05740,Amritsar,Leather Products,39.74,38,4.1,109.3,23.1,1,0,0,1,1,1,1,1,1,0,0,0,0,0,0
PB05741,Fatehgarh Sahib,Agro-based,211.46,6,38.6,1271.3,11.2,0,0,0,1,1,0,1,1,0,0,0,0,0,1,1
PB05742,Rupnagar,Paper & Pulp,451.28,4,40.1,338.2,7.8,0,1,0,1,1,0,0,1,1,0,0,1,0,1,1
PB05743,Sangrur,Engineering/Metal Fabrication,69.48,23,2.0,50.0,9.2,0,0,0,1,1,1,1,1,0,0,0,0,0,0,0
PB05744,Hoshiarpur,Agro-based,1673.04,98,254.8,6238.1,2.9,0,0,0,1,1,1,1,1,1,0,0,0,0,1,1
PB05745,Sangrur,Electronics,1607.4,23,223.5,4768.2,1.1,0,0,0,1,1,1,1,1,0,0,0,0,0,1,1
PB05746,Amritsar,Rice Milling,269.44,56,66.8,1448.9,13.8,0,1,0,1,1,1,1,1,1,0,1,1,0,1,1
PB05747,Sangrur,Furniture/Wood,2233.19,28,332.4,6732.0,0.5,0,0,0,1,1,1,1,1,0,1,0,0,0,1,1
PB05748,Sangrur,Cement,70.98,12,2.0,705.4,7.2,0,0,0,1,1,0,1,1,0,0,0,0,0,0,1
PB05749,Amritsar,Steel Rolling,166.34,8,40.5,50.0,5.2,0,0,0,1,1,0,1,0,0,0,0,0,0,0,0
PB05750,Fatehgarh Sahib,Auto Components,5034.36,7,747.7,15179.9,4.1,0,0,0,1,1,0,1,1,0,1,0,0,0,1,1
PB05751,Bathinda,Paper & Pulp,251.46,46,57.7,324.0,22.2,0,1,0,1,1,1,1,1,1,0,0,1,0,1,1
PB05752,Moga,Rice Milling,1405.12,2,218.4,3744.2,23.1,0,0,0,1,1,0,0,1,1,0,1,0,0,1,1
PB05753,Rupnagar,Textile Dyeing,154.07,9,38.5,50.0,23.7,0,1,0,1,1,0,1,1,1,0,0,1,0,1,0
PB05754,Moga,Paper & Pulp,506.34,2,89.9,1779.6,27.8,0,1,0,1,1,0,0,1,0,1,0,1,0,1,1
PB05755,Moga,Steel Rolling,606.1,21,107.7,1722.7,0.5,0,0,0,1,1,1,1,1,0,0,0,0,0,1,1
PB05756,Patiala,Auto Components,1170.64,26,158.2,2972.1,0.5,0,0,0,1,1,1,1,1,0,0,0,0,0,1,1
PB05757,Patiala,Leather Products,1528.33,37,238.9,5787.5,22.0,1,0,0,1,1,1,1,0,1,0,0,0,1,1,1
PB05758,Amritsar,Plastic Products,148.05,23,19.6,898.5,0.5,1,0,0,1,1,1,1,1,1,0,0,0,1,0,1
PB05759,Hoshiarpur,Steel Rolling,212.31,3,47.2,274.9,9.2,0,0,0,1,1,0,0,0,0,0,0,0,0,1,1
PB05760,Mohali (SAS Nagar),Agro-based,2014.2,6,314.0,6983.7,0.5,0,0,0,1,1,0,1,0,0,1,0,0,1,1,1
PB05761,Sangrur,Paper & Pulp,1125.48,142,164.6,3613.2,25.6,0,1,0,1,1,1,0,0,1,1,0,1,0,1,1
PB05762,Bathinda,Leather Products,283.01,85,23.4,1432.9,10.2,1,0,0,1,1,1,1,1,1,0,0,0,1,0,1
PB05763,Amritsar,Electronics,478.19,15,115.9,663.5,2.6,0,0,0,1,1,1,1,1,0,0,0,0,0,1,1
PB05764,Sangrur,Chemical,2533.59,39,365.2,6783.0,22.9,1,0,0,1,1,1,1,1,1,1,0,0,1,1,1
PB05765,Ludhiana,Steel Rolling,240.05,18,39.9,1009.4,1.2,0,0,0,1,1,1,1,1,1,0,0,0,0,1,1
PB05766,Mohali,Furniture/Wood,1326.64,64,194.0,4862.4,0.5,0,0,0,1,1,1,1,1,0,0,0,0,0,1,1
PB05767,Rupnagar,Engineering/Metal Fabrication,91.4,62,2.8,350.6,4.0,0,0,0,1,1,1,1,1,0,0,0,0,0,0,1
PB05768,Fatehgarh Sahib,Textile Dyeing,473.53,9,35.3,1246.5,20.1,0,0,0,1,1,0,1,0,1,0,0,0,0,1,1
PB05769,Rupnagar,Electronics,49.25,41,31.4,448.5,10.3,0,0,0,1,1,1,1,1,0,1,0,0,0,1,1
PB05770,Amritsar,Leather Products,315.9,10,25.8,168.9,36.2,1,0,0,1,1,1,1,1,1,0,0,0,1,1,1
PB05771,Ludhiana,Rice Milling,873.74,4,135.3,2542.6,23.3,0,1,0,1,1,0,0,1,1,0,1,1,0,0,1
PB05772,Jalandhar,Steel Rolling,168.12,23,37.5,1370.4,0.5,0,0,0,1,1,1,1,1,0,0,0,0,0,1,1
PB05773,Fatehgarh Sahib,Pharmaceutical,837.97,7,134.3,3143.5,5.6,1,0,0,1,1,0,1,1,1,1,0,0,1,1,1
PB05774,Rupnagar,Leather Products,1775.93,40,258.6,4942.2,10.9,1,0,0,1,1,1,1,1,1,0,0,0,0,1,1
PB05775,Moga,Steel Rolling,1730.78,6,241.7,5319.0,14.9,0,0,0,1,1,0,1,1,0,0,0,0,0,1,1
PB05776,Ludhiana,Auto Components,149.21,9,10.1,713.1,0.5,0,0,0,1,1,0,0,1,0,0,0,0,0,0,1
PB05777,Mohali,Textile,221.56,20,25.9,1048.6,2.2,0,0,0,1,1,1,1,1,0,0,0,0,0,1,1
PB05778,Sangrur,Plastic Products,48.17,17,30.9,1427.2,14.1,1,0,0,1,1,1,1,1,1,0,0,0,0,1,1
PB05779,Amritsar,Auto Components,542.61,12,84.4,1115.9,8.9,0,0,0,1,1,0,1,1,0,0,0,0,0,1,1
PB05780,Ludhiana,Textile,441.96,86,37.4,1906.1,9.3,0,0,0,1,1,1,1,1,0,0,0,0,0,1,1
PB05781,Ludhiana,Rice Milling,397.09,83,66.2,2118.5,30.0,0,1,0,1,1,1,1,1,1,0,1,1,0,1,1
PB05782,Bathinda,Textile,923.56,78,138.7,2675.9,0.9,1,0,0,1,1,1,1,1,1,0,0,0,1,1,0
PB05783,Amritsar,Leather Products,646.73,5,86.8,2069.6,20.5,1,0,0,1,1,0,1,1,1,0,0,0,1,1,1
PB05784,Sangrur,Furniture/Wood,52.18,21,28.1,701.5,24.5,1,0,0,1,1,1,1,1,1,0,0,0,0,1,1
PB05785,Patiala,Chemical,490.02,19,66.6,1691.5,20.1,1,0,0,1,1,1,1,1,1,0,0,0,1,1,1
PB05786,Bathinda,Textile,474.45,7,72.1,946.9,0.5,0,0,0,1,1,0,1,1,0,0,0,0,0,1,1
PB05787,Hoshiarpur,Textile Dyeing,193.54,53,35.0,1374.2,25.5,0,1,0,1,1,1,1,1,1,0,0,1,0,1,1
PB05788,Bathinda,Textile,509.61,8,115.8,1782.4,13.3,1,0,0,1,1,0,1,1,1,0,0,0,1,1,1
PB05789,Ludhiana,Food Processing,344.58,42,88.5,918.4,0.5,0,0,0,1,1,1,1,1,0,0,1,0,0,1,1
PB05790,Sangrur,Steel Rolling,653.37,17,112.6,274.5,7.7,0,0,0,1,1,1,1,1,0,0,0,0,0,1,1
PB05791,Bathinda,Beverages,231.15,3,4.4,256.1,24.0,0,0,0,1,1,0,1,0,1,0,1,0,0,0,1
PB05792,Mohali,Agro-based,305.94,33,50.3,807.0,5.5,0,0,0,1,1,1,1,1,0,0,0,0,0,1,1
PB05793,Hoshiarpur,Electronics,2897.34,35,436.9,9546.7,24.2,0,0,0,1,1,1,1,1,1,1,0,0,0,1,1
PB05794,Sangrur,Paper & Pulp,412.38,19,39.2,761.0,13.8,0,1,0,1,1,1,1,1,1,0,0,1,0,1,1
PB05795,Mohali,Textile,2227.94,41,296.7,6909.7,9.3,0,0,0,1,1,1,1,1,0,1,0,0,0,1,1
PB05796,Rupnagar,Paper & Pulp,1402.49,14,198.6,4113.8,32.2,0,1,0,1,1,1,1,1,1,1,0,1,0,1,1
PB05797,Hoshiarpur,Auto Components,60.96,14,47.4,821.1,14.0,0,0,0,1,1,1,1,1,0,0,0,0,0,1,1
PB05798,Fatehgarh Sahib,Pharmaceutical,778.35,19,148.4,1631.7,31.3,1,0,0,1,1,1,1,1,1,1,0,0,1,1,1
PB05799,Amritsar,Electronics,1891.78,13,285.3,5753.7,0.5,0,0,0,1,1,1,1,1,0,0,0,0,0,1,1
PB05800,Jalandhar,Furniture/Wood,251.46,71,12.0,523.2,12.7,0,0,0,1,1,1,1,1,0,0,0,0,0,0,1
PB05801,Sangrur,Rice Milling,334.46,4,63.2,1233.7,22.0,0,1,0,1,1,0,0,0,1,0,1,1,0,1,1
PB05802,Amritsar,Engineering/Metal Fabrication,224.28,15,22.9,50.0,13.5,0,0,0,1,1,1,1,1,0,0,0,0,0,0,0
PB05803,Moga,Chemical,267.83,53,31.9,1467.1,13.7,1,1,0,1,1,1,1,1,1,0,0,1,1,1,1
PB05804,Hoshiarpur,Textile,1201.95,31,155.4,4309.8,14.5,0,0,0,1,1,1,1,1,1,1,0,0,0,1,0
PB05805,Fatehgarh Sahib,Plastic Products,208.75,27,16.5,232.9,5.1,1,0,0,1,1,1,0,1,1,0,0,0,1,0,1
PB05806,Moga,Electronics,42.67,30,45.1,782.8,2.0,0,0,0,1,1,1,1,1,0,0,0,0,0,1,1
PB05807,Hoshiarpur,Pharmaceutical,1210.72,7,201.2,3215.0,8.7,1,0,0,1,1,0,1,1,1,1,0,0,1,1,1
PB05808,Bathinda,Plastic Products,2840.49,16,428.7,7838.0,5.4,1,0,0,1,1,1,1,1,1,1,0,0,1,1,1
PB05809,Rupnagar,Auto Components,231.78,51,2.0,50.0,2.5,0,0,0,1,1,1,1,1,0,0,0,0,0,0,0
PB05810,Fatehgarh Sahib,Chemical,212.68,10,54.4,766.5,19.5,1,1,0,1,1,1,1,1,1,0,0,1,1,1,1
PB05811,Ludhiana,Engineering/Metal Fabrication,264.1,9,69.4,959.8,8.2,0,0,0,1,1,0,1,1,0,0,0,0,0,0,1
PB05812,Bathinda,IT/Software Services,213.66,15,56.4,123.8,2.2,0,0,1,1,1,0,1,1,0,0,0,0,0,1,0
PB05813,Mohali (SAS Nagar),Steel Rolling,2332.47,17,356.3,7335.9,6.7,0,0,0,1,1,1,1,1,1,1,0,0,0,1,1
PB05814,Bathinda,Cement,2962.61,16,474.0,9652.1,0.5,0,0,0,1,1,1,1,1,0,1,0,0,0,1,1
PB05815,Mohali (SAS Nagar),Agro-based,125.16,30,45.9,1088.3,0.5,0,0,0,1,1,1,1,1,0,0,0,0,0,1,1
PB05816,Jalandhar,Furniture/Wood,296.86,11,73.3,1535.6,2.6,0,0,0,1,1,1,1,1,0,0,0,0,0,1,1
PB05817,Fatehgarh Sahib,Steel Rolling,43.62,13,2.0,50.0,0.5,0,0,0,1,1,0,1,1,0,0,0,0,0,0,0
PB05818,Amritsar,Leather Products,1474.83,58,234.7,4263.2,15.4,1,0,0,1,1,1,1,1,1,0,0,0,1,1,1
PB05819,Rupnagar,Leather Products,124.44,81,5.3,79.0,20.3,1,0,0,1,1,1,1,1,1,0,0,0,1,0,0
PB05820,Amritsar,Beverages,724.3,8,126.7,2301.6,0.5,0,1,0,1,1,0,1,1,1,0,1,1,0,1,1
PB05821,Rupnagar,Plastic Products,333.37,9,53.3,601.8,1.5,1,0,0,1,1,0,1,1,1,0,0,0,1,0,1
PB05822,Moga,Plastic Products,773.82,38,152.7,2318.2,11.4,1,0,0,1,1,1,1,1,1,0,0,0,1,1,1
PB05823,Mohali,Leather Products,122.33,9,17.0,639.3,13.0,1,0,0,1,1,0,1,1,1,0,0,0,1,0,1
PB05824,Moga,Auto Components,276.66,13,35.0,343.0,10.5,0,0,0,1,1,1,1,1,0,0,0,0,0,1,1
PB05825,Mohali,Agro-based,63.71,56,10.2,1194.4,4.2,0,0,0,1,1,1,1,1,0,0,0,0,0,0,1
PB05826,Hoshiarpur,Auto Components,1443.6,19,207.2,5634.9,10.2,0,0,0,1,0,1,1,1,0,0,0,0,0,1,1
PB05827,Moga,Electronics,720.49,18,130.5,1686.2,13.3,0,0,0,1,1,1,1,1,0,0,0,0,0,1,1
PB05828,Rupnagar,Beverages,86.9,2,5.0,50.0,18.7,0,1,0,1,1,0,0,1,1,0,1,1,0,0,0
PB05829,Fatehgarh Sahib,Paper & Pulp,844.64,9,136.3,2944.6,31.2,0,0,0,1,1,0,1,1,1,1,0,0,0,1,1
PB05830,Jalandhar,Electronics,283.46,38,17.7,856.8,0.8,0,0,0,1,1,1,1,1,0,0,0,0,0,0,1
PB05831,Hoshiarpur,Beverages,165.05,21,48.6,481.6,19.5,0,1,0,1,1,1,1,1,1,0,1,1,0,1,1
PB05832,Hoshiarpur,Cement,803.97,11,126.5,2471.8,3.0,0,0,0,1,1,1,1,1,0,1,0,0,1,1,1
PB05833,Patiala,Beverages,147.92,3,16.3,50.0,21.3,0,1,0,1,1,0,0,1,1,0,1,1,0,0,0
PB05834,Amritsar,Food Processing,784.69,16,132.9,1741.4,15.7,0,1,0,1,1,1,1,1,1,0,1,1,0,1,0
PB05835,Rupnagar,Electronics,1592.67,13,216.1,4708.8,0.5,0,0,0,1,1,1,1,1,0,0,0,0,0,1,1
PB05836,Ludhiana,Auto Components,65.38,14,48.1,50.0,0.5,0,0,0,1,1,1,1,0,0,0,0,0,0,1,0
PB05837,Mohali (SAS Nagar),Steel Rolling,773.43,12,120.4,2517.4,2.8,0,0,0,1,1,1,1,1,0,1,0,0,0,1,1
PB05838,Mohali,Agro-based,533.98,19,113.4,2249.0,0.5,0,0,0,1,1,1,1,1,0,0,0,0,0,1,1
PB05839,Sangrur,Leather Products,104.26,127,21.0,50.0,21.5,1,0,0,1,1,1,1,1,1,0,0,0,1,0,0
PB05840,Amritsar,Auto Components,492.07,12,73.6,1328.2,6.9,0,0,0,1,1,1,1,1,0,0,0,0,0,1,1
PB05841,Ludhiana,Leather Products,513.97,4,104.5,1602.4,9.4,1,0,0,1,1,0,0,1,1,0,0,0,1,1,1
PB05842,Fatehgarh Sahib,Beverages,1522.86,97,232.9,4819.4,28.5,0,1,0,1,1,1,1,1,1,0,1,1,0,1,1
PB05843,Mohali,Leather Products,287.08,2,60.5,627.2,12.5,1,0,0,1,1,0,0,1,1,0,0,0,1,1,1
PB05844,Bathinda,Textile Dyeing,342.63,11,44.0,1223.7,26.3,0,1,0,1,1,1,1,1,1,0,0,1,0,1,1
PB05845,Mohali,Plastic Products,74.03,22,32.5,85.8,0.5,1,0,0,1,1,1,1,1,1,0,0,0,0,1,0
PB05846,Mohali,Leather Products,834.02,32,121.2,2192.2,5.8,1,0,0,1,1,1,1,1,1,0,0,0,1,1,1
PB05847,Ludhiana,Paper & Pulp,1079.24,34,183.5,2679.2,20.0,0,1,0,1,1,1,1,1,1,1,0,1,0,1,1
PB05848,Ludhiana,Food Processing,4620.83,18,687.1,13874.3,3.6,0,1,0,1,1,1,1,1,0,1,1,1,0,1,1
PB05849,Hoshiarpur,Textile,1669.63,21,257.3,4645.7,0.5,1,0,0,1,1,1,1,1,1,0,0,0,1,1,1
PB05850,Jalandhar,Textile Dyeing,211.54,20,6.6,500.5,29.0,0,1,0,1,1,1,1,1,1,0,0,1,0,0,1
PB05851,Sangrur,Paper & Pulp,1527.84,41,186.9,5178.9,21.2,0,0,0,1,1,1,1,1,1,1,0,0,0,1,1
PB05852,Fatehgarh Sahib,Engineering/Metal Fabrication,1260.28,128,186.7,2978.9,10.2,0,0,0,1,1,0,1,1,0,0,0,0,0,1,1
PB05853,Patiala,Chemical,156.03,4,25.5,538.8,16.3,1,1,0,1,1,0,0,1,1,0,0,1,1,1,1
PB05854,Rupnagar,Beverages,2758.92,17,435.0,8369.0,24.5,0,1,0,1,1,1,1,1,1,1,1,1,0,1,1
PB05855,Moga,Paper & Pulp,618.46,17,111.8,2309.5,19.8,0,1,0,1,1,1,1,1,1,1,0,1,0,1,1
PB05856,Mohali,Auto Components,858.52,10,151.1,1905.6,10.8,0,0,0,1,1,1,1,1,0,0,0,0,0,1,1
PB05857,Rupnagar,Pharmaceutical,335.47,28,71.0,794.7,17.9,1,0,0,1,1,1,1,1,1,0,0,0,1,1,1
PB05858,Sangrur,Paper & Pulp,263.94,5,12.7,945.4,6.9,0,1,0,1,1,0,1,1,1,0,0,1,0,0,1
PB05859,Patiala,IT/Software Services,188.69,18,49.4,166.2,12.9,0,0,1,1,1,0,1,1,0,0,0,0,0,1,1
PB05860,Amritsar,Chemical,507.42,4,37.9,2538.8,20.5,1,1,0,1,1,0,0,1,1,1,0,1,0,1,1
PB05861,Mohali,Beverages,520.86,6,90.7,1750.8,28.7,0,1,0,1,1,0,1,1,1,0,1,1,0,1,1
PB05862,Amritsar,Steel Rolling,1527.04,1,205.7,4335.7,5.4,0,0,0,1,1,0,0,1,1,0,0,0,0,1,1
PB05863,Mohali,Textile,808.46,25,136.0,2362.7,18.9,0,0,0,1,1,1,1,1,1,0,0,0,0,1,1
PB05864,Mohali,Agro-based,492.89,4,60.4,1128.7,7.3,0,0,0,1,1,0,0,1,0,0,0,0,0,1,1
PB05865,Fatehgarh Sahib,Leather Products,155.83,6,37.4,50.0,10.8,1,0,0,1,1,1,1,1,1,0,0,0,1,1,0
PB05866,Sangrur,Furniture/Wood,618.33,7,79.3,1602.6,11.0,0,0,0,1,1,0,1,1,0,0,0,0,0,1,1
PB05867,Moga,Chemical,202.93,38,29.4,1319.5,16.7,1,1,0,1,1,1,1,1,1,0,0,1,1,1,1
PB05868,Moga,Plastic Products,419.37,5,65.9,2159.2,7.1,1,0,0,1,1,1,1,1,1,0,0,0,1,1,1
PB05869,Mohali (SAS Nagar),Cement,3690.73,9,525.6,10692.2,4.5,0,0,0,1,1,0,1,1,0,1,0,0,0,1,1
PB05870,Rupnagar,Furniture/Wood,148.73,14,2.0,423.7,7.3,0,0,0,1,1,0,1,1,0,0,0,0,0,0,1
PB05871,Amritsar,Rice Milling,71.92,28,2.0,50.0,22.8,0,1,0,1,1,1,1,1,1,0,1,1,0,0,0
PB05872,Jalandhar,Plastic Products,99.44,13,2.0,658.0,6.3,1,0,0,1,1,0,1,1,1,0,0,0,0,1,1
PB05873,Mohali,Cement,6000.0,29,910.2,17565.5,7.2,0,0,0,1,1,1,1,1,0,1,0,0,0,1,1
PB05874,Sangrur,Electronics,152.2,15,5.4,50.0,0.5,0,0,0,1,1,1,1,1,0,0,0,0,0,0,0
PB05875,Patiala,Textile,2400.33,7,369.5,6926.2,0.5,0,0,0,1,1,0,1,1,0,1,0,0,0,1,1
PB05876,Ludhiana,Auto Components,770.69,15,133.7,2176.2,16.7,0,0,0,1,1,1,1,1,1,0,0,0,0,1,1
PB05877,Fatehgarh Sahib,Paper & Pulp,6000.0,16,895.7,18821.3,21.5,0,1,0,1,1,1,1,1,1,1,0,1,0,1,1
PB05878,Ludhiana,Cement,690.59,18,117.4,1568.1,4.3,0,0,0,1,1,1,1,1,0,1,0,0,0,1,1
PB05879,Mohali (SAS Nagar),Textile,451.75,20,81.3,50.0,9.3,0,0,0,1,1,1,1,1,0,0,0,0,0,1,0
PB05880,Mohali,Chemical,339.64,7,29.0,1026.1,24.4,1,0,0,1,1,0,1,1,1,0,0,0,1,1,1
PB05881,Ludhiana,Electronics,25.1,7,22.2,145.4,5.7,0,0,0,1,1,0,1,1,0,0,0,0,0,0,0
PB05882,Bathinda,Plastic Products,1590.9,52,256.6,5487.5,4.1,1,0,0,1,1,1,1,1,1,0,0,0,1,1,1
PB05883,Jalandhar,Engineering/Metal Fabrication,301.99,117,68.7,691.6,0.5,0,0,0,1,1,1,1,1,0,0,0,0,0,1,1
PB05884,Sangrur,Electronics,583.12,22,98.7,772.8,3.7,0,0,0,1,1,1,1,1,0,0,0,0,0,1,1
PB05885,Fatehgarh Sahib,Agro-based,98.59,51,13.4,1086.8,21.8,0,0,0,1,1,1,1,1,1,1,0,0,0,0,1
PB05886,Amritsar,Textile,902.65,12,127.1,3291.8,2.2,0,0,0,1,1,1,1,1,0,0,0,0,0,1,1
PB05887,Moga,Textile,859.87,5,123.1,2092.5,0.5,0,0,0,1,1,0,1,1,0,0,0,0,0,1,1
PB05888,Mohali,Textile,36.34,61,11.9,274.6,6.9,0,0,0,1,1,1,1,1,0,0,0,0,0,0,1
PB05889,Bathinda,Paper & Pulp,297.81,5,31.3,638.9,24.7,0,0,0,1,1,0,1,1,1,0,0,0,0,1,1
PB05890,Amritsar,Pharmaceutical,1340.35,38,204.7,3693.1,10.8,1,0,0,1,1,1,1,1,1,1,0,0,1,1,1
PB05891,Mohali,IT/Software Services,215.95,10,63.7,965.7,13.6,0,0,1,1,0,0,1,1,0,0,0,0,0,1,1
PB05892,Sangrur,Pharmaceutical,311.5,89,73.9,156.0,29.6,1,0,0,1,1,0,1,1,1,0,0,0,1,1,1
PB05893,Hoshiarpur,Food Processing,97.96,12,32.8,1216.3,20.6,0,1,0,1,1,1,1,1,1,0,1,1,0,1,1
PB05894,Mohali (SAS Nagar),Leather Products,108.22,14,19.1,813.7,16.7,1,0,0,1,1,1,1,1,1,0,0,0,1,0,1
PB05895,Fatehgarh Sahib,Cement,3998.68,12,583.8,11846.6,4.2,0,0,0,1,0,1,1,1,0,1,0,0,0,1,1
PB05896,Jalandhar,Auto Components,304.1,3,12.5,2110.5,5.3,0,0,0,1,1,0,0,0,0,0,0,0,0,0,1
PB05897,Patiala,Chemical,55.02,6,2.0,477.5,5.6,1,1,0,1,1,1,1,1,1,0,0,1,1,0,1
PB05898,Mohali (SAS Nagar),Food Processing,760.59,11,141.1,1859.3,1.6,0,0,0,1,1,1,1,1,0,0,1,0,0,1,1
PB05899,Mohali (SAS Nagar),Engineering/Metal Fabrication,681.03,24,98.9,2320.7,10.7,0,0,0,1,1,1,1,1,0,0,0,0,0,1,1
PB05900,Moga,Pharmaceutical,159.09,10,101.9,342.6,19.0,1,0,0,1,1,1,1,1,1,0,0,0,1,1,1
PB05901,Rupnagar,Pharmaceutical,511.97,29,73.0,2044.8,22.3,1,0,0,1,1,1,1,1,1,1,0,0,1,0,1
PB05902,Ludhiana,Rice Milling,986.84,12,146.2,3336.5,13.4,0,1,0,1,1,1,1,1,1,0,1,1,0,1,1
PB05903,Hoshiarpur,Agro-based,2797.12,17,442.7,8989.9,0.5,0,0,0,1,1,1,1,1,0,1,0,0,0,1,1
PB05904,Sangrur,Agro-based,210.43,28,8.2,66.5,2.4,0,0,0,1,1,1,1,1,0,0,0,0,0,0,0
PB05905,Fatehgarh Sahib,IT/Software Services,55.13,15,2.0,813.0,0.5,0,0,1,1,1,0,1,0,0,0,0,0,0,0,1
PB05906,Hoshiarpur,Furniture/Wood,155.18,11,35.3,626.7,7.6,0,0,0,1,1,1,1,1,0,0,0,0,0,1,1
PB05907,Mohali,Engineering/Metal Fabrication,172.63,38,18.0,50.0,0.5,0,0,0,1,1,1,1,1,0,0,0,0,0,0,0
PB05908,Amritsar,Furniture/Wood,145.38,7,46.6,50.0,0.5,0,0,0,1,1,0,1,0,1,0,0,0,0,1,0
PB05909,Moga,Agro-based,232.55,5,14.4,272.2,0.5,0,0,0,1,1,0,1,0,0,1,0,0,0,0,1
PB05910,Hoshiarpur,Food Processing,155.5,45,16.1,375.1,3.0,0,1,0,1,1,1,1,1,0,0,1,1,0,0,0
PB05911,Sangrur,Beverages,98.6,14,15.1,968.8,26.9,0,1,0,1,1,1,1,1,1,0,1,1,1,0,1
PB05912,Ludhiana,Cement,136.09,23,39.8,291.0,16.0,0,0,0,1,1,1,1,1,1,1,0,0,0,0,1
PB05913,Jalandhar,Beverages,185.85,11,25.4,50.0,26.1,0,0,0,1,1,1,1,0,1,0,1,0,0,1,0
PB05914,Sangrur,Beverages,311.56,8,58.8,1426.1,37.4,0,1,0,1,1,0,1,1,1,0,1,1,0,1,0
PB05915,Sangrur,Paper & Pulp,189.7,25,44.2,50.0,33.4,0,1,0,1,1,1,1,1,1,0,0,1,0,1,0
PB05916,Bathinda,Cement,46.13,11,24.3,50.0,0.5,0,0,0,1,1,1,1,0,0,0,0,0,0,0,0
PB05917,Ludhiana,Pharmaceutical,6000.0,10,936.6,19026.9,23.5,1,0,0,1,1,1,0,1,1,1,0,0,1,1,1
PB05918,Sangrur,Textile Dyeing,353.36,15,38.6,853.3,21.4,0,1,0,1,1,1,1,1,1,0,0,1,0,1,1
PB05919,Mohali,Auto Components,103.6,19,14.2,1624.6,8.3,0,0,0,1,1,1,1,1,0,0,0,0,0,0,1
PB05920,Jalandhar,Furniture/Wood,229.79,6,85.9,574.8,19.7,0,0,0,1,1,0,1,1,1,0,0,0,0,1,1
PB05921,Moga,Cement,417.25,6,82.7,879.0,10.3,0,0,0,1,1,0,1,1,0,0,0,0,0,1,1
PB05922,Hoshiarpur,Textile,163.44,30,8.5,1717.4,11.9,0,0,0,1,1,1,1,1,0,0,0,0,0,0,1
PB05923,Sangrur,Furniture/Wood,632.44,56,94.3,1515.6,0.5,0,0,0,1,1,1,1,1,0,0,0,0,0,1,1
PB05924,Hoshiarpur,Cement,992.53,9,142.1,3440.2,24.5,1,0,0,1,1,0,1,1,1,1,0,0,1,1,0
PB05925,Moga,Paper & Pulp,174.75,4,41.4,386.3,15.3,0,1,0,1,1,0,0,1,1,0,0,1,0,0,1
PB05926,Amritsar,Leather Products,768.58,17,109.6,2683.6,8.9,1,0,0,1,1,1,1,1,1,0,0,0,1,1,1
PB05927,Fatehgarh Sahib,Textile,211.09,5,46.6,50.0,5.0,0,0,0,1,1,0,1,0,0,0,0,0,0,1,0
PB05928,Sangrur,Paper & Pulp,477.65,45,91.7,503.5,17.4,0,1,0,1,1,1,1,1,1,0,0,1,0,1,1
PB05929,Jalandhar,IT/Software Services,663.11,15,95.7,1498.5,6.4,0,0,1,1,1,0,1,1,0,0,0,0,0,1,1
PB05930,Mohali (SAS Nagar),Steel Rolling,393.69,28,28.5,1249.3,6.7,0,0,0,1,1,1,1,1,0,0,0,0,0,1,1
PB05931,Rupnagar,Chemical,1625.66,15,266.9,3686.6,5.2,1,1,0,1,1,1,1,1,1,1,0,1,1,1,1
PB05932,Mohali,Engineering/Metal Fabrication,1450.73,50,245.1,4259.1,11.3,0,0,0,1,1,1,1,1,0,0,0,0,0,1,0
PB05933,Jalandhar,Textile Dyeing,1287.95,22,199.0,3982.9,22.2,0,1,0,1,1,1,1,1,1,0,0,1,0,1,1
PB05934,Fatehgarh Sahib,Steel Rolling,543.17,8,48.5,1795.7,0.5,0,0,0,1,1,0,1,1,1,0,0,0,0,1,1
PB05935,Mohali (SAS Nagar),Agro-based,501.12,4,91.9,2400.7,5.9,0,0,0,1,1,0,0,1,0,0,0,0,0,1,1
PB05936,Mohali (SAS Nagar),Textile,243.8,3,38.9,524.6,0.5,0,0,0,1,1,0,0,1,0,1,0,0,0,1,1
PB05937,Mohali (SAS Nagar),Agro-based,589.87,34,68.0,1495.9,7.7,0,0,0,1,1,1,1,1,0,0,0,0,0,1,1
PB05938,Mohali (SAS Nagar),Textile Dyeing,1154.97,111,153.0,2116.4,15.0,0,1,0,1,1,1,1,1,1,0,0,1,0,1,1
PB05939,Moga,Food Processing,18.13,8,2.0,50.0,13.2,0,0,0,1,0,0,0,0,0,0,1,0,0,0,0
PB05940,Ludhiana,Agro-based,287.38,5,80.3,1534.8,2.7,1,0,0,1,1,0,1,1,1,0,0,0,1,1,1
PB05941,Hoshiarpur,Food Processing,1528.72,17,223.7,3975.6,5.0,0,1,0,1,1,1,1,1,0,0,1,1,0,1,1
PB05942,Moga,Textile,647.77,58,127.3,1439.9,8.3,0,0,0,1,1,1,1,1,0,0,0,0,0,1,1
PB05943,Moga,Rice Milling,172.03,3,16.9,402.8,26.0,0,0,0,1,1,0,0,1,1,1,1,0,0,0,1
PB05944,Hoshiarpur,Cement,321.77,9,44.2,1131.7,14.6,0,0,0,1,1,0,1,1,0,0,0,0,0,1,1
PB05945,Hoshiarpur,Electronics,529.73,29,94.4,3115.5,0.5,0,0,0,1,1,1,1,1,0,0,0,0,0,1,1
PB05946,Fatehgarh Sahib,Electronics,856.72,12,128.3,2444.5,15.9,0,0,0,1,1,1,1,1,1,0,0,0,0,1,1
PB05947,Mohali (SAS Nagar),Paper & Pulp,449.62,16,97.8,490.0,20.8,0,1,0,1,1,1,1,1,1,1,0,1,0,1,1
PB05948,Bathinda,Paper & Pulp,651.53,14,92.0,1078.9,14.7,0,1,0,1,1,1,1,0,1,1,0,1,0,1,1
PB05949,Ludhiana,Food Processing,79.02,23,39.1,276.8,0.5,0,1,0,1,1,1,1,1,0,0,1,1,0,1,1
PB05950,Sangrur,Food Processing,267.87,8,56.7,306.4,5.9,0,0,0,1,1,0,1,1,0,0,1,0,0,1,1
PB05951,Hoshiarpur,Chemical,32.89,44,2.0,1103.7,15.0,1,0,0,1,1,1,1,1,1,0,0,0,0,0,1
PB05952,Patiala,Beverages,1630.09,21,267.5,4844.6,29.4,0,1,0,1,1,1,1,1,1,0,1,1,0,1,1
PB05953,Patiala,Plastic Products,306.04,17,33.4,932.5,7.3,1,0,0,1,1,1,1,1,1,0,0,0,1,1,1
PB05954,Ludhiana,Steel Rolling,748.39,7,174.4,2499.8,7.4,0,0,0,1,1,0,1,1,0,0,0,0,0,1,0
PB05955,Jalandhar,Agro-based,198.3,9,49.2,634.7,6.9,0,0,0,1,1,0,1,1,0,0,0,0,0,1,1
PB05956,Mohali,Leather Products,323.83,21,25.4,769.8,23.0,1,0,0,1,1,1,1,1,1,0,0,0,0,1,1
PB05957,Mohali (SAS Nagar),Plastic Products,113.76,21,42.3,50.0,7.3,1,0,0,1,1,1,1,1,1,0,0,0,1,1,0
PB05958,Hoshiarpur,Leather Products,598.84,51,97.4,2844.9,13.4,1,0,0,1,1,1,1,1,1,0,0,0,0,1,1
PB05959,Bathinda,Steel Rolling,80.42,10,24.8,50.0,12.8,1,0,0,1,1,1,1,1,1,0,0,0,0,0,0
PB05960,Amritsar,Agro-based,110.11,8,2.1,388.8,3.2,0,0,0,1,1,0,1,1,0,0,0,0,0,0,1
PB05961,Ludhiana,Cement,421.41,9,83.0,1743.2,0.5,0,0,0,1,1,0,1,1,0,0,0,0,0,1,1
PB05962,Hoshiarpur,Textile Dyeing,1118.91,16,168.7,3684.3,27.8,0,0,0,1,1,1,1,1,1,0,0,0,0,1,1
PB05963,Patiala,Textile Dyeing,724.66,21,114.5,2138.0,25.6,0,1,0,1,1,1,1,1,1,0,0,1,0,1,1
PB05964,Ludhiana,Paper & Pulp,2800.74,15,412.4,8522.1,22.8,0,0,0,1,1,1,1,1,1,1,0,0,0,1,1
PB05965,Bathinda,Beverages,828.31,5,128.4,3089.4,12.2,1,1,0,1,1,0,1,1,1,0,1,1,1,1,1
PB05966,Amritsar,Electronics,134.93,5,22.8,661.9,1.5,0,0,0,1,1,0,1,1,0,0,0,0,0,0,1
PB05967,Mohali,Electronics,204.33,24,41.0,1792.0,9.9,0,0,0,1,1,1,1,1,0,0,0,0,0,1,1
PB05968,Patiala,Rice Milling,1001.71,8,139.6,3383.8,24.0,0,1,0,1,1,0,1,1,1,0,1,1,0,1,1
PB05969,Sangrur,Pharmaceutical,916.78,11,113.6,1830.0,20.9,1,0,0,1,1,1,1,1,1,1,0,0,1,1,1
PB05970,Patiala,Engineering/Metal Fabrication,1315.53,14,200.3,3881.8,17.3,0,0,0,1,1,1,1,1,1,0,0,0,0,1,1
PB05971,Sangrur,Pharmaceutical,3941.66,23,574.0,12656.4,17.2,1,0,0,1,1,1,1,1,1,1,0,0,1,1,1
PB05972,Ludhiana,Pharmaceutical,72.72,72,10.9,118.3,8.3,1,0,0,1,1,1,1,1,1,0,0,0,0,0,0
PB05973,Ludhiana,Textile,1499.32,3,274.1,4360.7,9.1,0,0,0,1,1,0,0,1,0,0,0,0,0,1,1
PB05974,Amritsar,Auto Components,335.0,18,50.1,788.3,2.9,1,0,0,1,1,1,1,1,1,0,0,0,1,1,1
PB05975,Ludhiana,Agro-based,1473.21,7,222.4,4758.0,5.0,0,0,0,1,1,0,1,1,0,0,0,0,0,1,1
PB05976,Mohali,Food Processing,145.44,72,26.0,50.0,15.1,1,0,0,1,1,1,1,1,1,0,1,0,1,1,0
PB05977,Ludhiana,Steel Rolling,327.2,3,34.9,1642.7,10.8,0,0,0,1,1,0,0,1,0,0,0,0,0,1,1
PB05978,Sangrur,Engineering/Metal Fabrication,718.54,13,97.4,1909.7,15.7,0,0,0,1,1,1,1,1,1,0,0,0,0,1,1
PB05979,Rupnagar,Pharmaceutical,1027.1,46,169.0,2836.6,4.7,1,0,0,1,1,1,1,1,1,1,0,0,1,1,1
PB05980,Mohali,IT/Software Services,817.58,22,119.2,3355.8,3.5,0,0,1,1,1,0,1,1,0,0,0,0,0,1,1
PB05981,Patiala,Textile,337.97,22,48.4,572.0,2.1,0,0,0,1,1,1,1,1,0,0,0,0,0,1,1
PB05982,Mohali,Textile Dyeing,246.92,20,26.4,438.2,30.1,0,1,0,1,1,1,1,1,1,0,0,1,0,1,1
PB05983,Amritsar,IT/Software Services,1288.68,38,176.6,4887.7,5.4,0,0,1,1,1,0,1,1,0,0,0,0,0,1,1
PB05984,Patiala,Engineering/Metal Fabrication,271.4,13,32.1,734.6,8.3,0,0,0,1,1,1,1,1,0,0,0,0,0,1,1
PB05985,Fatehgarh Sahib,Auto Components,81.33,99,2.0,50.0,10.6,0,0,0,1,1,1,1,1,0,0,0,0,0,0,0
PB05986,Hoshiarpur,Plastic Products,205.7,39,53.0,953.3,7.8,1,0,0,1,1,1,1,1,1,0,0,0,1,1,1
PB05987,Patiala,Plastic Products,1055.53,37,157.8,2153.2,3.1,1,0,0,1,1,1,1,1,1,0,0,0,0,1,1
PB05988,Mohali,Cement,101.17,55,32.4,50.0,0.5,0,0,0,1,1,1,1,1,1,0,0,0,0,1,0
PB05989,Amritsar,IT/Software Services,380.39,14,51.2,1337.2,12.9,0,0,1,1,1,0,1,1,0,0,0,0,0,1,1
PB05990,Rupnagar,Pharmaceutical,716.95,11,142.1,3227.6,19.2,1,0,0,1,1,0,1,1,1,1,0,0,1,1,1
PB05991,Ludhiana,Auto Components,69.45,38,13.0,102.5,0.5,0,0,0,1,1,1,1,1,0,0,0,0,0,1,0
PB05992,Mohali,Agro-based,504.83,33,90.8,1699.1,4.5,0,0,0,1,1,1,1,1,0,0,0,0,0,1,1
PB05993,Sangrur,Rice Milling,540.57,5,78.8,1421.2,17.1,0,0,0,1,1,0,1,1,1,0,1,0,0,1,1
PB05994,Amritsar,Leather Products,133.08,3,15.9,102.8,8.2,1,0,0,1,1,1,0,1,1,0,0,0,1,0,0
PB05995,Patiala,Plastic Products,379.51,12,44.4,513.4,16.7,1,0,0,1,1,1,1,1,1,0,0,0,1,1,1
PB05996,Ludhiana,Cement,1215.47,6,166.6,2817.1,0.5,0,0,0,1,1,0,1,1,0,1,0,0,0,1,0
PB05997,Patiala,Food Processing,409.25,27,95.4,1592.5,17.0,1,1,0,1,1,1,1,1,1,0,1,1,1,1,1
PB05998,Hoshiarpur,Textile Dyeing,3580.35,9,548.2,10152.7,38.2,0,1,0,1,1,0,1,1,1,1,0,1,0,1,1
PB05999,Amritsar,Engineering/Metal Fabrication,608.74,32,87.8,1610.9,13.3,0,0,0,1,1,1,1,1,0,0,0,0,0,1,1
PB06000,Bathinda,Electronics,53.3,185,25.8,50.0,5.3,0,0,0,1,1,1,1,1,1,0,0,0,0,1,0
PB06001,Mohali (SAS Nagar),Plastic Products,562.78,12,76.3,1735.5,5.2,1,0,0,1,1,1,1,1,1,0,0,0,1,1,1
PB06002,Ludhiana,Electronics,343.28,21,74.7,355.8,4.1,0,0,0,1,1,1,1,1,0,0,0,0,0,1,1
PB06003,Mohali (SAS Nagar),Rice Milling,1191.78,6,223.0,2522.5,19.1,0,0,0,1,1,0,1,0,1,0,1,0,0,1,1
PB06004,Rupnagar,Agro-based,247.86,11,73.6,1995.1,0.5,1,0,0,1,0,1,1,1,1,0,0,0,1,1,1
PB06005,Mohali (SAS Nagar),Cement,724.73,31,116.4,1625.4,10.6,0,0,0,1,1,1,1,1,0,1,0,0,0,1,1
PB06006,Jalandhar,Agro-based,1123.9,6,182.6,2672.7,0.5,0,0,0,1,1,0,1,1,0,0,0,0,0,1,1
PB06007,Mohali (SAS Nagar),Auto Components,1948.54,65,335.6,5500.4,0.5,0,0,0,1,1,1,1,1,0,0,0,0,0,1,1
PB06008,Moga,Agro-based,141.82,34,23.2,663.0,15.5,0,0,0,1,1,1,1,1,1,0,0,0,0,0,1
PB06009,Rupnagar,Textile,79.59,145,13.5,50.0,2.4,1,0,0,1,1,1,1,1,1,0,0,0,0,0,0
PB06010,Mohali,Textile,471.88,21,78.3,955.5,9.6,0,0,0,1,1,1,1,1,0,0,0,0,0,1,1
PB06011,Bathinda,Auto Components,298.64,22,45.4,849.2,9.3,0,0,0,1,1,1,1,1,0,0,0,0,0,1,1
PB06012,Patiala,Plastic Products,527.42,14,58.0,898.6,10.6,1,0,0,1,1,1,1,1,1,0,0,0,1,1,1
PB06013,Fatehgarh Sahib,Leather Products,158.55,51,62.5,612.0,16.2,1,0,0,1,1,1,1,1,1,0,0,0,1,1,1
PB06014,Bathinda,Pharmaceutical,245.94,32,14.6,1031.3,25.2,1,0,0,1,1,1,1,1,1,0,0,0,1,0,1
PB06015,Mohali (SAS Nagar),Steel Rolling,127.62,5,6.7,334.7,0.5,0,0,0,1,1,0,1,1,0,0,0,0,0,0,1
PB06016,Bathinda,Engineering/Metal Fabrication,1075.6,6,158.4,3829.7,4.0,0,0,0,1,1,0,1,1,0,0,0,0,0,1,1
PB06017,Hoshiarpur,Food Processing,319.15,127,56.9,1554.9,3.5,0,0,0,1,1,1,1,1,0,0,1,0,1,1,1
PB06018,Hoshiarpur,Engineering/Metal Fabrication,1630.27,18,214.3,4853.7,14.3,0,0,0,1,1,0,1,1,0,0,0,0,0,1,1
PB06019,Sangrur,Textile Dyeing,693.97,26,96.1,1943.1,27.2,1,1,0,1,1,1,1,1,1,0,0,1,1,1,1
PB06020,Bathinda,Beverages,603.09,27,115.4,1609.3,5.9,0,0,0,1,1,1,1,1,1,0,1,0,0,1,1
PB06021,Ludhiana,Textile Dyeing,816.09,1,145.3,1933.3,31.9,0,1,0,1,1,0,0,1,1,0,0,1,0,1,1
PB06022,Hoshiarpur,Textile,111.97,3,2.0,494.9,5.8,0,0,0,1,1,0,0,1,0,0,0,0,0,0,1
PB06023,Bathinda,Electronics,507.68,7,86.5,1729.7,5.9,0,0,0,1,1,0,0,1,0,0,0,0,0,1,1
PB06024,Fatehgarh Sahib,Food Processing,175.06,30,40.4,654.6,3.3,0,0,0,1,1,1,1,1,0,0,1,0,0,1,1
PB06025,Mohali,Textile,1039.77,16,128.1,2090.4,7.3,0,0,0,1,1,1,1,1,0,1,0,0,0,1,1
PB06026,Mohali (SAS Nagar),Beverages,501.61,24,67.8,1481.8,8.9,0,1,0,1,1,1,1,1,1,0,1,1,0,1,1
PB06027,Fatehgarh Sahib,Food Processing,55.57,50,59.0,50.0,0.8,0,1,0,1,1,1,1,1,1,0,1,1,0,1,0
PB06028,Hoshiarpur,Textile Dyeing,173.04,3,21.3,632.5,27.1,0,0,0,1,1,0,0,1,1,0,0,0,0,0,1
PB06029,Rupnagar,Plastic Products,157.66,41,20.7,527.2,0.5,1,0,0,1,1,1,1,1,1,0,0,0,1,0,1
PB06030,Moga,Plastic Products,2361.67,9,324.7,7372.9,6.7,1,0,0,1,1,0,1,1,1,1,0,0,1,1,1
PB06031,Mohali,Textile,70.95,55,13.6,50.0,7.9,0,0,0,1,1,1,1,1,0,0,0,0,0,0,0
PB06032,Ludhiana,Pharmaceutical,217.52,19,56.4,181.8,11.2,1,0,0,1,1,1,0,1,1,0,0,0,1,1,1
PB06033,Rupnagar,Rice Milling,4706.17,6,727.7,14825.0,21.4,0,0,0,1,1,0,1,1,1,1,1,0,0,1,0
PB06034,Moga,Pharmaceutical,99.32,9,32.3,158.4,8.5,1,0,0,1,1,0,1,1,1,0,0,0,0,1,1
PB06035,Fatehgarh Sahib,Furniture/Wood,367.46,30,78.0,693.4,0.5,0,0,0,1,1,1,1,1,0,0,0,0,0,1,1
PB06036,Ludhiana,Rice Milling,292.38,13,36.2,1092.8,16.5,0,0,0,1,1,1,1,1,1,0,1,0,0,1,1
PB06037,Mohali (SAS Nagar),Plastic Products,393.19,27,52.1,187.0,4.8,1,0,0,1,1,1,1,1,1,0,0,0,1,1,1
PB06038,Mohali,Engineering/Metal Fabrication,772.54,29,117.6,1807.7,11.1,0,0,0,1,1,1,1,1,0,0,0,0,0,1,1
PB06039,Hoshiarpur,Steel Rolling,105.57,3,23.0,50.0,6.6,0,0,0,1,0,0,0,0,0,0,0,0,0,0,0
PB06040,Fatehgarh Sahib,Steel Rolling,187.96,51,12.5,224.4,6.8,0,0,0,1,1,1,1,1,0,0,0,0,0,0,1
PB06041,Hoshiarpur,Rice Milling,399.67,25,52.1,931.4,11.2,0,0,0,1,1,1,1,1,1,0,1,0,0,1,1
PB06042,Fatehgarh Sahib,Textile,227.48,87,26.3,713.2,1.0,0,0,0,1,1,1,1,1,0,0,0,0,0,1,1
PB06043,Mohali (SAS Nagar),Food Processing,310.9,17,41.5,1642.1,0.5,0,1,0,1,1,1,1,1,0,0,1,1,1,1,1
PB06044,Rupnagar,IT/Software Services,32.34,29,7.1,233.0,9.2,0,0,1,1,1,0,1,1,0,0,0,0,0,0,0
PB06045,Mohali,Textile,122.29,7,16.4,382.3,14.9,0,0,0,1,1,0,1,1,0,0,0,0,0,0,1
PB06046,Fatehgarh Sahib,Engineering/Metal Fabrication,32.58,25,2.0,495.7,4.3,0,0,0,1,1,1,1,1,0,0,0,0,0,0,1
PB06047,Sangrur,IT/Software Services,4381.14,14,674.0,12693.9,3.2,0,0,1,1,1,0,1,1,0,1,0,0,0,1,1
PB06048,Bathinda,Textile,1592.11,47,235.3,4980.1,0.9,0,0,0,1,1,1,1,1,0,0,0,0,0,1,1
PB06049,Ludhiana,Rice Milling,5110.07,104,773.1,14863.8,8.5,0,0,0,1,1,1,1,1,1,1,1,0,0,1,1
PB06050,Patiala,Steel Rolling,90.97,36,22.1,852.1,13.9,0,0,0,1,1,1,1,1,0,0,0,0,0,0,1
PB06051,Rupnagar,Leather Products,113.06,13,39.4,689.7,21.2,1,0,0,1,1,1,1,1,1,0,0,0,1,1,1
PB06052,Mohali,Chemical,40.21,95,10.4,381.7,22.9,1,1,0,1,1,1,1,1,1,0,0,1,0,0,1
PB06053,Jalandhar,Textile Dyeing,2983.2,6,428.4,8927.1,4.8,0,1,0,1,1,0,1,1,1,1,0,1,0,1,1
PB06054,Mohali,Plastic Products,441.15,22,71.0,1130.4,9.9,1,0,0,1,1,1,1,1,1,0,0,0,1,1,0
PB06055,Bathinda,Furniture/Wood,1212.93,16,157.1,3511.8,23.5,0,0,0,1,1,1,1,1,1,0,0,0,0,1,1
PB06056,Hoshiarpur,Chemical,327.41,18,23.4,1307.4,20.2,1,0,0,1,1,1,1,1,1,0,0,0,1,0,1
PB06057,Sangrur,Food Processing,269.98,13,42.9,441.7,3.3,0,1,0,1,1,1,1,1,0,0,1,1,0,1,1
PB06058,Moga,Textile Dyeing,163.51,10,39.6,804.5,37.2,1,1,0,1,1,1,1,1,1,0,0,1,1,1,1
PB06059,Ludhiana,Auto Components,2161.28,6,344.4,6645.3,10.0,0,0,0,1,1,0,1,1,0,1,0,0,0,1,1
PB06060,Moga,Paper & Pulp,102.56,61,2.0,471.3,8.8,0,0,0,1,1,0,1,1,1,0,0,0,0,0,1
PB06061,Jalandhar,Paper & Pulp,100.78,13,15.1,962.6,24.8,0,1,0,1,1,1,1,1,1,0,0,1,0,0,1
PB06062,Sangrur,Rice Milling,132.06,32,27.0,385.2,13.9,0,1,0,1,1,1,1,1,1,0,1,1,0,1,1
PB06063,Rupnagar,Leather Products,118.83,6,59.5,1097.5,10.5,1,0,0,1,1,0,1,1,1,0,0,0,1,1,0
PB06064,Sangrur,Cement,830.25,6,82.4,2853.2,0.5,0,0,0,1,1,0,1,1,0,1,0,0,0,1,1
PB06065,Sangrur,Pharmaceutical,788.75,28,107.2,2071.2,19.2,1,0,0,1,1,1,1,1,1,1,0,0,1,1,1
PB06066,Mohali (SAS Nagar),Textile,337.3,27,49.3,541.5,0.5,0,0,0,1,1,1,1,1,0,0,0,0,0,1,0
PB06067,Mohali (SAS Nagar),Steel Rolling,1387.07,8,188.7,4201.5,0.5,0,0,0,1,1,0,1,0,0,0,0,0,0,1,1
PB06068,Sangrur,Cement,142.19,21,2.0,502.7,1.9,0,0,0,1,1,1,1,1,0,0,0,0,0,0,1
PB06069,Bathinda,Food Processing,648.74,40,95.0,1488.3,16.4,0,1,0,1,1,1,1,1,1,0,1,1,0,1,1
PB06070,Bathinda,Auto Components,1868.39,4,288.5,5788.1,2.1,0,0,0,1,1,0,0,1,0,0,0,0,1,1,1
PB06071,Patiala,Cement,65.29,21,2.0,553.1,1.1,0,0,0,1,1,1,1,1,0,0,0,0,0,0,1
PB06072,Sangrur,Plastic Products,162.87,33,49.6,485.6,4.3,1,0,0,1,1,1,1,1,1,0,0,0,1,1,1
PB06073,Amritsar,Pharmaceutical,130.34,14,38.2,50.0,23.9,1,0,0,1,1,1,1,1,1,0,0,0,1,1,0
PB06074,Bathinda,Beverages,436.47,5,55.1,1595.0,18.6,0,1,0,1,1,0,1,1,1,0,1,1,0,1,1
PB06075,Mohali (SAS Nagar),Furniture/Wood,312.41,15,31.2,506.7,9.6,0,0,0,1,1,1,1,1,1,0,0,0,0,0,1
PB06076,Rupnagar,Textile Dyeing,888.81,8,147.3,3112.2,22.4,0,1,0,1,1,0,1,1,1,0,0,1,1,1,1
PB06077,Amritsar,Steel Rolling,866.34,218,146.4,2164.3,17.0,0,0,0,1,1,1,1,1,1,0,0,0,0,1,1
PB06078,Sangrur,Electronics,583.16,5,59.9,1802.0,2.4,0,0,0,1,1,0,1,1,0,0,0,0,0,1,1
PB06079,Mohali,Food Processing,101.09,12,2.0,1034.8,6.3,0,1,0,1,1,0,1,1,0,0,1,1,0,0,1
PB06080,Patiala,Plastic Products,300.61,34,74.5,1128.0,0.5,1,0,0,1,1,1,1,1,1,1,0,0,1,1,1
PB06081,Fatehgarh Sahib,Food Processing,186.76,20,39.7,723.7,3.4,0,0,0,1,1,1,1,1,0,0,1,0,0,1,1
PB06082,Amritsar,Agro-based,896.21,49,110.6,2270.1,12.3,0,0,0,1,1,1,1,1,0,0,0,0,1,1,1
PB06083,Moga,IT/Software Services,85.52,4,40.6,925.4,0.5,0,0,1,1,1,0,0,1,0,0,0,0,0,1,1
PB06084,Moga,Textile Dyeing,697.72,19,104.6,1379.7,25.1,0,1,0,1,1,1,1,1,1,0,0,1,0,1,1
PB06085,Hoshiarpur,Pharmaceutical,2997.35,7,447.6,9046.8,31.4,1,0,0,1,1,0,1,1,1,1,0,0,1,1,1
PB06086,Mohali,Plastic Products,1224.51,15,182.5,3241.6,0.5,1,0,0,1,1,1,1,1,1,0,0,0,1,1,1
PB06087,Mohali (SAS Nagar),Pharmaceutical,717.54,29,151.2,2425.5,17.6,1,0,0,1,1,1,1,1,1,1,0,0,1,1,1
PB06088,Hoshiarpur,Leather Products,1208.88,54,192.6,2120.6,20.4,1,0,0,1,1,1,1,1,1,0,0,0,1,1,1
PB06089,Mohali (SAS Nagar),Leather Products,497.29,34,53.4,922.7,18.6,1,0,0,1,1,1,1,1,1,0,0,0,1,1,1
PB06090,Ludhiana,Steel Rolling,126.78,14,37.3,167.3,9.6,0,0,0,1,1,1,1,0,0,0,0,0,0,1,1
PB06091,Sangrur,Cement,699.66,24,106.6,1870.7,6.3,0,0,0,1,1,1,1,1,0,1,0,0,0,0,1
PB06092,Sangrur,Steel Rolling,1132.76,7,180.3,3532.6,7.5,0,0,0,1,1,0,1,1,0,1,0,0,0,1,1
PB06093,Amritsar,Auto Components,1581.81,2,203.2,4388.1,7.7,0,0,0,1,1,0,0,1,0,0,0,0,0,1,1
PB06094,Hoshiarpur,Plastic Products,467.07,17,80.3,1660.3,0.5,1,0,0,1,1,0,1,1,0,0,0,0,1,1,1
PB06095,Bathinda,Steel Rolling,602.39,23,105.4,1708.3,0.8,0,0,0,1,1,1,1,1,0,1,0,0,0,1,1
PB06096,Sangrur,Textile,80.32,34,38.9,300.3,16.7,0,0,0,1,1,1,1,1,1,0,0,0,0,1,1
PB06097,Patiala,Steel Rolling,809.45,15,125.2,2245.9,0.5,0,0,0,1,0,1,1,1,0,0,0,0,0,1,1
PB06098,Patiala,Electronics,430.27,11,72.9,1376.3,16.9,0,0,0,1,1,1,1,1,1,0,0,0,0,1,1
PB06099,Hoshiarpur,Textile,2294.01,81,338.1,6511.2,4.9,0,0,0,1,1,1,1,1,0,1,0,0,0,1,1
PB06100,Moga,Rice Milling,218.37,37,9.9,50.0,16.4,0,0,0,1,1,1,1,1,1,0,1,0,0,0,0
PB06101,Sangrur,Plastic Products,32.67,5,31.8,50.0,16.7,1,0,0,1,1,0,1,1,1,1,0,0,0,1,0
PB06102,Ludhiana,IT/Software Services,640.85,23,98.0,1612.8,0.5,0,0,1,1,1,0,1,1,0,0,0,0,0,1,1
PB06103,Mohali (SAS Nagar),Textile Dyeing,306.9,13,72.9,781.3,19.9,0,1,0,1,1,1,1,1,1,0,0,1,0,1,1
PB06104,Moga,Leather Products,307.74,4,46.8,1523.5,24.7,1,0,0,1,1,0,0,1,1,0,0,0,1,1,1
PB06105,Ludhiana,Electronics,285.44,52,35.1,1949.4,10.1,0,0,0,1,1,1,1,1,0,0,0,0,0,1,1
PB06106,Mohali (SAS Nagar),Cement,87.14,5,20.6,377.5,8.6,0,0,0,1,1,0,1,1,0,0,0,0,0,0,1
PB06107,Sangrur,Plastic Products,2475.17,17,365.8,7567.8,2.9,1,0,0,1,1,1,1,1,1,1,0,0,1,1,1
PB06108,Fatehgarh Sahib,Plastic Products,928.96,17,103.8,2367.9,6.7,1,0,0,1,1,1,1,1,1,0,0,0,1,1,1
PB06109,Mohali,IT/Software Services,1533.17,12,237.9,4625.2,9.6,0,0,1,1,1,0,1,1,0,0,0,0,0,1,1
PB06110,Mohali,Agro-based,699.84,11,130.2,2453.4,8.6,0,0,0,1,1,1,1,1,0,0,0,0,0,1,1
PB06111,Jalandhar,Cement,671.1,5,82.3,1794.7,0.5,0,0,0,1,1,0,1,1,0,1,0,0,0,1,1
PB06112,Sangrur,IT/Software Services,1922.38,52,272.1,5534.8,8.4,0,0,1,1,1,0,1,1,0,0,0,0,0,1,1
PB06113,Amritsar,Plastic Products,75.83,144,9.7,165.9,8.4,1,0,0,1,1,1,1,1,1,0,0,0,0,0,1
PB06114,Rupnagar,Leather Products,426.03,10,87.0,1980.1,17.3,1,0,0,1,1,1,1,1,1,0,0,0,1,1,1
PB06115,Mohali (SAS Nagar),Auto Components,1016.01,18,147.1,2894.8,0.5,0,0,0,1,1,1,1,1,0,0,0,0,0,0,1
PB06116,Patiala,Electronics,2063.97,26,324.4,6060.1,0.5,0,0,0,1,1,1,1,1,0,1,0,0,0,1,1
PB06117,Amritsar,Electronics,2248.87,5,385.8,6880.8,0.5,0,0,0,1,1,0,1,1,0,1,0,0,0,1,1
PB06118,Ludhiana,Furniture/Wood,900.07,14,125.0,3075.1,11.4,0,0,0,1,0,1,1,1,0,0,0,0,0,1,1
PB06119,Amritsar,Cement,79.7,7,8.9,50.0,10.0,0,0,0,1,1,0,1,0,0,0,0,0,0,0,0
PB06120,Patiala,Rice Milling,1507.92,7,230.9,4091.8,19.5,0,1,0,1,0,0,1,1,1,0,1,1,0,1,1
PB06121,Sangrur,IT/Software Services,2002.39,56,297.0,6096.9,2.3,0,0,1,1,1,0,1,1,0,1,0,0,0,1,1
PB06122,Jalandhar,Pharmaceutical,913.94,24,112.1,2177.0,18.2,1,0,0,1,1,1,1,1,1,0,0,0,1,1,1
PB06123,Jalandhar,Agro-based,120.12,26,6.5,365.7,11.8,0,0,0,1,1,1,1,1,0,0,0,0,0,0,1
PB06124,Mohali (SAS Nagar),Chemical,272.95,15,19.0,943.1,30.1,1,1,0,1,1,1,1,1,1,0,0,1,1,0,1
PB06125,Rupnagar,Plastic Products,164.26,15,29.9,323.7,0.5,1,0,0,1,1,1,1,1,1,0,0,0,1,1,1
PB06126,Jalandhar,Food Processing,692.71,28,81.4,2327.5,0.5,0,1,0,1,1,1,0,1,0,1,1,1,0,1,1
PB06127,Patiala,Pharmaceutical,656.85,5,57.4,1377.3,24.1,1,0,0,1,1,0,1,1,1,1,0,0,1,1,1
PB06128,Mohali (SAS Nagar),Electronics,45.94,22,2.0,254.1,7.0,0,0,0,1,1,1,1,1,0,0,0,0,0,0,1
PB06129,Mohali,Paper & Pulp,37.32,18,5.3,672.6,24.7,0,0,0,1,1,1,1,1,1,0,0,0,0,0,1
PB06130,Ludhiana,Agro-based,106.77,125,14.8,401.6,0.5,0,0,0,1,1,1,1,1,0,0,0,0,0,0,1
PB06131,Patiala,Furniture/Wood,1240.0,10,187.8,3463.7,12.0,0,0,0,1,1,1,1,1,0,0,0,0,0,1,1
PB06132,Jalandhar,Cement,722.75,58,100.7,1750.6,7.0,0,0,0,1,1,0,1,1,0,1,0,0,0,1,0
PB06133,Amritsar,Auto Components,4611.14,4,644.3,13952.4,0.5,0,0,0,1,1,0,0,1,0,1,0,0,0,1,1
PB06134,Amritsar,Leather Products,612.01,2,90.9,2682.1,13.0,1,0,0,1,1,0,0,1,0,0,0,0,1,1,1
PB06135,Sangrur,Leather Products,115.66,1,2.0,1110.7,17.8,1,0,0,1,1,0,0,1,1,0,0,0,1,0,1
PB06136,Mohali (SAS Nagar),Plastic Products,1330.97,39,219.0,4722.4,2.2,1,0,0,1,1,1,1,1,1,0,0,0,1,1,1
PB06137,Sangrur,Cement,159.7,22,8.4,930.6,0.5,0,0,0,1,1,1,1,1,0,0,0,0,0,0,1
PB06138,Hoshiarpur,Engineering/Metal Fabrication,1002.06,22,130.1,2906.1,0.5,0,0,0,1,1,1,1,1,0,0,0,0,0,1,1
PB06139,Ludhiana,Plastic Products,433.39,11,79.0,864.7,3.7,1,0,0,1,1,1,1,1,0,1,0,0,1,1,1
PB06140,Amritsar,Auto Components,168.89,31,50.7,386.6,0.5,0,0,0,1,1,1,1,1,0,0,0,0,0,1,1
PB06141,Fatehgarh Sahib,Textile,89.39,32,30.3,87.8,0.5,0,0,0,1,1,1,1,1,0,0,0,0,0,1,0
PB06142,Bathinda,Rice Milling,539.49,13,109.4,1926.2,11.5,0,1,0,1,1,0,1,1,1,0,1,1,0,1,1
PB06143,Fatehgarh Sahib,Rice Milling,415.6,16,50.5,1930.4,21.1,0,1,0,1,1,1,0,1,1,0,1,1,0,1,1
PB06144,Sangrur,Chemical,832.33,3,82.1,2716.2,32.1,1,1,0,1,1,0,1,1,1,1,0,1,1,1,1
PB06145,Bathinda,Paper & Pulp,1498.9,3,205.9,4800.1,20.0,0,0,0,1,1,0,0,1,1,1,0,0,0,1,1
PB06146,Moga,Paper & Pulp,241.58,27,50.8,814.5,22.7,0,1,0,1,1,1,1,1,1,0,0,1,0,1,1
PB06147,Jalandhar,Furniture/Wood,65.4,18,46.8,50.0,0.5,0,0,0,1,1,1,1,1,0,0,0,0,0,1,0
PB06148,Hoshiarpur,Chemical,1432.84,11,206.3,3355.1,23.3,1,1,0,1,1,1,1,1,1,1,0,1,1,1,1
PB06149,Hoshiarpur,Auto Components,226.3,11,58.9,775.7,11.1,0,0,0,1,1,1,1,1,0,0,0,0,0,1,1
PB06150,Moga,Electronics,92.83,7,11.5,50.0,0.5,0,0,0,1,1,0,1,1,0,0,0,0,0,0,0
PB06151,Mohali,Furniture/Wood,731.8,25,109.3,2342.7,5.7,0,0,0,1,0,1,1,1,0,0,0,0,0,1,1
PB06152,Amritsar,Agro-based,664.86,36,104.5,2207.7,0.5,0,0,0,1,1,1,1,1,0,0,0,0,0,1,1
PB06153,Patiala,IT/Software Services,2016.98,15,288.6,6110.4,8.8,0,0,1,1,1,0,1,1,0,1,0,0,0,1,1
PB06154,Patiala,Food Processing,71.01,47,28.8,50.0,6.0,0,1,0,1,1,1,1,1,0,0,1,1,0,1,0
PB06155,Ludhiana,Plastic Products,3885.01,11,564.8,10686.2,22.0,1,0,0,1,1,1,1,1,1,1,0,0,1,0,1
PB06156,Patiala,Paper & Pulp,745.11,130,107.9,1745.2,18.0,0,0,0,1,1,1,1,1,1,1,0,0,0,1,1
PB06157,Moga,Food Processing,172.46,26,46.3,50.0,9.4,1,0,0,1,1,1,1,1,1,0,1,0,1,1,0
PB06158,Mohali (SAS Nagar),Auto Components,349.84,20,32.1,559.8,0.5,0,0,0,1,1,1,1,1,0,0,0,0,0,1,1
PB06159,Amritsar,Steel Rolling,248.13,49,20.4,403.5,19.2,0,0,0,1,0,1,1,1,1,0,0,0,0,1,1
PB06160,Mohali (SAS Nagar),Leather Products,131.67,5,42.6,246.0,14.2,1,0,0,1,1,0,1,1,1,0,0,0,1,1,1
PB06161,Ludhiana,Cement,2599.07,8,370.9,8007.1,8.9,0,0,0,1,1,0,1,1,0,1,0,0,0,1,1
PB06162,Bathinda,Chemical,134.07,31,2.0,99.9,3.2,1,1,0,1,1,1,1,1,1,0,0,1,1,0,0
PB06163,Mohali (SAS Nagar),Cement,1138.92,8,121.8,2634.5,1.5,1,0,0,1,1,0,1,1,1,1,0,0,1,1,1
PB06164,Mohali,Agro-based,1112.11,24,185.9,3311.6,7.1,0,0,0,1,1,1,1,1,0,0,0,0,0,1,1
PB06165,Mohali,Steel Rolling,12.07,20,2.0,50.0,0.5,0,0,0,1,1,1,1,1,0,0,0,0,0,0,0
PB06166,Patiala,IT/Software Services,1239.69,37,192.0,3019.7,24.4,1,0,1,1,1,0,1,1,1,0,0,0,1,1,1
PB06167,Fatehgarh Sahib,Beverages,699.06,8,97.6,2951.8,12.9,0,1,0,1,1,0,1,1,1,0,1,1,0,1,1
PB06168,Ludhiana,Textile Dyeing,470.72,6,51.2,1287.5,22.1,0,0,0,1,1,0,1,1,1,0,0,0,0,1,1
PB06169,Sangrur,Steel Rolling,921.98,96,141.1,2480.6,5.7,0,0,0,1,1,1,1,1,0,0,0,0,0,1,1
PB06170,Sangrur,Auto Components,1455.45,31,240.1,4520.0,16.6,0,0,0,1,1,1,1,1,1,0,0,0,0,1,1
PB06171,Mohali,Food Processing,36.59,43,15.9,50.0,0.7,1,1,0,1,1,1,0,1,1,0,1,1,0,0,0
PB06172,Mohali,Electronics,427.77,16,60.7,1385.2,0.5,1,0,0,1,1,1,1,1,1,1,0,0,1,1,1
PB06173,Fatehgarh Sahib,IT/Software Services,1946.71,13,288.0,6673.6,6.4,0,0,1,1,1,0,1,1,0,0,0,0,0,0,1
PB06174,Amritsar,Paper & Pulp,303.48,25,31.6,1594.7,7.6,0,1,0,1,1,1,1,1,1,0,0,1,0,1,0
PB06175,Amritsar,Agro-based,94.82,21,28.6,585.5,12.2,0,0,0,1,1,1,1,1,0,0,0,0,0,1,1
PB06176,Rupnagar,Electronics,576.72,18,75.5,2370.5,0.5,0,0,0,1,1,1,1,1,0,0,0,0,0,1,1
PB06177,Sangrur,Chemical,1324.95,7,172.2,3781.5,20.1,1,0,0,1,1,0,1,1,1,1,0,0,1,0,1
PB06178,Ludhiana,Textile Dyeing,1029.8,12,143.4,2451.0,27.7,0,1,0,1,1,1,1,1,1,0,0,1,0,1,1
PB06179,Amritsar,Steel Rolling,248.59,4,44.3,1007.9,9.6,0,0,0,1,1,0,0,1,1,0,0,0,0,1,1
PB06180,Amritsar,Pharmaceutical,258.83,15,24.9,946.9,25.3,1,0,0,1,1,1,1,1,1,0,0,0,1,0,1
PB06181,Moga,Agro-based,146.03,23,4.0,347.7,1.2,0,0,0,1,1,1,1,1,0,0,0,0,0,0,1
PB06182,Mohali,Textile,1012.36,6,143.1,3716.6,0.5,0,0,0,1,1,0,1,1,0,0,0,0,0,1,1
PB06183,Jalandhar,IT/Software Services,353.58,17,69.3,1448.5,16.6,0,0,1,1,1,0,1,1,1,0,0,0,0,1,1
PB06184,Sangrur,Food Processing,542.56,29,94.3,1633.5,8.8,0,0,0,1,1,1,1,1,0,0,1,0,0,1,1
PB06185,Fatehgarh Sahib,Pharmaceutical,180.39,44,2.0,50.0,28.8,1,0,0,1,1,1,1,1,1,0,0,0,1,0,0
PB06186,Sangrur,Engineering/Metal Fabrication,1210.46,7,165.2,3531.6,13.3,0,0,0,1,1,0,1,1,0,0,0,0,0,1,1
PB06187,Patiala,Auto Components,238.79,37,53.3,935.5,10.6,0,0,0,1,1,1,1,1,0,0,0,0,0,1,1
PB06188,Bathinda,Pharmaceutical,741.08,19,107.8,2762.4,17.6,1,0,0,1,1,1,1,1,1,1,0,0,1,1,1
PB06189,Moga,IT/Software Services,47.24,33,16.8,499.6,2.7,0,0,1,1,1,0,1,1,0,0,0,0,0,0,1
PB06190,Jalandhar,IT/Software Services,266.26,3,36.4,1528.8,3.5,0,0,1,1,1,0,0,1,0,0,0,0,1,0,1
PB06191,Hoshiarpur,Textile,1791.66,7,296.5,4348.5,0.5,0,0,0,1,1,0,1,1,0,0,0,0,0,0,1
PB06192,Mohali (SAS Nagar),Engineering/Metal Fabrication,80.7,28,38.0,191.0,0.5,0,0,0,1,0,1,1,1,0,0,0,0,0,1,1
PB06193,Amritsar,Rice Milling,498.6,7,92.0,1123.3,34.2,0,1,0,1,1,0,1,1,1,0,1,1,0,1,1
PB06194,Hoshiarpur,Textile,57.08,31,10.3,193.0,4.1,0,0,0,1,1,1,1,1,0,0,0,0,0,0,1
PB06195,Jalandhar,Textile Dyeing,384.9,4,57.4,1205.6,9.3,0,1,0,1,1,0,0,0,1,0,0,1,0,1,1
PB06196,Jalandhar,Furniture/Wood,48.5,4,2.0,398.5,22.2,1,0,0,1,1,0,0,1,1,0,0,0,0,0,1
PB06197,Ludhiana,Pharmaceutical,3139.42,15,471.2,9390.7,20.4,1,0,0,1,1,1,1,1,0,1,0,0,1,1,1
PB06198,Rupnagar,Pharmaceutical,165.96,15,2.0,788.1,20.6,1,0,0,1,1,0,1,1,1,0,0,0,1,0,1
PB06199,Jalandhar,IT/Software Services,199.09,22,55.2,50.0,0.5,0,0,1,1,1,0,1,1,0,0,0,0,0,1,0
PB06200,Bathinda,Rice Milling,5023.32,10,781.3,15143.5,21.5,0,1,0,1,1,1,1,1,1,1,1,1,0,1,1
PB06201,Ludhiana,Beverages,393.23,5,60.6,2270.4,36.3,0,1,0,1,1,0,1,1,1,0,1,1,0,1,1
PB06202,Mohali,Paper & Pulp,124.38,11,8.8,50.0,15.9,0,1,0,1,1,1,1,1,1,0,0,1,0,0,0
PB06203,Jalandhar,Plastic Products,161.61,48,42.0,151.7,8.1,1,0,0,1,1,1,1,1,1,0,0,0,1,0,1
PB06204,Hoshiarpur,IT/Software Services,816.84,8,127.2,2771.9,0.5,1,0,1,1,1,0,1,1,1,0,0,0,1,1,1
PB06205,Ludhiana,Auto Components,178.28,12,45.9,50.0,0.8,0,0,0,1,1,1,1,0,0,0,0,0,0,1,0
PB06206,Fatehgarh Sahib,Steel Rolling,281.39,14,66.8,50.0,0.8,0,0,0,1,1,1,1,0,0,0,0,0,0,1,0
PB06207,Moga,Beverages,166.91,4,41.0,228.0,1.2,0,1,0,1,1,0,0,0,1,0,1,1,0,1,1
PB06208,Patiala,Steel Rolling,652.43,12,98.2,2823.7,0.5,0,0,0,1,1,1,1,1,0,0,0,0,0,1,1
PB06209,Mohali,Rice Milling,288.9,94,52.7,1267.6,31.7,0,0,0,1,1,1,1,1,1,0,1,0,0,1,1
PB06210,Jalandhar,Textile Dyeing,561.06,63,55.0,1514.0,22.5,0,1,0,1,1,1,1,1,1,0,0,1,0,1,1
PB06211,Ludhiana,Steel Rolling,191.0,36,24.7,666.4,0.5,0,0,0,1,1,1,1,1,0,0,0,0,0,0,1
PB06212,Bathinda,Textile Dyeing,775.0,25,144.9,2788.1,24.5,0,1,0,1,1,1,1,1,1,0,0,1,0,1,1
PB06213,Mohali,Chemical,1085.91,5,168.1,3537.3,5.7,1,1,0,1,1,0,1,1,1,1,0,1,1,1,1
PB06214,Patiala,IT/Software Services,1060.49,57,134.1,3572.8,11.7,1,0,1,1,1,0,1,1,1,1,0,0,1,1,1
PB06215,Fatehgarh Sahib,Chemical,470.91,35,75.9,1300.1,28.1,1,1,0,1,1,1,1,1,1,0,0,1,1,1,0
PB06216,Sangrur,Electronics,243.63,7,14.9,1117.4,0.5,0,0,0,1,1,0,1,1,0,0,0,0,0,0,1
PB06217,Fatehgarh Sahib,Engineering/Metal Fabrication,232.65,13,2.0,636.7,20.6,0,0,0,1,1,0,1,1,1,0,0,0,0,0,1
PB06218,Amritsar,Leather Products,319.26,75,42.9,432.2,11.6,1,0,0,1,1,1,1,1,1,0,0,0,1,1,1
PB06219,Hoshiarpur,Leather Products,558.15,2,97.8,2130.0,13.8,1,0,0,1,1,0,0,0,1,0,0,0,1,1,1
PB06220,Jalandhar,Furniture/Wood,92.0,61,2.0,565.4,1.3,0,0,0,1,1,1,1,1,0,0,0,0,0,0,1
PB06221,Hoshiarpur,Steel Rolling,396.88,49,45.5,559.7,19.9,1,0,0,1,1,1,1,1,1,0,0,0,1,1,1
PB06222,Mohali,Electronics,1514.92,6,197.1,3968.6,16.6,0,0,0,1,1,0,1,1,1,0,0,0,0,1,1
PB06223,Hoshiarpur,Plastic Products,1550.13,10,260.7,3287.8,9.3,1,0,0,1,1,1,1,1,1,0,0,0,1,1,1
PB06224,Rupnagar,Beverages,422.42,54,76.1,1650.9,14.3,0,1,0,1,1,1,1,1,1,0,1,1,0,1,1
PB06225,Amritsar,Cement,142.57,19,2.0,50.0,4.2,0,0,0,1,1,0,1,1,0,0,0,0,0,0,0
PB06226,Bathinda,Cement,110.02,13,25.3,1261.8,12.2,0,0,0,1,1,1,1,1,0,0,0,0,1,1,1
PB06227,Rupnagar,Pharmaceutical,33.52,19,7.8,50.0,15.7,1,0,0,1,1,1,1,1,1,0,0,0,0,0,0
PB06228,Mohali (SAS Nagar),Textile,818.0,3,126.6,3380.0,9.1,0,0,0,1,1,0,0,1,0,0,0,0,0,1,1
PB06229,Moga,Steel Rolling,78.79,13,2.0,553.2,1.5,0,0,0,1,1,0,1,1,0,0,0,0,0,0,1
PB06230,Bathinda,Food Processing,392.5,26,97.3,1536.4,7.3,0,1,0,1,1,1,1,1,0,0,1,1,0,1,1
PB06231,Patiala,Auto Components,59.72,51,2.0,59.1,5.7,0,0,0,1,1,1,1,1,0,0,0,0,0,0,0
PB06232,Jalandhar,Leather Products,349.6,18,44.3,1355.7,14.7,1,0,0,1,1,1,1,1,1,0,0,0,1,1,1
PB06233,Amritsar,IT/Software Services,213.69,45,46.1,50.0,1.8,0,0,1,1,1,0,1,1,0,0,0,0,0,1,0
PB06234,Jalandhar,Agro-based,349.31,10,37.7,616.2,0.5,0,0,0,1,1,1,1,1,0,0,0,0,0,1,1
PB06235,Patiala,Electronics,64.7,35,7.0,445.8,7.3,0,0,0,1,1,0,1,1,0,0,0,0,0,0,1
PB06236,Jalandhar,Engineering/Metal Fabrication,1020.46,19,147.6,3141.4,26.2,0,0,0,1,1,1,1,1,1,0,0,0,0,1,1
PB06237,Fatehgarh Sahib,Plastic Products,656.39,57,87.2,1801.7,3.9,1,0,0,1,0,0,1,1,1,1,0,0,1,1,1
PB06238,Jalandhar,Pharmaceutical,685.24,26,101.2,3313.9,21.3,1,0,0,1,1,1,1,1,1,1,0,0,1,1,1
PB06239,Patiala,Pharmaceutical,129.09,18,20.5,953.4,23.7,1,0,0,1,1,1,1,1,1,0,0,0,1,0,1
PB06240,Hoshiarpur,Rice Milling,750.86,53,117.2,2403.8,17.0,1,1,0,1,1,1,1,1,1,0,1,1,1,1,1
PB06241,Fatehgarh Sahib,Textile,128.13,10,2.0,300.3,0.5,1,0,0,1,1,0,1,1,1,0,0,0,0,0,1
PB06242,Amritsar,Rice Milling,367.93,12,45.2,193.8,33.3,0,0,0,1,1,1,1,1,1,0,1,0,0,1,1
PB06243,Bathinda,Electronics,522.46,3,69.7,1979.0,17.2,0,0,0,1,1,0,0,1,1,0,0,0,0,1,1
PB06244,Ludhiana,Electronics,263.9,119,33.2,566.7,3.7,0,0,0,1,1,1,1,1,0,0,0,0,0,1,1
PB06245,Mohali,Auto Components,165.91,29,30.2,959.2,0.5,0,0,0,1,1,1,1,1,0,0,0,0,0,1,1
PB06246,Jalandhar,Furniture/Wood,387.21,5,66.6,1782.5,9.4,1,0,0,1,1,0,1,1,1,0,0,0,1,1,1
PB06247,Bathinda,Rice Milling,770.16,5,136.4,2593.2,12.7,1,1,0,1,1,0,1,1,1,0,1,1,1,1,1
PB06248,Ludhiana,Steel Rolling,278.53,5,44.4,1206.9,8.3,0,0,0,1,1,0,1,1,0,0,0,0,0,1,1
PB06249,Sangrur,Food Processing,198.16,15,14.6,1153.9,0.5,0,1,0,1,1,1,1,1,0,0,1,1,0,0,1
PB06250,Ludhiana,Pharmaceutical,2187.82,56,339.1,6259.1,8.4,1,0,0,1,1,1,1,1,1,1,0,0,1,1,1
PB06251,Fatehgarh Sahib,IT/Software Services,115.76,2,41.7,50.0,4.6,0,0,1,1,1,0,0,0,0,0,0,0,0,1,0
PB06252,Hoshiarpur,Steel Rolling,248.05,36,64.1,774.0,10.8,0,0,0,1,1,1,1,1,0,0,0,0,0,1,1
PB06253,Mohali (SAS Nagar),Chemical,255.58,20,16.4,50.0,32.0,1,1,0,1,1,1,1,1,1,0,0,1,1,0,0
PB06254,Fatehgarh Sahib,Agro-based,262.87,25,41.5,1444.3,0.5,0,0,0,1,1,1,1,1,0,0,0,0,0,1,1
PB06255,Fatehgarh Sahib,Paper & Pulp,155.55,7,2.0,369.0,26.0,0,1,0,1,1,0,1,1,1,0,0,1,0,0,1
PB06256,Fatehgarh Sahib,Pharmaceutical,214.52,31,35.1,697.0,8.1,1,0,0,1,1,1,1,1,1,0,0,0,1,1,1
PB06257,Patiala,Paper & Pulp,491.27,19,74.4,1278.9,19.4,0,1,0,1,1,1,1,1,1,0,0,1,0,1,1
PB06258,Ludhiana,Auto Components,795.52,22,67.5,2326.0,8.5,0,0,0,1,1,1,1,1,0,0,0,0,0,1,1
PB06259,Amritsar,Furniture/Wood,299.05,4,32.2,50.0,12.1,0,0,0,1,1,0,0,0,0,0,0,0,0,1,0
PB06260,Moga,Beverages,59.78,96,19.5,50.0,14.0,0,1,0,1,1,1,1,1,1,0,1,1,0,0,0
PB06261,Bathinda,Auto Components,1640.77,76,277.2,4914.2,7.2,0,0,0,1,1,1,1,1,0,0,0,0,0,1,1
PB06262,Rupnagar,Steel Rolling,498.78,2,87.0,1405.6,12.5,0,0,0,1,1,0,0,1,1,0,0,0,0,1,1
PB06263,Hoshiarpur,Textile Dyeing,3506.19,12,532.4,9773.7,13.8,0,1,0,1,1,1,1,1,1,1,0,1,0,1,0
PB06264,Fatehgarh Sahib,Leather Products,3291.25,5,470.5,9655.3,27.0,1,0,0,1,1,0,1,1,1,1,0,0,1,1,1
PB06265,Fatehgarh Sahib,Plastic Products,603.63,21,86.2,1209.4,2.7,1,0,0,1,1,1,1,1,1,0,0,0,1,1,1
PB06266,Jalandhar,Agro-based,489.33,5,81.3,2592.1,2.2,0,0,0,1,0,0,1,1,0,0,0,0,0,1,1
PB06267,Hoshiarpur,Paper & Pulp,68.63,3,30.8,50.0,38.5,0,1,0,1,1,0,0,1,1,0,0,1,0,1,0
PB06268,Bathinda,Chemical,2220.22,9,343.2,6330.6,28.3,1,1,0,1,1,0,1,1,1,1,0,1,1,1,1
PB06269,Sangrur,Paper & Pulp,4057.1,28,616.9,11595.4,17.2,0,0,0,1,1,1,1,1,1,1,0,0,0,1,1
PB06270,Sangrur,Textile Dyeing,561.22,4,70.5,1881.3,17.0,0,1,0,1,1,0,1,1,1,0,0,1,0,1,1
PB06271,Amritsar,Leather Products,637.01,13,105.3,2164.6,20.1,1,0,0,1,1,1,1,1,1,0,0,0,1,1,1
PB06272,Sangrur,Pharmaceutical,245.58,7,30.8,709.7,29.2,1,0,0,1,1,0,1,1,1,0,0,0,1,1,1
PB06273,Fatehgarh Sahib,Beverages,189.97,30,7.5,1357.8,18.7,0,0,0,1,1,1,1,1,1,0,1,0,0,0,1
PB06274,Bathinda,IT/Software Services,284.83,12,62.2,1037.8,8.4,0,0,1,1,1,0,1,1,0,0,0,0,0,1,0
PB06275,Fatehgarh Sahib,Plastic Products,110.94,26,6.4,118.7,0.5,1,0,0,1,1,1,1,1,1,0,0,0,1,0,0
PB06276,Mohali (SAS Nagar),Chemical,1118.38,14,177.0,2872.1,10.9,1,1,0,1,1,1,1,1,1,1,0,1,1,1,1
PB06277,Hoshiarpur,IT/Software Services,754.19,5,144.4,2546.7,0.5,0,0,1,1,1,0,1,1,0,0,0,0,0,1,1
PB06278,Hoshiarpur,IT/Software Services,986.83,15,190.9,3169.5,6.1,0,0,1,1,1,0,1,1,0,0,0,0,0,1,1
PB06279,Ludhiana,Engineering/Metal Fabrication,411.46,18,39.0,901.3,0.5,0,0,0,1,1,1,1,1,0,0,0,0,0,1,1
PB06280,Moga,Food Processing,34.91,22,3.6,50.0,0.5,0,1,0,1,1,1,1,1,0,0,1,1,0,0,0
PB06281,Moga,Cement,707.57,34,106.2,2630.8,13.2,0,0,0,1,1,1,1,1,0,1,0,0,0,1,1
PB06282,Rupnagar,Auto Components,138.41,12,27.1,701.8,0.5,1,0,0,1,1,1,1,1,1,0,0,0,1,1,1
PB06283,Patiala,Auto Components,906.59,5,126.0,2104.8,0.5,0,0,0,1,1,0,1,1,0,0,0,0,0,1,1
PB06284,Mohali,Chemical,1157.26,22,216.3,3060.8,18.4,1,0,0,1,1,1,1,1,1,1,0,0,1,1,1
PB06285,Bathinda,Chemical,256.72,9,37.9,342.1,13.7,1,1,0,1,1,0,1,1,1,0,0,1,1,1,1
PB06286,Hoshiarpur,Engineering/Metal Fabrication,1243.99,93,201.3,3347.1,3.1,0,0,0,1,1,1,1,1,0,0,0,0,0,1,1
PB06287,Bathinda,IT/Software Services,273.93,14,86.1,712.8,3.4,0,0,1,1,1,0,1,1,0,0,0,0,0,1,1
PB06288,Patiala,Steel Rolling,137.78,15,51.4,1610.8,6.8,1,0,0,1,1,1,1,1,1,0,0,0,1,1,1
PB06289,Mohali,Furniture/Wood,132.33,12,20.3,469.1,0.5,0,0,0,1,1,1,1,1,0,0,0,0,0,0,1
PB06290,Jalandhar,Rice Milling,521.61,6,72.3,1858.9,19.7,0,1,0,1,1,0,1,1,1,0,1,1,0,1,1
PB06291,Mohali (SAS Nagar),Textile,220.97,24,51.1,1038.8,8.4,0,0,0,1,1,1,1,1,0,0,0,0,0,1,1
PB06292,Moga,Paper & Pulp,981.94,36,180.4,2836.7,22.8,0,0,0,1,1,1,1,1,1,1,0,0,0,1,1
PB06293,Moga,Chemical,530.77,4,67.1,1383.6,18.8,1,0,0,1,1,0,0,1,1,1,0,0,1,1,1
PB06294,Rupnagar,Electronics,252.16,26,39.1,216.6,5.0,0,0,0,1,1,1,1,1,0,0,0,0,0,1,1
PB06295,Patiala,Rice Milling,449.52,6,62.0,1196.6,13.2,0,1,0,1,1,0,1,1,1,0,1,1,0,1,1
PB06296,Rupnagar,Rice Milling,395.83,41,64.0,497.2,14.6,0,0,0,1,1,1,1,1,1,0,1,0,0,1,1
PB06297,Moga,Food Processing,329.38,6,53.3,534.0,17.0,0,0,0,1,1,0,1,1,1,0,1,0,0,1,1
PB06298,Sangrur,Chemical,1412.08,19,218.3,4489.6,34.9,1,0,0,1,1,1,1,1,1,1,0,0,1,1,1
PB06299,Rupnagar,Chemical,673.4,14,121.0,2638.0,6.8,1,0,0,1,1,1,1,1,1,1,0,0,1,1,1
PB06300,Ludhiana,Chemical,394.61,34,54.7,1841.2,22.9,1,1,0,1,1,1,1,1,1,0,0,1,1,1,1
PB06301,Mohali,Cement,57.56,25,2.0,90.5,12.0,0,0,0,1,1,1,1,1,0,0,0,0,0,0,0
PB06302,Patiala,Rice Milling,646.61,26,93.8,1627.3,9.4,0,1,0,1,1,1,1,1,1,0,1,1,0,1,1
PB06303,Rupnagar,Agro-based,1055.49,10,149.7,3302.1,2.9,0,0,0,1,1,1,1,1,0,0,0,0,0,1,1
PB06304,Hoshiarpur,Furniture/Wood,23.49,41,15.2,50.0,0.5,0,0,0,1,1,1,1,1,0,0,0,0,0,0,0
PB06305,Amritsar,Electronics,172.43,14,3.0,50.0,0.5,0,0,0,1,1,0,1,0,0,0,0,0,1,0,0
PB06306,Jalandhar,Paper & Pulp,40.32,27,15.1,50.0,22.7,0,1,0,1,1,1,1,1,1,0,0,1,0,0,0
PB06307,Bathinda,Chemical,1520.31,25,245.7,5116.4,20.6,1,1,0,1,1,1,1,1,1,1,0,1,1,1,1
PB06308,Ludhiana,Pharmaceutical,591.65,10,91.3,1758.5,24.3,1,0,0,1,1,1,1,1,1,1,0,0,1,1,1
PB06309,Amritsar,Engineering/Metal Fabrication,228.99,23,10.8,574.3,0.5,0,0,0,1,1,1,1,1,0,0,0,0,0,0,1
PB06310,Moga,IT/Software Services,150.42,10,12.2,461.3,0.5,0,0,1,1,1,0,1,1,0,0,0,0,0,0,1
PB06311,Amritsar,Steel Rolling,658.53,2,106.8,2434.4,6.9,0,0,0,1,1,0,0,1,0,0,0,0,0,1,1
PB06312,Hoshiarpur,IT/Software Services,1596.47,33,239.3,4878.0,0.5,0,0,1,1,1,0,1,0,0,0,0,0,0,1,1
PB06313,Hoshiarpur,Leather Products,15.43,48,51.7,324.7,25.9,1,0,0,1,1,1,1,1,1,0,0,0,0,1,1
PB06314,Mohali (SAS Nagar),Plastic Products,213.04,7,28.1,50.0,0.5,1,0,0,1,1,0,1,1,1,0,0,0,1,1,0
PB06315,Rupnagar,IT/Software Services,86.12,29,14.9,755.3,5.2,0,0,1,1,1,0,1,1,0,0,0,0,0,0,1
PB06316,Patiala,Plastic Products,250.03,22,9.4,50.0,6.0,1,0,0,1,0,1,1,1,1,0,0,0,1,1,0
PB06317,Rupnagar,Steel Rolling,183.85,26,2.0,1414.4,0.5,0,0,0,1,1,1,1,1,0,0,0,0,0,0,1
PB06318,Jalandhar,Beverages,296.89,6,64.1,1113.8,37.8,0,0,0,1,1,0,1,1,1,0,1,0,0,1,1
PB06319,Fatehgarh Sahib,Pharmaceutical,253.91,22,71.0,805.5,25.0,1,0,0,1,1,1,1,1,1,0,0,0,1,1,1
PB06320,Sangrur,Textile,189.66,13,30.6,524.0,11.3,0,0,0,1,1,1,1,1,0,0,0,0,0,1,1
PB06321,Fatehgarh Sahib,Furniture/Wood,389.67,32,41.0,1554.9,0.5,0,0,0,1,1,1,1,1,0,0,0,0,0,1,1
PB06322,Mohali (SAS Nagar),Leather Products,522.83,52,93.2,2456.9,18.4,1,0,0,1,1,1,1,1,1,0,0,0,1,1,1
PB06323,Rupnagar,Paper & Pulp,259.61,4,51.2,346.9,15.1,0,0,0,1,1,0,0,1,1,0,0,0,0,1,1
PB06324,Moga,Textile Dyeing,1409.81,9,207.8,3535.0,26.1,0,0,0,1,1,0,1,1,1,0,0,0,0,1,1
PB06325,Fatehgarh Sahib,Textile,261.67,13,42.4,1311.1,0.5,0,0,0,1,1,1,1,1,0,0,0,0,0,1,0
PB06326,Rupnagar,Food Processing,160.39,17,50.6,50.0,0.5,0,1,0,1,1,1,1,1,0,0,1,1,0,1,0
PB06327,Mohali,Chemical,95.29,8,37.4,50.0,30.9,1,1,0,1,1,0,1,1,1,0,0,1,0,1,0
PB06328,Jalandhar,Auto Components,601.54,1,79.2,2313.7,6.5,0,0,0,1,1,1,0,1,0,0,0,0,0,1,1
PB06329,Jalandhar,Agro-based,5104.62,4,772.7,14675.0,2.1,0,0,0,1,1,0,0,1,0,1,0,0,0,1,1
PB06330,Mohali (SAS Nagar),Furniture/Wood,91.27,39,30.6,781.7,4.5,0,0,0,1,1,1,1,1,0,0,0,0,0,1,1
PB06331,Amritsar,Plastic Products,243.69,21,2.0,1106.0,11.4,1,0,0,1,1,1,1,1,1,0,0,0,1,0,1
PB06332,Hoshiarpur,IT/Software Services,382.68,9,55.7,1238.4,5.7,0,0,1,1,1,0,1,1,0,0,0,0,0,1,1
PB06333,Bathinda,Electronics,1435.96,18,222.8,4421.5,0.5,0,0,0,1,1,1,1,1,0,0,0,0,0,1,1
PB06334,Fatehgarh Sahib,Leather Products,1257.72,40,199.6,4740.8,25.9,1,0,0,1,1,0,1,1,1,0,0,0,1,1,1
PB06335,Patiala,Pharmaceutical,895.77,58,151.5,2951.7,16.7,1,0,0,1,1,1,1,1,1,1,0,0,1,1,1
PB06336,Ludhiana,Chemical,389.41,3,68.8,1479.2,21.6,1,0,0,1,1,0,0,1,1,0,0,0,1,1,1
PB06337,Jalandhar,Agro-based,65.67,18,2.0,725.0,4.2,0,0,0,1,1,0,0,1,0,0,0,0,0,0,0
PB06338,Amritsar,Food Processing,426.19,6,96.6,2125.6,0.5,0,0,0,1,1,0,1,1,0,0,1,0,0,1,1
PB06339,Mohali (SAS Nagar),Cement,177.06,11,2.0,228.9,0.5,0,0,0,1,1,0,1,0,0,0,0,0,0,0,1
PB06340,Jalandhar,Rice Milling,363.29,45,83.3,706.7,18.2,0,0,0,1,1,1,1,1,1,0,1,0,0,1,1
PB06341,Mohali,IT/Software Services,2127.92,24,274.2,6598.6,7.2,0,0,1,1,1,0,1,1,0,1,0,0,0,1,1
PB06342,Mohali,Auto Components,89.11,20,2.0,605.5,17.7,0,0,0,1,1,1,1,1,1,0,0,0,0,0,1
PB06343,Ludhiana,Agro-based,162.74,56,38.2,1491.3,6.0,0,0,0,1,1,1,1,1,0,0,0,0,0,1,1
PB06344,Mohali (SAS Nagar),Pharmaceutical,40.88,36,27.3,531.4,16.9,1,0,0,1,1,1,1,1,1,0,0,0,0,1,1
PB06345,Rupnagar,Beverages,1886.47,7,283.3,6201.4,34.3,0,1,0,1,1,0,1,1,1,0,1,1,0,1,1
PB06346,Rupnagar,Steel Rolling,322.18,12,49.7,50.0,0.5,0,0,0,1,1,1,1,0,0,0,0,0,0,1,0
PB06347,Mohali,Electronics,195.51,20,6.9,659.7,3.9,0,0,0,1,1,1,1,1,0,0,0,0,0,0,1
PB06348,Patiala,Agro-based,755.5,12,129.9,2412.0,7.7,0,0,0,1,1,1,1,1,0,0,0,0,0,1,1
PB06349,Hoshiarpur,Furniture/Wood,376.26,19,69.8,1532.1,0.5,0,0,0,1,1,1,1,0,0,0,0,0,0,1,1
PB06350,Moga,Pharmaceutical,1484.81,62,251.0,3980.1,11.4,1,0,0,1,1,1,1,1,1,1,0,0,1,1,1
PB06351,Rupnagar,Textile,288.66,37,10.1,870.4,2.1,0,0,0,1,1,1,1,1,0,0,0,0,0,0,1
PB06352,Hoshiarpur,Rice Milling,787.34,3,150.3,1912.1,23.3,0,0,0,1,1,0,0,1,1,0,1,0,0,1,0
PB06353,Hoshiarpur,Furniture/Wood,606.18,9,134.3,1959.4,22.4,0,0,0,1,1,0,1,1,1,0,0,0,0,1,1
PB06354,Sangrur,Pharmaceutical,504.62,34,72.4,531.6,11.0,1,0,0,1,1,1,1,1,1,1,0,0,1,1,1
PB06355,Patiala,Paper & Pulp,2960.21,51,400.6,9061.6,18.2,0,0,0,1,1,1,1,1,1,1,0,0,0,1,1
PB06356,Fatehgarh Sahib,Paper & Pulp,775.75,3,83.8,2225.3,21.3,0,1,0,1,1,0,0,1,1,1,0,1,0,1,1
PB06357,Fatehgarh Sahib,Pharmaceutical,435.0,29,101.9,1580.6,21.3,1,0,0,1,1,1,1,1,1,0,0,0,1,1,1
PB06358,Mohali (SAS Nagar),Electronics,335.27,14,54.3,919.8,1.5,0,0,0,1,1,1,1,1,0,0,0,0,0,1,1
PB06359,Jalandhar,Rice Milling,170.8,15,17.5,50.0,28.7,0,0,0,1,1,1,1,1,1,0,1,0,0,0,0
PB06360,Ludhiana,Auto Components,542.98,47,82.0,1303.5,2.4,0,0,0,1,1,1,1,1,0,0,0,0,0,1,1
PB06361,Fatehgarh Sahib,Pharmaceutical,1498.21,4,224.4,4144.6,15.4,1,0,0,1,1,0,0,1,1,1,0,0,1,1,1
PB06362,Jalandhar,Leather Products,1160.69,4,166.9,4085.6,36.3,1,0,0,1,1,0,0,1,1,0,0,0,1,1,1
PB06363,Ludhiana,Beverages,1507.76,9,224.8,5244.5,15.5,0,1,0,1,1,0,1,1,1,1,1,1,0,1,1
PB06364,Sangrur,Cement,1808.36,6,292.0,5112.7,16.6,1,0,0,1,1,0,1,1,1,1,0,0,1,1,1
PB06365,Moga,Electronics,917.92,6,103.8,2982.4,7.8,0,0,0,1,1,0,1,1,0,0,0,0,0,1,1
PB06366,Hoshiarpur,Furniture/Wood,665.75,72,135.9,1911.2,1.2,0,0,0,1,1,1,1,1,0,0,0,0,0,1,1
PB06367,Mohali,Pharmaceutical,1055.48,31,173.2,3425.6,29.3,1,0,0,1,1,1,1,1,1,1,0,0,1,1,1
PB06368,Hoshiarpur,Cement,1416.29,13,171.1,4787.9,14.6,0,0,0,1,1,1,1,0,0,1,0,0,0,1,1
PB06369,Moga,Paper & Pulp,178.62,10,30.0,131.5,21.9,0,1,0,1,1,1,1,1,1,0,0,1,0,1,0
PB06370,Rupnagar,Steel Rolling,321.99,8,53.3,1130.2,12.7,0,0,0,1,1,0,1,1,0,0,0,0,0,1,1
PB06371,Fatehgarh Sahib,Chemical,105.09,43,41.3,273.7,18.9,1,1,0,1,1,1,1,1,1,0,0,1,1,1,1
PB06372,Amritsar,Textile Dyeing,51.3,3,2.0,50.0,4.9,0,0,0,1,1,0,1,0,1,0,0,0,0,0,0
PB06373,Amritsar,Chemical,861.11,78,89.2,3430.8,25.5,1,1,0,1,1,1,1,1,1,1,0,1,1,1,1
PB06374,Patiala,Plastic Products,363.5,8,22.3,538.4,6.5,1,0,0,1,1,0,1,1,1,0,0,0,1,0,1
PB06375,Mohali (SAS Nagar),IT/Software Services,2865.96,40,417.9,8911.6,10.4,0,0,1,1,1,0,1,1,0,1,0,0,0,1,1
PB06376,Mohali (SAS Nagar),IT/Software Services,73.89,11,39.2,50.0,7.8,0,0,1,1,1,0,1,0,0,0,0,0,0,1,0
PB06377,Patiala,Chemical,307.94,10,53.6,966.7,13.6,1,1,0,1,1,1,1,1,1,0,0,1,1,1,1
PB06378,Ludhiana,Rice Milling,104.57,36,11.6,50.0,20.8,0,1,0,1,1,1,1,1,1,0,1,1,0,0,0
PB06379,Rupnagar,IT/Software Services,587.03,31,76.8,2117.7,0.5,1,0,1,1,1,0,1,1,1,1,0,0,1,1,1
PB06380,Mohali (SAS Nagar),Cement,265.83,9,41.8,50.0,0.5,0,0,0,1,1,0,1,0,0,0,0,0,0,1,0
PB06381,Mohali,Auto Components,194.26,4,45.9,516.8,11.0,0,0,0,1,1,0,0,1,0,0,0,0,0,1,1
PB06382,Rupnagar,Paper & Pulp,429.8,8,65.1,1244.4,13.7,0,1,0,1,1,0,1,1,1,0,0,1,0,1,1
PB06383,Mohali (SAS Nagar),Plastic Products,189.23,16,34.2,50.0,2.8,1,0,0,1,1,1,1,1,1,0,0,0,1,1,0
PB06384,Rupnagar,Furniture/Wood,620.75,23,119.2,1939.1,4.8,0,0,0,1,1,1,1,1,0,0,0,0,0,1,1
PB06385,Mohali,Electronics,366.33,12,79.8,2374.1,0.5,0,0,0,1,0,1,1,1,0,0,0,0,0,1,1
PB06386,Jalandhar,Auto Components,497.55,74,82.0,1714.5,7.8,0,0,0,1,1,1,1,1,1,0,0,0,0,1,1
PB06387,Jalandhar,Rice Milling,384.48,42,73.3,1750.7,21.8,0,1,0,1,1,1,1,1,1,0,1,1,0,1,1
PB06388,Jalandhar,Rice Milling,1658.4,5,249.2,5045.2,6.2,0,1,0,1,1,0,1,1,1,0,1,1,0,1,1
PB06389,Moga,Auto Components,1397.01,40,224.3,4365.7,13.5,0,0,0,1,1,1,1,1,0,0,0,0,0,1,1
PB06390,Hoshiarpur,Steel Rolling,554.1,33,52.2,439.8,0.5,0,0,0,1,1,1,1,1,0,0,0,0,0,1,1
PB06391,Moga,Textile,505.42,28,75.8,2128.8,13.8,0,0,0,1,1,1,1,1,0,0,0,0,0,1,1
PB06392,Fatehgarh Sahib,Engineering/Metal Fabrication,261.58,9,56.3,913.1,0.5,0,0,0,1,1,0,1,0,0,1,0,0,0,1,1
PB06393,Rupnagar,Pharmaceutical,820.06,17,130.2,1594.5,22.9,1,0,0,1,1,1,1,1,1,1,0,0,1,1,1
PB06394,Ludhiana,Paper & Pulp,321.02,4,43.4,1008.2,8.9,0,1,0,1,0,0,0,1,0,0,0,1,0,1,0
PB06395,Mohali,Textile,2890.9,31,424.6,9192.8,11.2,0,0,0,1,1,1,1,1,0,1,0,0,0,1,1
PB06396,Mohali (SAS Nagar),Steel Rolling,255.4,4,42.2,379.8,5.4,0,0,0,1,1,0,0,1,0,0,0,0,0,1,1
PB06397,Mohali,Textile,660.57,2,74.1,1814.9,7.5,0,0,0,1,1,0,0,1,0,0,0,0,0,1,1
PB06398,Bathinda,Food Processing,358.75,25,50.7,1932.8,5.9,0,0,0,1,1,1,1,1,0,0,1,0,0,0,1
PB06399,Mohali,Agro-based,111.16,8,25.9,746.7,13.4,0,0,0,1,1,0,1,1,0,0,0,0,0,1,1
PB06400,Fatehgarh Sahib,Furniture/Wood,122.42,16,23.8,1364.5,24.3,0,0,0,1,1,1,1,1,1,0,0,0,0,0,1
PB06401,Jalandhar,Cement,3842.07,6,553.1,11229.4,9.7,0,0,0,1,1,0,1,1,0,1,0,0,1,1,1
PB06402,Patiala,Electronics,783.88,8,90.7,2400.2,8.7,0,0,0,1,1,0,1,1,0,0,0,0,0,1,1
PB06403,Mohali,Steel Rolling,164.43,7,30.2,1081.6,1.5,0,0,0,1,1,0,1,1,0,0,0,0,0,1,1
PB06404,Jalandhar,Textile,384.3,5,75.3,291.1,15.4,0,0,0,1,1,0,1,0,1,0,0,0,0,1,1
PB06405,Hoshiarpur,Engineering/Metal Fabrication,160.21,6,50.4,670.6,3.0,0,0,0,1,1,0,1,1,0,1,0,0,0,1,1
PB06406,Jalandhar,Cement,212.19,13,55.6,1024.4,1.0,0,0,0,1,1,1,1,1,0,0,0,0,0,0,1
PB06407,Sangrur,Furniture/Wood,122.38,6,38.8,50.0,2.3,0,0,0,1,1,0,1,0,0,0,0,0,0,1,0
PB06408,Patiala,Agro-based,466.2,19,64.9,706.0,17.2,0,0,0,1,1,1,1,1,1,0,0,0,0,1,1
PB06409,Sangrur,Leather Products,425.61,3,73.7,977.5,26.0,1,0,0,1,1,0,0,1,1,0,0,0,1,1,1
PB06410,Rupnagar,Cement,658.42,17,63.1,1672.2,14.0,1,0,0,1,1,1,1,1,1,1,0,0,1,1,1
PB06411,Patiala,Textile,232.91,7,46.1,1004.6,19.3,0,0,0,1,1,0,1,1,1,0,0,0,0,1,0
PB06412,Jalandhar,Engineering/Metal Fabrication,206.97,18,28.1,483.1,23.8,0,0,0,1,1,1,1,1,1,0,0,0,0,1,1
PB06413,Mohali,Textile Dyeing,870.97,16,130.8,2056.7,18.6,0,1,0,1,1,1,1,1,1,1,0,1,0,1,1
PB06414,Hoshiarpur,Cement,454.28,3,75.8,948.6,0.5,0,0,0,1,1,0,0,1,0,0,0,0,0,1,1
PB06415,Mohali,Pharmaceutical,41.09,11,2.0,50.0,26.1,1,0,0,1,1,0,1,1,1,0,0,0,0,0,0
PB06416,Patiala,Beverages,331.77,31,55.2,971.8,11.3,0,0,0,1,1,0,1,1,1,0,1,0,0,1,1
PB06417,Amritsar,Leather Products,846.25,36,135.6,3336.4,19.1,1,0,0,1,1,1,1,1,1,0,0,0,1,1,1
PB06418,Moga,Paper & Pulp,1483.85,16,207.2,5100.4,24.8,0,0,0,1,1,1,1,1,1,1,0,0,0,1,1
PB06419,Fatehgarh Sahib,IT/Software Services,544.58,19,65.3,1375.7,0.5,0,0,1,1,1,0,1,1,0,0,0,0,0,1,1
PB06420,Moga,Pharmaceutical,989.99,3,142.2,2923.8,31.6,1,0,0,1,1,0,0,1,1,1,0,0,1,1,1
PB06421,Sangrur,Chemical,484.13,14,52.6,2550.5,24.4,1,1,0,1,1,1,1,1,1,0,0,1,1,1,1
PB06422,Amritsar,Steel Rolling,403.7,5,82.6,1526.2,0.5,0,0,0,1,1,0,1,1,0,0,0,0,0,1,1
PB06423,Rupnagar,Rice Milling,3606.66,7,516.2,10767.2,26.7,0,0,0,1,1,0,1,1,1,1,1,0,1,1,1
PB06424,Ludhiana,Textile Dyeing,436.44,2,82.2,1467.1,21.3,0,1,0,1,1,0,0,1,1,0,0,1,0,1,1
PB06425,Jalandhar,Leather Products,167.6,30,30.2,94.7,19.6,1,0,0,1,1,1,1,1,1,0,0,0,1,1,0
PB06426,Sangrur,Chemical,1067.93,34,153.2,3254.4,20.4,1,1,0,1,1,1,1,1,1,1,0,1,1,1,1
PB06427,Rupnagar,Electronics,783.26,43,121.5,2572.0,9.3,0,0,0,1,1,1,1,1,0,0,0,0,0,1,1
PB06428,Jalandhar,Leather Products,58.13,19,19.9,50.0,13.9,1,0,0,1,1,1,1,1,1,1,0,0,0,0,0
PB06429,Moga,Steel Rolling,1465.15,13,212.3,4029.1,20.0,0,0,0,1,1,1,1,1,1,0,0,0,0,1,1
PB06430,Jalandhar,Auto Components,934.5,70,124.6,2154.3,6.5,0,0,0,1,1,1,1,1,0,0,0,0,0,1,1
PB06431,Hoshiarpur,Auto Components,81.12,4,37.4,50.0,5.9,0,0,0,1,1,0,0,0,0,0,0,0,0,1,0
PB06432,Sangrur,Plastic Products,570.2,128,79.0,896.0,5.6,1,0,0,1,1,1,1,1,1,0,0,0,1,1,1
PB06433,Sangrur,Furniture/Wood,158.98,4,2.0,1440.4,6.1,0,0,0,1,1,0,0,1,0,0,0,0,0,0,1
PB06434,Jalandhar,Paper & Pulp,1297.62,17,165.1,3617.3,20.2,0,1,0,1,1,1,1,1,1,1,0,1,0,1,1
PB06435,Mohali,IT/Software Services,600.99,41,92.9,2048.2,0.5,0,0,1,1,1,0,1,1,0,0,0,0,0,1,1
PB06436,Ludhiana,Leather Products,1897.8,2,222.7,6485.5,10.6,1,0,0,1,1,0,0,1,1,0,0,0,1,1,0
PB06437,Rupnagar,Food Processing,313.8,11,21.8,1444.0,10.5,0,0,0,1,1,1,1,1,0,0,1,0,0,0,1
PB06438,Mohali,Beverages,1011.72,12,163.0,3110.7,29.4,0,1,0,1,1,1,1,1,1,0,1,1,0,1,1
PB06439,Rupnagar,Rice Milling,248.55,11,19.4,1121.5,13.5,0,1,0,1,1,1,1,1,1,0,1,1,0,0,0
PB06440,Mohali,Electronics,162.27,20,14.1,50.0,14.5,0,0,0,1,1,1,1,1,0,0,0,0,0,0,0
PB06441,Mohali (SAS Nagar),Steel Rolling,175.16,23,21.9,489.4,1.6,0,0,0,1,1,1,1,1,0,0,0,0,0,0,1
PB06442,Mohali,Textile Dyeing,91.7,12,19.4,143.9,23.7,0,0,0,1,1,1,1,0,1,0,0,0,0,0,0
PB06443,Hoshiarpur,Textile Dyeing,400.43,25,57.7,1488.0,22.4,0,1,0,1,1,1,1,1,1,0,0,1,0,1,1
PB06444,Patiala,Electronics,24.17,10,28.8,534.8,11.2,0,0,0,1,1,1,1,1,0,0,0,0,0,1,1
PB06445,Hoshiarpur,Furniture/Wood,852.91,6,138.2,2907.3,5.3,0,0,0,1,1,0,1,1,0,0,0,0,0,1,1
PB06446,Mohali,Steel Rolling,342.26,16,53.3,1832.4,0.5,0,0,0,1,1,1,1,1,0,0,0,0,0,1,1
PB06447,Jalandhar,Cement,1915.25,20,309.4,5785.0,0.5,0,0,0,1,1,1,1,1,0,1,0,0,0,1,1
PB06448,Amritsar,Plastic Products,616.45,14,104.1,2520.7,0.5,1,0,0,1,1,1,0,1,1,0,0,0,1,1,1
PB06449,Ludhiana,Food Processing,572.41,27,61.8,2260.4,2.4,0,1,0,1,1,1,1,1,0,0,1,1,0,1,1
PB06450,Fatehgarh Sahib,Plastic Products,65.46,16,38.3,263.7,0.5,1,0,0,1,1,1,1,1,1,0,0,0,0,1,1
PB06451,Jalandhar,Food Processing,1858.44,5,256.3,5780.5,1.1,0,1,0,1,1,0,1,1,0,0,1,1,0,1,1
PB06452,Mohali (SAS Nagar),Steel Rolling,217.99,29,55.2,1433.0,4.8,0,0,0,1,1,1,1,1,0,0,0,0,0,1,1
PB06453,Fatehgarh Sahib,Agro-based,66.29,19,3.8,50.0,13.0,0,0,0,1,1,0,1,1,0,0,0,0,0,0,0
PB06454,Rupnagar,Plastic Products,317.45,3,28.8,1348.7,12.2,1,0,0,1,1,0,0,1,1,0,0,0,1,1,1
PB06455,Hoshiarpur,Agro-based,226.24,20,34.5,50.0,6.8,0,0,0,1,0,1,1,1,0,0,0,0,0,1,0
PB06456,Mohali (SAS Nagar),Electronics,46.05,19,8.5,50.0,11.4,0,0,0,1,0,1,1,1,0,0,0,0,1,0,0
PB06457,Mohali,Engineering/Metal Fabrication,1467.8,125,230.8,5194.8,9.8,0,0,0,1,1,1,1,1,0,0,0,0,0,1,1
PB06458,Ludhiana,Auto Components,3699.49,8,595.3,11738.6,5.2,0,0,0,1,1,0,1,0,0,1,0,0,0,1,1
PB06459,Patiala,Furniture/Wood,2278.23,41,332.2,6473.3,0.5,0,0,0,1,1,1,1,1,0,1,0,0,0,1,1
PB06460,Rupnagar,Pharmaceutical,243.05,17,33.8,674.2,26.7,1,0,0,1,1,1,0,1,1,0,0,0,1,1,1
PB06461,Mohali (SAS Nagar),Textile Dyeing,305.61,11,18.9,1257.5,8.5,0,1,0,1,1,1,1,1,1,0,0,1,0,0,1
PB06462,Patiala,Textile Dyeing,200.96,63,46.4,743.1,13.2,1,1,0,1,1,1,1,1,1,0,0,1,1,1,1
PB06463,Patiala,Leather Products,684.68,11,86.4,1484.7,25.1,1,0,0,1,1,1,1,1,1,0,0,0,1,1,1
PB06464,Sangrur,Auto Components,191.4,10,20.0,1153.8,4.8,0,0,0,1,1,1,1,1,0,0,0,0,0,1,1
PB06465,Jalandhar,Plastic Products,85.94,11,22.2,50.0,0.5,1,0,0,1,1,1,1,1,1,0,0,0,0,0,0
PB06466,Sangrur,Rice Milling,169.22,3,14.7,1061.1,11.7,0,0,0,1,1,0,0,1,1,0,1,0,0,0,1
PB06467,Mohali,Chemical,2848.73,25,400.1,8690.9,35.2,1,1,0,1,1,1,1,1,1,1,0,1,1,1,1
PB06468,Bathinda,Rice Milling,28.4,7,19.0,303.1,10.2,0,1,0,1,1,0,1,1,1,0,1,1,0,0,1
PB06469,Amritsar,Agro-based,264.61,43,57.6,50.0,5.5,0,0,0,1,1,1,1,1,0,0,0,0,0,1,0
PB06470,Hoshiarpur,Food Processing,3590.08,12,554.8,11440.5,16.1,0,1,0,1,1,1,0,1,1,1,1,1,0,1,1
PB06471,Hoshiarpur,IT/Software Services,298.64,22,39.8,1762.4,14.8,0,0,1,1,1,0,1,1,0,0,0,0,0,1,1
PB06472,Sangrur,Chemical,1083.89,30,170.8,3543.6,27.6,1,1,0,1,1,1,1,1,1,1,0,1,1,1,1
PB06473,Jalandhar,Pharmaceutical,2462.29,3,377.3,8164.7,34.5,1,0,0,1,1,0,0,1,1,1,0,0,1,1,1
PB06474,Amritsar,Furniture/Wood,230.76,15,39.1,755.5,9.2,1,0,0,1,1,1,1,0,1,0,0,0,1,1,1
PB06475,Moga,Engineering/Metal Fabrication,1330.49,38,165.7,3897.7,0.5,0,0,0,1,1,1,1,1,0,0,0,0,0,1,1
PB06476,Amritsar,Plastic Products,127.64,14,3.2,50.0,0.5,1,0,0,1,1,0,1,1,1,0,0,0,1,0,0
PB06477,Bathinda,Auto Components,493.01,7,100.9,2344.9,0.5,0,0,0,1,1,0,1,1,0,0,0,0,0,1,1
PB06478,Patiala,Textile,432.06,115,61.9,2495.8,0.5,0,0,0,1,1,1,1,1,0,0,0,0,0,1,1
PB06479,Jalandhar,Textile,3002.33,21,441.6,9705.7,0.5,0,0,0,1,1,1,1,1,0,1,0,0,0,1,1
PB06480,Hoshiarpur,Furniture/Wood,172.82,8,31.2,904.9,13.1,0,0,0,1,1,0,0,1,0,0,0,0,0,1,1
PB06481,Sangrur,Pharmaceutical,1646.69,9,225.3,5204.0,14.9,1,0,0,1,1,0,1,1,1,1,0,0,1,1,1
PB06482,Mohali,Textile,305.8,6,38.8,950.6,6.9,0,0,0,1,1,0,1,1,0,0,0,0,0,1,1
PB06483,Bathinda,Beverages,684.24,24,76.8,1444.3,26.3,0,1,0,1,1,1,1,1,1,0,1,1,0,1,1
PB06484,Fatehgarh Sahib,Pharmaceutical,648.59,11,101.5,2468.9,31.0,1,0,0,1,1,1,1,1,1,1,0,0,1,1,1
PB06485,Patiala,Paper & Pulp,210.23,10,38.7,211.7,18.6,0,1,0,1,1,1,1,1,1,0,0,1,0,1,1
PB06486,Mohali,Engineering/Metal Fabrication,367.43,16,59.8,1285.0,2.9,0,0,0,1,1,1,1,1,0,0,0,0,0,1,1
PB06487,Sangrur,Leather Products,178.07,16,16.5,348.0,5.5,1,0,0,1,1,1,0,1,1,0,0,0,1,0,1
PB06488,Jalandhar,Plastic Products,321.53,5,69.6,1400.4,0.5,1,0,0,1,1,0,1,1,1,0,0,0,1,1,1
PB06489,Ludhiana,Beverages,99.17,31,18.5,535.0,26.3,0,1,0,1,1,1,1,1,1,0,1,1,0,0,1
PB06490,Hoshiarpur,Auto Components,521.39,25,91.3,1952.0,4.3,0,0,0,1,1,1,1,1,0,0,0,0,0,1,1
PB06491,Sangrur,Cement,2750.55,13,427.2,8694.3,5.4,0,0,0,1,1,1,1,1,0,1,0,0,0,1,1
PB06492,Hoshiarpur,Pharmaceutical,533.04,6,74.4,1802.4,13.0,1,0,0,1,1,0,1,1,1,1,0,0,1,1,1
PB06493,Fatehgarh Sahib,Furniture/Wood,1665.13,13,266.9,4611.3,8.4,0,0,0,1,1,1,1,1,0,0,0,0,0,1,1
PB06494,Jalandhar,Agro-based,596.67,11,109.9,2370.5,20.7,0,0,0,1,1,1,1,1,1,0,0,0,0,1,0
PB06495,Patiala,Cement,315.8,11,77.9,531.3,7.2,0,0,0,1,1,1,1,1,0,0,0,0,0,1,1
PB06496,Hoshiarpur,Furniture/Wood,134.04,4,71.9,179.7,7.4,0,0,0,1,1,0,0,0,0,0,0,0,0,1,1
PB06497,Mohali,Beverages,962.14,38,135.5,2694.1,24.8,1,0,0,1,1,1,1,1,1,0,1,0,1,1,1
PB06498,Amritsar,Beverages,350.28,39,69.7,1034.3,30.2,1,0,0,1,1,1,1,1,1,0,1,0,1,1,1
PB06499,Ludhiana,Auto Components,181.73,18,11.4,1079.2,18.5,0,0,0,1,1,1,1,1,1,0,0,0,0,0,1
PB06500,Moga,Paper & Pulp,117.63,31,31.6,694.1,12.7,0,1,0,1,1,1,1,1,1,0,0,1,0,1,1
PB06501,Hoshiarpur,Textile,163.03,22,54.0,517.6,6.4,0,0,0,1,1,1,1,1,0,0,0,0,0,1,1
PB06502,Jalandhar,Auto Components,142.57,81,55.7,140.8,7.5,0,0,0,1,1,1,1,1,1,0,0,0,0,1,0
PB06503,Fatehgarh Sahib,Pharmaceutical,687.67,20,108.9,2216.1,22.1,1,0,0,1,1,1,1,1,1,1,0,0,1,0,1
PB06504,Hoshiarpur,Pharmaceutical,504.72,22,91.9,1675.4,18.6,1,0,0,1,1,1,1,1,1,1,0,0,1,1,1
PB06505,Bathinda,Food Processing,823.89,11,140.4,2159.3,6.6,0,1,0,1,1,1,1,1,0,0,1,1,0,1,1
PB06506,Rupnagar,Plastic Products,784.2,89,107.3,2123.7,0.5,1,0,0,1,1,0,1,1,1,0,0,0,0,1,1
PB06507,Patiala,Food Processing,341.41,19,56.4,1259.3,0.5,0,1,0,1,1,1,1,1,0,0,1,1,0,1,1
PB06508,Ludhiana,Agro-based,157.74,3,2.0,433.2,6.5,0,0,0,1,1,0,0,1,0,0,0,0,0,0,1
PB06509,Sangrur,Electronics,524.8,22,100.9,1617.5,0.5,0,0,0,1,1,1,1,1,0,0,0,0,0,1,1
PB06510,Mohali,Cement,451.15,16,37.7,1395.3,13.7,0,0,0,1,1,1,1,1,0,0,0,0,0,1,1
PB06511,Mohali,Chemical,226.57,30,34.2,458.6,22.7,1,1,0,1,1,1,1,1,1,0,0,1,1,1,1
PB06512,Sangrur,Plastic Products,298.86,9,19.6,949.5,15.6,1,0,0,1,1,0,1,1,1,0,0,0,1,0,1
PB06513,Hoshiarpur,Furniture/Wood,318.64,8,62.4,735.0,0.5,1,0,0,1,1,0,1,1,1,0,0,0,1,1,1
PB06514,Amritsar,Agro-based,2122.15,18,330.0,6477.2,18.7,0,0,0,1,1,1,1,1,1,1,0,0,0,1,1
PB06515,Ludhiana,Textile Dyeing,350.01,6,62.4,1881.8,10.2,0,1,0,1,1,0,1,1,1,0,0,1,0,1,1
PB06516,Mohali,Textile Dyeing,122.08,34,13.8,691.2,32.2,0,1,0,1,1,1,1,1,1,0,0,1,0,0,1
PB06517,Sangrur,Pharmaceutical,221.83,24,34.0,1697.3,15.6,1,0,0,1,1,1,1,1,1,0,0,0,1,1,1
PB06518,Rupnagar,Leather Products,332.83,45,27.2,567.3,12.1,1,0,0,1,1,1,1,1,1,0,0,0,1,1,1
PB06519,Moga,Pharmaceutical,658.7,14,80.5,2338.5,13.7,1,0,0,1,1,1,1,1,1,1,0,0,1,1,1
PB06520,Sangrur,Beverages,507.11,53,99.2,544.1,14.1,0,0,0,1,1,1,1,1,1,0,1,0,0,1,1
PB06521,Fatehgarh Sahib,Plastic Products,1121.52,14,131.8,2967.5,0.5,1,0,0,1,1,1,1,1,1,0,0,0,1,1,1
PB06522,Bathinda,Leather Products,668.66,37,101.4,2434.4,11.5,1,0,0,1,1,1,1,1,1,1,0,0,1,1,1
PB06523,Mohali (SAS Nagar),Textile,163.13,17,16.4,1365.0,7.6,0,0,0,1,1,1,1,1,0,0,0,0,0,0,1
PB06524,Moga,Auto Components,699.4,14,94.0,2383.4,15.0,0,0,0,1,1,1,1,1,0,0,0,0,0,1,1
PB06525,Moga,Pharmaceutical,282.02,171,47.0,599.1,20.2,1,0,0,1,1,1,1,1,1,0,0,0,1,1,1
PB06526,Sangrur,Electronics,298.0,10,100.4,761.4,20.9,0,0,0,1,1,1,1,1,1,0,0,0,0,1,1
PB06527,Sangrur,Beverages,86.7,33,21.4,192.5,17.6,0,1,0,1,1,1,1,1,1,0,1,1,0,0,1
PB06528,Jalandhar,Textile,1139.96,15,180.1,3136.9,2.1,0,0,0,1,1,1,1,1,0,0,0,0,0,1,1
PB06529,Rupnagar,Cement,1069.19,76,144.8,2759.8,9.8,1,0,0,1,1,1,1,1,1,1,0,0,1,1,1
PB06530,Amritsar,Engineering/Metal Fabrication,301.38,10,17.3,1258.5,8.3,0,0,0,1,1,1,1,1,1,0,0,0,0,0,1
PB06531,Bathinda,Leather Products,580.47,61,79.4,1556.5,14.1,1,0,0,1,1,1,1,1,1,0,0,0,1,1,1
PB06532,Rupnagar,Leather Products,317.28,12,67.2,380.4,22.5,1,0,0,1,1,1,1,1,1,0,0,0,1,1,1
PB06533,Patiala,Food Processing,764.83,22,88.0,2968.5,4.3,0,1,0,1,0,1,1,1,0,0,1,1,0,1,1
PB06534,Patiala,Agro-based,61.23,9,3.0,234.5,0.5,0,0,0,1,1,0,1,0,0,0,0,0,0,0,1
PB06535,Ludhiana,Cement,236.12,48,53.2,1079.8,8.9,0,0,0,1,1,1,1,1,0,0,0,0,0,1,1
PB06536,Fatehgarh Sahib,Agro-based,142.68,28,29.3,527.9,7.1,0,0,0,1,1,1,1,1,0,0,0,0,0,1,1
PB06537,Mohali (SAS Nagar),Auto Components,319.99,13,91.4,1162.3,4.4,0,0,0,1,1,1,0,1,0,1,0,0,0,0,1
PB06538,Hoshiarpur,Chemical,223.41,5,34.0,50.0,16.8,1,1,0,1,1,0,1,1,1,0,0,1,1,1,0
PB06539,Ludhiana,Leather Products,182.37,18,16.8,269.2,19.0,1,0,0,1,1,1,1,1,0,0,0,0,1,0,0
PB06540,Sangrur,Electronics,395.31,25,48.2,1371.4,9.3,0,0,0,1,1,1,1,1,0,0,0,0,0,1,1
PB06541,Ludhiana,Leather Products,733.07,45,122.1,1780.4,19.4,1,0,0,1,1,1,1,1,1,0,0,0,1,1,1
PB06542,Bathinda,Steel Rolling,441.27,43,48.8,1488.9,0.5,0,0,0,1,1,1,1,1,0,0,0,0,0,1,1
PB06543,Patiala,Agro-based,605.25,14,103.8,1934.5,11.9,0,0,0,1,1,1,1,1,0,0,0,0,0,0,1
PB06544,Mohali (SAS Nagar),Rice Milling,155.16,6,45.5,236.9,22.7,0,1,0,1,1,0,1,1,1,0,1,1,0,1,1
PB06545,Hoshiarpur,Textile Dyeing,76.56,36,2.0,334.9,19.4,0,1,0,1,1,1,1,1,1,0,0,1,0,0,1
PB06546,Sangrur,Pharmaceutical,159.58,18,27.6,50.0,18.0,1,0,0,1,1,1,1,1,1,0,0,0,1,1,0
PB06547,Rupnagar,Food Processing,5015.08,7,744.1,14763.4,0.5,0,1,0,1,1,0,1,0,0,1,1,1,0,1,1
PB06548,Rupnagar,Textile Dyeing,80.94,28,23.7,369.6,25.2,0,1,0,1,1,1,1,1,1,0,0,1,0,0,1
PB06549,Mohali (SAS Nagar),Textile Dyeing,846.21,20,139.9,2895.9,18.8,0,1,0,1,1,1,1,1,1,0,0,1,0,1,1
PB06550,Bathinda,Chemical,512.24,226,85.1,1660.5,10.5,1,0,0,1,1,1,1,1,1,1,0,0,1,1,1
PB06551,Mohali (SAS Nagar),Rice Milling,416.78,45,67.2,1719.9,19.4,0,1,0,1,1,1,1,1,1,0,1,1,0,1,1
PB06552,Moga,Engineering/Metal Fabrication,721.22,7,70.8,2627.5,11.2,0,0,0,1,1,0,1,1,0,0,0,0,0,1,1
PB06553,Amritsar,Plastic Products,1096.11,26,189.4,3583.6,1.2,1,0,0,1,1,1,0,1,1,0,0,0,0,1,1
PB06554,Jalandhar,IT/Software Services,903.67,84,119.4,2903.2,4.8,1,0,1,1,1,0,1,1,1,0,0,0,1,1,1
PB06555,Bathinda,Beverages,395.19,110,96.2,1684.2,47.0,0,0,0,1,1,1,1,1,1,0,1,0,0,1,1
PB06556,Amritsar,Paper & Pulp,373.54,31,58.2,1772.7,24.5,0,1,0,1,1,1,1,1,1,0,0,1,0,1,1
PB06557,Amritsar,Leather Products,481.45,22,71.0,1448.9,31.2,1,0,0,1,1,1,1,1,1,0,0,0,1,1,1
PB06558,Ludhiana,Textile Dyeing,485.38,15,80.9,2339.9,23.7,0,1,0,1,1,1,0,1,1,0,0,1,0,1,1
PB06559,Mohali,Beverages,87.24,21,7.3,90.7,13.2,0,0,0,1,1,1,1,1,1,0,1,0,0,0,0
PB06560,Hoshiarpur,Textile Dyeing,469.57,11,73.5,1457.8,35.9,0,1,0,1,1,0,1,1,1,0,0,1,0,1,1
PB06561,Ludhiana,Steel Rolling,533.37,15,90.4,907.0,0.9,0,0,0,1,1,1,1,1,0,0,0,0,0,1,1
PB06562,Hoshiarpur,Food Processing,597.68,21,114.9,1035.6,3.6,0,1,0,1,1,1,1,1,0,0,1,1,0,1,1
PB06563,Bathinda,Pharmaceutical,401.61,18,64.1,1238.5,18.5,1,0,0,1,1,1,1,1,1,0,0,0,1,1,1
PB06564,Hoshiarpur,Leather Products,214.82,20,35.2,498.7,18.1,1,0,0,1,1,1,1,1,1,0,0,0,1,1,1
PB06565,Moga,Engineering/Metal Fabrication,41.56,50,42.2,50.0,20.2,0,0,0,1,1,1,1,1,1,0,0,0,0,1,0
PB06566,Mohali (SAS Nagar),Engineering/Metal Fabrication,1019.57,5,165.0,2448.1,0.5,0,0,0,1,1,0,1,1,0,0,0,0,0,1,1
PB06567,Patiala,Engineering/Metal Fabrication,263.9,10,26.1,491.4,0.5,0,0,0,1,1,1,1,1,0,0,0,0,0,1,0
PB06568,Ludhiana,IT/Software Services,107.8,9,28.7,50.0,1.9,0,0,1,1,1,0,1,0,0,1,0,0,0,1,0
PB06569,Bathinda,Rice Milling,133.13,9,49.0,379.8,4.9,0,1,0,1,1,0,0,1,1,0,1,1,0,1,1
PB06570,Amritsar,Cement,528.21,39,71.8,1975.6,0.5,0,0,0,1,1,1,0,1,0,1,0,0,0,1,1
PB06571,Rupnagar,Chemical,69.53,18,2.0,120.8,17.7,1,0,0,1,0,0,1,1,1,0,0,0,0,0,0
PB06572,Rupnagar,Chemical,346.72,105,65.2,65.8,15.1,1,0,0,1,1,1,1,1,1,0,0,0,1,1,0
PB06573,Rupnagar,Chemical,2861.42,3,432.1,7467.9,28.2,1,0,0,1,1,0,0,1,1,1,0,0,1,1,1
PB06574,Rupnagar,Beverages,557.69,7,92.8,1544.6,13.5,0,1,0,1,1,0,1,1,1,0,1,1,0,1,1
PB06575,Amritsar,Paper & Pulp,1536.15,142,231.6,4133.2,14.6,0,1,0,1,1,1,1,1,1,1,0,1,0,1,1
PB06576,Moga,Furniture/Wood,174.71,10,18.1,1137.0,0.5,0,0,0,1,1,1,1,1,0,0,0,0,0,0,1
PB06577,Bathinda,Beverages,127.71,13,28.8,50.0,30.4,0,0,0,1,1,1,1,0,1,0,1,0,0,1,0
PB06578,Mohali (SAS Nagar),Beverages,613.79,3,102.1,2375.6,24.8,0,1,0,1,1,0,0,1,1,0,1,1,0,1,1
PB06579,Rupnagar,Steel Rolling,352.52,5,108.5,1265.2,11.6,0,0,0,1,1,0,1,1,0,0,0,0,0,1,1
PB06580,Mohali (SAS Nagar),Furniture/Wood,369.49,17,45.0,839.4,6.7,0,0,0,1,1,1,1,1,0,0,0,0,0,1,1
PB06581,Mohali,Paper & Pulp,5040.37,61,771.9,15280.1,18.0,0,1,0,1,1,1,1,1,1,1,0,1,0,1,1
PB06582,Sangrur,Electronics,826.17,58,131.5,4253.8,4.3,0,0,0,1,1,1,1,1,0,0,0,0,0,1,1
PB06583,Amritsar,Paper & Pulp,510.86,37,83.5,1452.5,13.0,0,1,0,1,1,1,1,1,1,1,0,1,0,1,1
PB06584,Jalandhar,Beverages,609.27,26,82.0,1733.2,23.1,0,0,0,1,1,1,1,0,1,0,1,0,0,1,1
PB06585,Patiala,Agro-based,250.02,37,44.6,50.0,10.1,0,0,0,1,1,1,1,1,0,0,0,0,0,1,0
PB06586,Amritsar,Engineering/Metal Fabrication,138.37,56,31.4,224.6,7.7,0,0,0,1,1,1,1,1,0,0,0,0,0,1,1
PB06587,Moga,Chemical,423.84,3,92.7,961.9,23.7,1,0,0,1,1,0,0,1,0,0,0,0,1,1,1
PB06588,Fatehgarh Sahib,Pharmaceutical,187.32,11,24.1,236.5,26.9,1,0,0,1,0,1,1,1,1,0,0,0,1,0,1
PB06589,Sangrur,Rice Milling,142.74,17,19.7,791.9,24.1,0,0,0,1,1,1,1,1,1,0,1,0,0,0,1
PB06590,Amritsar,Rice Milling,202.77,4,16.6,478.9,16.3,0,0,0,1,1,0,0,1,1,0,1,0,0,0,1
PB06591,Bathinda,Furniture/Wood,1237.61,5,201.4,3850.1,0.5,0,0,0,1,1,0,1,1,0,0,0,0,0,0,1
PB06592,Jalandhar,Furniture/Wood,82.5,42,2.0,445.7,0.5,0,0,0,1,1,1,1,1,0,0,0,0,0,0,1
PB06593,Amritsar,Plastic Products,213.59,32,77.8,371.0,6.5,1,0,0,1,1,1,1,1,1,0,0,0,1,1,1
PB06594,Mohali,Food Processing,2912.4,13,423.2,8778.7,13.1,0,1,0,1,1,1,1,1,0,1,1,1,0,1,1
PB06595,Hoshiarpur,Steel Rolling,3689.47,5,556.1,11376.2,0.5,0,0,0,1,1,0,1,1,0,1,0,0,0,1,1
PB06596,Fatehgarh Sahib,Pharmaceutical,1326.02,18,230.1,3594.6,7.7,1,0,0,1,1,0,1,1,1,1,0,0,1,1,1
PB06597,Ludhiana,Pharmaceutical,1456.26,96,204.0,3976.5,13.2,1,0,0,1,1,1,1,0,1,1,0,0,1,1,1
PB06598,Patiala,Textile,239.21,3,54.8,830.4,4.2,0,0,0,1,1,0,0,1,0,0,0,0,0,1,1
PB06599,Ludhiana,Auto Components,220.3,9,63.3,1213.9,0.5,1,0,0,1,1,0,1,1,1,0,0,0,1,1,1
PB06600,Jalandhar,IT/Software Services,897.01,6,134.5,3216.8,5.1,0,0,1,1,1,0,1,1,0,0,0,0,1,1,1
PB06601,Sangrur,Food Processing,140.33,23,31.9,448.4,16.4,0,0,0,1,1,1,1,1,1,0,1,0,0,1,1
PB06602,Mohali (SAS Nagar),Auto Components,146.63,50,27.2,50.0,0.5,0,0,0,1,1,1,1,1,0,0,0,0,0,1,0
PB06603,Ludhiana,Electronics,598.95,36,80.5,2197.9,15.2,0,0,0,1,1,1,1,1,1,0,0,0,0,1,1
PB06604,Mohali (SAS Nagar),Rice Milling,69.77,7,29.7,621.3,10.3,0,1,0,1,1,0,1,1,1,0,1,1,0,1,1
PB06605,Moga,Food Processing,497.97,108,102.3,1145.1,0.5,0,1,0,1,1,1,1,1,0,0,1,1,0,1,1
PB06606,Patiala,Furniture/Wood,100.08,41,18.5,50.0,0.5,0,0,0,1,1,1,1,1,0,0,0,0,0,0,0
PB06607,Jalandhar,Beverages,45.53,8,9.4,50.0,23.1,0,1,0,1,1,0,1,1,1,1,1,1,0,0,0
PB06608,Sangrur,Steel Rolling,411.63,34,54.7,1308.8,11.8,0,0,0,1,1,1,1,1,0,0,0,0,0,1,1
PB06609,Mohali,Engineering/Metal Fabrication,260.05,30,45.2,50.0,15.8,0,0,0,1,1,1,1,1,1,0,0,0,0,1,0
PB06610,Rupnagar,Leather Products,128.51,13,23.3,365.2,26.5,1,0,0,1,1,1,1,1,1,0,0,0,1,0,1
PB06611,Jalandhar,Food Processing,1311.37,5,179.5,3938.7,0.5,0,0,0,1,1,0,1,1,0,0,1,0,0,1,1
PB06612,Hoshiarpur,Pharmaceutical,627.89,66,76.3,1768.9,20.8,1,0,0,1,1,1,1,1,1,1,0,0,1,1,1
PB06613,Patiala,Pharmaceutical,160.52,11,63.8,789.2,21.5,1,0,0,1,1,1,1,1,1,0,0,0,1,1,1
PB06614,Patiala,Textile Dyeing,1823.41,1,267.2,4668.1,12.1,0,1,0,1,1,0,0,1,1,0,0,1,0,1,1
PB06615,Rupnagar,Leather Products,795.24,6,134.4,2165.3,17.0,1,0,0,1,1,0,1,1,1,0,0,0,1,1,1
PB06616,Ludhiana,Steel Rolling,813.19,25,93.5,3162.3,0.5,0,0,0,1,1,1,1,1,0,0,0,0,0,1,1
PB06617,Amritsar,Agro-based,131.16,94,15.0,1007.2,2.0,0,0,0,1,0,1,1,1,0,0,0,0,0,0,1
PB06618,Ludhiana,IT/Software Services,962.58,8,113.2,2125.9,3.5,0,0,1,1,1,0,1,1,0,0,0,0,0,1,1
PB06619,Patiala,Pharmaceutical,660.23,86,110.9,1714.8,22.3,1,0,0,1,1,1,1,1,1,1,0,0,1,1,1
PB06620,Bathinda,IT/Software Services,108.63,6,42.7,50.0,10.8,1,0,1,1,1,0,1,1,1,0,0,0,1,1,0
PB06621,Jalandhar,Agro-based,414.26,19,49.5,1126.6,15.2,0,0,0,1,1,1,1,1,1,0,0,0,0,1,1
PB06622,Jalandhar,Pharmaceutical,772.19,40,134.6,2645.4,29.3,1,0,0,1,1,1,1,1,1,1,0,0,1,1,1
PB06623,Mohali (SAS Nagar),Steel Rolling,574.61,8,87.7,989.5,9.0,0,0,0,1,1,0,1,1,0,0,0,0,0,1,1
PB06624,Ludhiana,IT/Software Services,798.24,3,109.5,1909.7,1.0,0,0,1,1,1,0,0,1,0,0,0,0,0,1,1
PB06625,Hoshiarpur,Rice Milling,351.77,13,39.0,962.2,22.4,0,0,0,1,1,1,1,1,1,0,1,0,0,1,1
PB06626,Bathinda,Textile,291.78,35,48.5,1045.4,0.5,0,0,0,1,1,1,1,1,0,0,0,0,0,1,1
PB06627,Rupnagar,Leather Products,132.43,15,20.0,50.0,19.1,1,0,0,1,1,1,1,1,1,0,0,0,1,0,0
PB06628,Moga,Textile,1308.81,23,226.5,3456.6,2.0,0,0,0,1,1,1,1,1,0,0,0,0,0,1,1
PB06629,Hoshiarpur,Textile,1146.58,149,173.9,3400.2,0.5,0,0,0,1,1,1,1,1,0,0,0,0,0,1,1
PB06630,Mohali,Chemical,5010.32,12,768.6,15561.3,27.4,1,1,0,1,1,1,1,1,1,1,0,1,1,1,1
PB06631,Moga,Chemical,249.09,39,24.7,50.0,10.5,1,1,0,1,1,1,1,1,1,0,0,1,1,0,0
PB06632,Jalandhar,Engineering/Metal Fabrication,1354.02,9,223.0,4749.3,11.8,0,0,0,1,1,0,1,1,0,0,0,0,0,1,1
PB06633,Fatehgarh Sahib,Rice Milling,159.44,5,44.5,1082.2,16.3,0,1,0,1,1,0,1,1,1,0,1,1,0,1,1
PB06634,Amritsar,Agro-based,41.44,85,5.9,50.0,19.7,0,0,0,1,0,1,1,1,1,0,0,0,0,0,0
PB06635,Jalandhar,Auto Components,239.51,4,37.5,870.4,0.5,0,0,0,1,1,0,0,1,0,0,0,0,0,1,1
PB06636,Amritsar,Textile Dyeing,263.67,9,69.3,648.0,15.2,0,1,0,1,1,0,1,1,1,0,0,1,0,1,1
PB06637,Bathinda,Paper & Pulp,173.45,7,39.9,815.9,23.3,0,0,0,1,1,0,1,1,1,0,0,0,0,1,1
PB06638,Jalandhar,Plastic Products,370.78,14,36.6,1022.6,8.0,1,0,0,1,1,1,1,1,1,0,0,0,1,1,1
PB06639,Rupnagar,IT/Software Services,175.36,12,6.7,243.8,5.8,0,0,1,1,1,0,1,0,0,1,0,0,0,0,1
PB06640,Mohali (SAS Nagar),Pharmaceutical,1433.19,8,244.1,4228.2,17.0,1,0,0,1,1,0,1,1,1,1,0,0,1,1,1
PB06641,Amritsar,Pharmaceutical,320.23,17,2.0,561.5,18.5,1,0,0,1,1,0,1,1,1,0,0,0,1,0,1
PB06642,Mohali (SAS Nagar),IT/Software Services,655.63,22,112.8,2300.7,6.6,0,0,1,1,1,0,1,1,0,0,0,0,0,1,1
PB06643,Ludhiana,Rice Milling,510.51,32,91.8,985.2,26.1,0,1,0,1,1,1,1,1,1,0,1,1,0,1,1
PB06644,Amritsar,Chemical,178.8,3,14.8,320.1,21.9,1,1,0,1,1,0,0,1,0,0,0,1,1,0,1
PB06645,Moga,Food Processing,283.41,18,48.7,50.0,0.5,0,1,0,1,1,1,1,1,0,0,1,1,0,1,0
PB06646,Fatehgarh Sahib,Beverages,260.62,6,35.5,986.0,16.4,0,1,0,1,1,0,1,1,1,0,1,1,0,1,1
PB06647,Bathinda,Chemical,3269.01,46,534.4,10077.4,31.1,1,1,0,1,1,1,1,1,1,1,0,1,1,1,1
PB06648,Amritsar,Leather Products,778.3,5,110.9,1847.7,20.2,1,0,0,1,1,0,1,1,1,0,0,0,1,1,1
PB06649,Ludhiana,Plastic Products,485.01,17,41.8,419.3,2.7,1,0,0,1,1,1,1,1,1,0,0,0,1,1,1
PB06650,Sangrur,Plastic Products,1175.78,19,150.9,3505.1,4.2,1,0,0,1,1,1,1,1,1,0,0,0,1,1,1
PB06651,Mohali (SAS Nagar),Auto Components,97.39,21,8.8,50.0,0.5,0,0,0,1,1,1,1,1,0,0,0,0,0,0,0
PB06652,Jalandhar,Furniture/Wood,68.59,36,2.0,1031.4,5.8,0,0,0,1,1,1,1,1,0,0,0,0,0,0,1
PB06653,Amritsar,Furniture/Wood,458.25,6,72.0,2582.1,0.5,0,0,0,1,1,0,1,1,0,0,0,0,0,1,1
PB06654,Ludhiana,Chemical,433.39,8,69.0,1710.3,23.6,1,1,0,1,1,0,1,1,1,0,0,1,1,1,1
PB06655,Ludhiana,Auto Components,231.96,10,37.5,1542.6,17.6,0,0,0,1,1,1,1,1,1,0,0,0,0,1,1
PB06656,Amritsar,Furniture/Wood,777.57,10,113.6,2195.9,16.0,0,0,0,1,1,1,1,1,1,1,0,0,1,1,1
PB06657,Sangrur,Steel Rolling,155.41,13,2.0,767.1,11.7,0,0,0,1,1,0,1,1,0,0,0,0,0,0,1
PB06658,Sangrur,Steel Rolling,250.66,6,68.2,474.8,0.5,0,0,0,1,1,0,1,1,0,0,0,0,0,1,1
PB06659,Sangrur,Plastic Products,154.12,14,2.0,632.4,0.5,1,0,0,1,1,0,1,0,1,0,0,0,1,0,1
PB06660,Amritsar,Agro-based,593.0,19,93.8,713.8,1.1,0,0,0,1,1,1,1,1,0,0,0,0,0,1,1
PB06661,Sangrur,Rice Milling,86.9,13,12.5,525.3,21.7,0,0,0,1,1,1,1,1,1,0,1,0,0,0,1
PB06662,Hoshiarpur,Engineering/Metal Fabrication,443.56,5,93.3,470.2,0.5,0,0,0,1,1,0,1,1,0,1,0,0,1,1,1
PB06663,Mohali,Textile,530.0,10,54.5,1637.9,9.8,0,0,0,1,1,1,1,1,0,0,0,0,0,1,1
PB06664,Rupnagar,Agro-based,238.13,11,36.3,1036.0,4.5,0,0,0,1,1,1,1,1,0,0,0,0,0,1,1
PB06665,Ludhiana,Textile Dyeing,469.53,2,70.5,1888.9,23.1,0,1,0,1,1,0,0,1,1,0,0,1,0,1,1
PB06666,Fatehgarh Sahib,Beverages,1888.19,14,247.2,4885.3,0.5,0,1,0,1,1,1,1,1,1,0,1,1,0,1,1
PB06667,Ludhiana,Food Processing,6000.0,59,885.6,18109.7,3.1,0,1,0,1,1,1,1,1,0,1,1,1,0,0,1
PB06668,Mohali (SAS Nagar),Cement,1304.99,31,226.5,4925.0,1.3,0,0,0,1,1,1,1,0,0,1,0,0,0,1,1
PB06669,Patiala,Textile,228.84,4,72.0,1923.5,0.5,0,0,0,1,1,0,0,1,0,0,0,0,1,1,1
PB06670,Mohali (SAS Nagar),IT/Software Services,704.35,9,121.4,2323.3,8.0,0,0,1,1,1,0,1,1,0,0,0,0,0,1,1
PB06671,Rupnagar,IT/Software Services,330.9,2,51.4,2053.0,0.5,0,0,1,1,1,0,0,1,1,0,0,0,0,1,1
PB06672,Mohali,Auto Components,423.74,15,86.2,662.7,1.3,0,0,0,1,1,1,1,1,0,0,0,0,0,1,1
PB06673,Sangrur,Electronics,572.67,18,94.0,1771.7,0.5,0,0,0,1,1,1,1,1,0,0,0,0,0,1,1
PB06674,Bathinda,IT/Software Services,1624.84,3,241.7,4878.5,7.2,0,0,1,1,1,0,0,1,0,0,0,0,0,1,1
PB06675,Moga,IT/Software Services,283.34,2,36.6,618.2,6.3,0,0,1,1,1,0,0,1,0,0,0,0,0,1,1
PB06676,Hoshiarpur,Rice Milling,1984.29,3,308.2,6270.8,3.4,0,0,0,1,1,0,0,1,1,0,1,0,0,1,1
PB06677,Sangrur,Engineering/Metal Fabrication,350.97,17,41.7,764.4,0.5,0,0,0,1,1,1,1,1,0,0,0,0,0,1,1
PB06678,Rupnagar,Leather Products,988.28,7,167.8,3872.7,21.0,1,0,0,1,1,0,1,1,1,0,0,0,1,1,1
PB06679,Moga,Cement,295.97,12,53.1,1096.6,0.5,0,0,0,1,1,1,1,1,0,0,0,0,1,1,1
PB06680,Moga,Electronics,104.14,38,2.0,504.3,8.7,0,0,0,1,1,1,1,1,0,0,0,0,0,0,1
PB06681,Hoshiarpur,Food Processing,436.75,15,69.5,1004.8,6.9,1,0,0,1,1,1,1,1,1,0,1,0,1,1,1
PB06682,Amritsar,Engineering/Metal Fabrication,1888.73,17,299.3,5729.0,3.2,0,0,0,1,1,1,1,1,0,0,0,0,0,1,1
PB06683,Hoshiarpur,Agro-based,1188.66,12,151.9,4369.4,0.5,0,0,0,1,1,1,1,1,0,0,0,0,0,1,1
PB06684,Mohali,Agro-based,130.45,62,5.8,315.0,2.7,0,0,0,1,1,1,1,1,0,0,0,0,0,0,1
PB06685,Amritsar,Textile,1131.36,14,165.0,3633.8,13.6,0,0,0,1,1,1,1,1,0,0,0,0,0,1,0
PB06686,Amritsar,Auto Components,304.37,6,41.4,1861.4,17.2,0,0,0,1,1,0,1,1,1,0,0,0,0,1,1
PB06687,Ludhiana,Rice Milling,37.19,46,21.4,50.0,18.1,0,0,0,1,1,1,1,1,1,0,1,0,0,0,0
PB06688,Jalandhar,Steel Rolling,543.01,6,103.4,1761.4,6.4,0,0,0,1,1,0,1,1,0,0,0,0,1,1,1
PB06689,Bathinda,Plastic Products,789.41,29,104.9,2598.5,16.0,1,0,0,1,1,1,1,1,1,0,0,0,1,1,1
PB06690,Patiala,Furniture/Wood,1346.79,13,211.7,3088.6,0.5,0,0,0,1,1,1,1,1,0,0,0,0,0,1,1
PB06691,Patiala,Rice Milling,509.78,3,72.9,1152.2,18.4,0,1,0,1,1,0,0,1,1,0,1,1,0,1,1
PB06692,Jalandhar,IT/Software Services,1302.95,10,175.3,4163.6,11.7,0,0,1,1,1,0,1,1,0,0,0,0,0,1,1
PB06693,Mohali,Steel Rolling,1293.1,16,191.4,3863.6,6.3,0,0,0,1,1,1,1,0,1,0,0,0,0,1,1
PB06694,Mohali (SAS Nagar),Auto Components,718.21,27,117.8,1333.1,14.4,0,0,0,1,1,1,1,1,0,0,0,0,0,1,1
PB06695,Hoshiarpur,Plastic Products,482.73,23,57.6,1654.3,8.7,1,0,0,1,1,1,1,1,1,0,0,0,1,1,1
PB06696,Jalandhar,Textile,204.71,18,22.0,1152.7,11.8,0,0,0,1,1,1,1,1,0,0,0,0,0,0,1
PB06697,Mohali,Textile,1451.0,47,219.2,4517.4,9.3,1,0,0,1,1,1,0,1,1,0,0,0,1,1,1
PB06698,Moga,Textile Dyeing,951.82,45,146.1,3292.8,17.9,0,1,0,1,1,1,1,1,1,0,0,1,0,0,1
PB06699,Patiala,Paper & Pulp,191.77,2,40.1,1087.1,19.8,0,1,0,1,1,0,0,1,1,0,0,1,0,1,1
PB06700,Mohali,Food Processing,427.04,1,60.7,1224.8,22.0,0,1,0,1,1,0,0,1,1,0,1,1,0,1,1
PB06701,Ludhiana,Rice Milling,1392.84,21,224.2,4201.2,15.5,0,0,0,1,1,1,1,1,1,0,1,0,0,1,1
PB06702,Mohali (SAS Nagar),Beverages,3196.67,8,455.8,9505.4,13.7,0,1,0,1,1,0,1,1,1,1,1,1,0,1,1
PB06703,Patiala,Auto Components,916.05,43,136.3,3288.3,0.5,0,0,0,1,1,1,1,1,0,0,0,0,0,1,1
PB06704,Jalandhar,Beverages,877.43,13,120.9,2045.9,10.9,1,1,0,1,1,1,1,1,1,0,1,1,1,1,1
PB06705,Patiala,Steel Rolling,111.02,7,2.0,50.0,2.8,0,0,0,1,1,0,1,0,0,0,0,0,0,0,0
PB06706,Sangrur,Textile,1136.89,15,186.5,3600.8,27.8,0,0,0,1,1,1,1,1,1,1,0,0,0,1,1
PB06707,Mohali,Textile,270.85,27,13.8,1475.7,10.6,0,0,0,1,1,1,1,1,0,0,0,0,0,0,1
PB06708,Rupnagar,Paper & Pulp,159.92,3,23.9,1153.0,28.8,0,1,0,1,1,0,0,1,1,0,0,1,0,0,1
PB06709,Ludhiana,Textile Dyeing,269.25,23,20.3,1772.9,9.5,0,1,0,1,1,1,1,1,1,0,0,1,0,0,1
PB06710,Hoshiarpur,Electronics,209.68,12,62.7,406.5,12.6,0,0,0,1,1,1,1,1,0,0,0,0,0,1,1
PB06711,Mohali,Paper & Pulp,87.55,21,2.0,403.7,29.9,0,0,0,1,1,1,1,1,1,0,0,0,0,0,1
PB06712,Mohali,Cement,205.05,3,39.8,227.9,0.5,0,0,0,1,1,0,0,0,0,0,0,0,0,1,1
PB06713,Sangrur,Paper & Pulp,1343.7,11,166.8,3888.4,31.5,0,1,0,1,1,1,1,1,1,1,0,1,0,1,1
PB06714,Fatehgarh Sahib,Leather Products,1322.04,4,192.4,4075.3,23.2,1,0,0,1,1,0,0,1,1,0,0,0,1,1,1
PB06715,Jalandhar,Textile,364.72,7,101.1,912.5,10.9,0,0,0,1,1,0,1,1,0,0,0,0,0,1,1
PB06716,Mohali (SAS Nagar),Auto Components,1695.4,31,253.0,5703.3,9.0,0,0,0,1,1,1,1,1,0,0,0,0,0,1,1
PB06717,Moga,Engineering/Metal Fabrication,938.93,8,153.0,3024.5,0.5,0,0,0,1,1,0,1,1,0,0,0,0,0,1,1
PB06718,Jalandhar,IT/Software Services,3398.8,7,511.7,9799.7,18.3,0,0,1,1,1,0,1,1,1,1,0,0,0,1,1
PB06719,Fatehgarh Sahib,Rice Milling,89.56,3,2.2,50.0,33.7,0,0,0,1,1,0,0,0,1,0,1,0,0,0,0
PB06720,Hoshiarpur,Steel Rolling,3611.2,80,540.9,10556.2,11.7,0,0,0,1,0,1,1,1,0,1,0,0,0,1,1
PB06721,Amritsar,Pharmaceutical,299.61,20,41.9,1158.5,14.4,1,0,0,1,1,0,1,1,1,0,0,0,1,1,1
PB06722,Patiala,Beverages,461.81,27,47.8,2105.5,29.4,0,1,0,1,1,1,1,1,1,0,1,1,0,1,1
PB06723,Jalandhar,Auto Components,240.75,20,42.3,1055.1,13.5,0,0,0,1,1,1,1,1,0,0,0,0,0,1,1
PB06724,Hoshiarpur,Chemical,2925.19,47,432.1,8250.4,13.0,1,0,0,1,1,1,0,1,1,1,0,0,1,1,1
PB06725,Mohali,Chemical,411.98,2,74.2,1560.8,19.1,1,0,0,1,1,0,0,1,1,0,0,0,1,1,1
PB06726,Rupnagar,Auto Components,103.93,13,2.0,541.3,4.3,0,0,0,1,1,0,1,1,0,0,0,0,0,0,1
PB06727,Jalandhar,Paper & Pulp,324.67,42,25.8,574.4,20.7,0,0,0,1,1,1,1,1,1,0,0,0,0,1,1
PB06728,Rupnagar,Textile Dyeing,449.2,15,66.3,1662.5,28.5,0,1,0,1,1,1,1,0,1,0,0,1,0,1,1
PB06729,Sangrur,Textile Dyeing,135.87,81,36.3,658.7,28.8,0,1,0,1,1,1,1,1,1,0,0,1,0,1,1
PB06730,Moga,Pharmaceutical,422.69,14,32.4,729.6,34.9,1,0,0,1,1,1,1,1,1,0,0,0,1,1,1
PB06731,Amritsar,Engineering/Metal Fabrication,106.09,15,7.9,551.2,0.5,0,0,0,1,1,1,1,1,0,0,0,0,0,0,1
PB06732,Rupnagar,Auto Components,960.16,23,138.6,3717.9,1.4,0,0,0,1,0,1,1,1,0,0,0,0,0,1,1
PB06733,Fatehgarh Sahib,Auto Components,205.31,3,10.4,1819.4,8.4,0,0,0,1,1,0,0,1,0,0,0,0,0,0,1
PB06734,Mohali,Leather Products,406.55,7,78.4,1530.7,10.0,1,0,0,1,1,0,1,1,0,0,0,0,1,1,1
PB06735,Mohali,Engineering/Metal Fabrication,245.73,29,50.0,1047.1,15.8,0,0,0,1,1,1,1,1,1,0,0,0,0,1,1
PB06736,Mohali,Plastic Products,955.4,14,116.2,2212.0,12.4,1,0,0,1,1,1,1,1,1,0,0,0,1,1,1
PB06737,Jalandhar,Leather Products,151.13,33,10.9,50.0,19.8,1,0,0,1,1,1,1,1,1,0,0,0,1,0,0
PB06738,Patiala,Furniture/Wood,265.34,41,31.2,576.7,8.2,0,0,0,1,1,1,1,1,0,0,0,0,0,1,1
PB06739,Mohali,Paper & Pulp,136.08,14,40.7,50.0,19.6,0,0,0,1,1,1,1,0,1,0,0,0,0,0,0
PB06740,Mohali,Rice Milling,218.29,16,69.2,316.6,18.4,0,0,0,1,1,1,1,1,1,0,1,0,0,1,1
PB06741,Mohali (SAS Nagar),Furniture/Wood,1135.74,8,171.4,3545.7,2.9,0,0,0,1,1,0,1,1,1,0,0,0,0,1,1
PB06742,Moga,Food Processing,334.0,5,69.0,1253.1,9.5,1,0,0,1,1,0,1,1,1,0,1,0,1,1,1
PB06743,Hoshiarpur,Leather Products,69.71,14,2.0,572.1,21.9,1,0,0,1,1,0,1,1,1,0,0,0,0,0,1
PB06744,Moga,IT/Software Services,129.34,32,10.9,50.0,7.9,0,0,1,1,1,0,1,1,0,0,0,0,0,0,0
PB06745,Sangrur,Auto Components,538.6,26,79.9,1529.6,0.5,0,0,0,1,1,1,1,1,0,0,0,0,0,1,1
PB06746,Moga,Textile,203.38,41,52.6,952.1,19.2,0,0,0,1,1,1,1,1,1,0,0,0,0,1,1
PB06747,Hoshiarpur,Cement,359.57,7,46.9,531.6,3.0,0,0,0,1,0,0,1,1,0,0,0,0,0,1,1
PB06748,Patiala,Food Processing,291.32,15,16.1,1268.4,0.5,0,1,0,1,1,0,1,1,0,0,1,1,0,0,1
PB06749,Sangrur,Leather Products,172.82,9,46.0,50.0,18.5,1,0,0,1,1,0,1,1,1,0,0,0,0,1,0
PB06750,Patiala,Auto Components,185.89,17,24.1,1062.5,0.5,0,0,0,1,1,0,1,1,0,0,0,0,0,0,1
PB06751,Mohali,Engineering/Metal Fabrication,111.02,9,2.0,1007.9,10.0,0,0,0,1,1,0,1,1,0,0,0,0,0,0,1
PB06752,Hoshiarpur,Leather Products,737.43,43,98.0,1689.2,8.7,1,0,0,1,1,1,1,1,1,0,0,0,1,1,1
PB06753,Mohali (SAS Nagar),Electronics,817.01,25,107.4,1915.8,6.2,0,0,0,1,1,1,1,1,0,0,0,0,0,0,1
PB06754,Patiala,Agro-based,740.52,10,65.2,2944.7,6.9,0,0,0,1,1,1,1,1,0,0,0,0,0,1,1
PB06755,Jalandhar,IT/Software Services,143.85,8,22.5,375.8,0.5,0,0,1,1,1,0,1,1,0,0,0,0,1,0,1
PB06756,Rupnagar,IT/Software Services,231.32,78,33.2,1345.2,0.5,0,0,1,1,1,0,1,1,0,0,0,0,0,1,1
PB06757,Bathinda,Textile,1230.91,6,173.8,3865.2,2.0,1,0,0,1,1,0,1,1,1,0,0,0,1,1,1
PB06758,Mohali,Chemical,142.72,8,26.0,298.7,10.1,1,0,0,1,1,0,1,1,1,0,0,0,1,1,1
PB06759,Amritsar,Steel Rolling,255.74,4,52.7,1852.0,5.1,0,0,0,1,1,0,0,1,0,0,0,0,0,1,1
PB06760,Jalandhar,Textile,429.39,16,76.7,1459.3,11.6,0,0,0,1,1,1,1,1,0,0,0,0,0,1,1
PB06761,Patiala,Textile Dyeing,191.9,29,23.2,498.8,8.7,0,1,0,1,1,1,0,1,1,0,0,1,0,0,1
PB06762,Mohali,IT/Software Services,2512.63,11,348.2,6800.8,3.2,0,0,1,1,1,0,1,1,0,1,0,0,0,1,0
PB06763,Mohali (SAS Nagar),Steel Rolling,2047.13,41,311.0,6806.3,13.9,0,0,0,1,1,1,1,1,0,1,0,0,0,1,1
PB06764,Ludhiana,Paper & Pulp,1217.43,19,183.0,3998.0,24.0,0,1,0,1,1,1,1,1,1,1,0,1,0,1,1
PB06765,Bathinda,Textile,200.24,11,28.4,297.1,3.6,1,0,0,1,1,1,1,1,1,0,0,0,1,1,1
PB06766,Moga,Cement,1194.59,28,176.8,3897.4,9.7,0,0,0,1,1,1,1,1,0,1,0,0,0,1,1
PB06767,Fatehgarh Sahib,Textile,791.29,8,139.1,1622.0,0.5,0,0,0,1,1,0,1,1,1,0,0,0,0,0,1
PB06768,Rupnagar,Agro-based,372.2,6,53.6,329.4,2.6,0,0,0,1,1,0,1,1,0,0,0,0,0,1,1
PB06769,Mohali,Engineering/Metal Fabrication,494.02,37,84.9,946.8,7.7,1,0,0,1,1,1,1,1,1,1,0,0,1,1,1
PB06770,Ludhiana,Electronics,1233.46,21,167.3,4306.7,2.0,0,0,0,1,1,1,1,1,0,0,0,0,0,1,1
PB06771,Fatehgarh Sahib,Food Processing,3081.34,30,469.5,10105.9,9.7,0,0,0,1,1,1,1,1,0,1,1,0,0,1,1
PB06772,Bathinda,Textile,1179.49,38,198.6,4201.2,14.6,0,0,0,1,1,1,1,1,0,0,0,0,0,1,1
PB06773,Patiala,Furniture/Wood,268.71,4,15.7,658.2,12.0,0,0,0,1,1,0,0,1,0,1,0,0,0,0,1
PB06774,Rupnagar,Pharmaceutical,682.89,54,78.4,2354.2,3.1,1,0,0,1,1,1,1,1,1,1,0,0,1,1,1
PB06775,Patiala,Agro-based,567.18,75,79.9,1321.4,2.0,0,0,0,1,1,1,1,1,0,0,0,0,0,1,1
PB06776,Amritsar,Furniture/Wood,1077.72,19,190.9,3133.0,6.1,0,0,0,1,1,1,1,1,0,0,0,0,0,1,1
PB06777,Moga,Plastic Products,357.33,20,50.6,276.8,8.2,1,0,0,1,1,1,0,1,1,1,0,0,1,1,1
PB06778,Ludhiana,Agro-based,214.18,13,52.7,1020.1,23.8,0,0,0,1,1,1,1,1,1,0,0,0,0,1,1
PB06779,Sangrur,Furniture/Wood,97.15,17,2.0,50.0,0.8,0,0,0,1,1,0,1,1,0,0,0,0,0,0,0
PB06780,Patiala,Beverages,2766.9,18,432.4,8176.8,18.7,0,1,0,1,1,1,1,1,1,1,1,1,0,1,1
PB06781,Amritsar,Engineering/Metal Fabrication,439.98,21,87.8,1344.0,0.5,0,0,0,1,1,1,1,1,0,0,0,0,0,1,1
PB06782,Amritsar,Cement,1043.64,18,165.3,3250.6,7.8,0,0,0,1,1,1,1,1,0,1,0,0,0,1,1
PB06783,Jalandhar,Electronics,425.07,4,18.4,869.3,0.5,0,0,0,1,1,0,0,1,0,0,0,0,0,0,1
PB06784,Hoshiarpur,Electronics,532.5,14,83.3,404.5,6.6,0,0,0,1,0,1,1,1,0,0,0,0,1,1,1
PB06785,Bathinda,Furniture/Wood,878.93,14,171.9,2508.9,13.9,0,0,0,1,1,1,1,1,0,0,0,0,0,1,1
PB06786,Fatehgarh Sahib,Plastic Products,410.69,5,76.4,1566.5,3.8,1,0,0,1,1,0,1,1,1,0,0,0,1,1,1
PB06787,Jalandhar,Chemical,182.08,5,30.7,270.4,31.0,1,1,0,1,1,0,1,1,1,0,0,1,1,1,1
PB06788,Jalandhar,Plastic Products,587.12,9,106.4,1698.0,0.7,1,0,0,1,1,0,1,1,1,0,0,0,1,1,1
PB06789,Sangrur,Auto Components,2933.14,37,460.6,8401.4,18.1,0,0,0,1,1,1,1,1,1,0,0,0,0,1,1
PB06790,Sangrur,Paper & Pulp,167.11,6,2.0,387.8,17.5,0,0,0,1,1,0,1,1,1,0,0,0,0,0,1
PB06791,Amritsar,Beverages,1070.77,12,176.8,3668.8,13.0,0,1,0,1,0,0,1,1,1,0,1,1,0,1,1
PB06792,Mohali (SAS Nagar),Engineering/Metal Fabrication,657.31,29,111.9,1910.4,6.3,0,0,0,1,1,1,1,1,0,0,0,0,0,1,0
PB06793,Hoshiarpur,Electronics,421.09,17,59.6,1749.3,22.3,0,0,0,1,1,1,1,1,1,0,0,0,0,1,1
PB06794,Fatehgarh Sahib,Textile Dyeing,810.33,20,123.7,2558.0,15.1,0,1,0,1,1,1,1,1,1,0,0,1,0,1,1
PB06795,Fatehgarh Sahib,Plastic Products,439.91,6,73.4,1551.5,23.8,1,0,0,1,1,0,1,1,1,0,0,0,1,1,1
PB06796,Sangrur,Food Processing,521.23,8,67.5,959.9,0.5,0,1,0,1,1,0,1,1,0,0,1,1,0,1,1
PB06797,Moga,Electronics,71.63,8,18.0,1189.9,11.2,0,0,0,1,1,0,1,1,0,0,0,0,0,0,1
PB06798,Sangrur,Textile Dyeing,23.57,12,13.8,1069.7,33.9,0,0,0,1,1,1,0,1,1,0,0,0,0,0,1
PB06799,Fatehgarh Sahib,Agro-based,683.49,27,87.8,1384.4,0.5,0,0,0,1,0,1,1,0,0,0,0,0,0,1,1
PB06800,Mohali,Chemical,504.55,1,81.9,1487.4,14.1,1,1,0,1,1,0,0,1,1,1,0,1,1,1,1
PB06801,Sangrur,Agro-based,29.75,6,2.0,117.3,0.7,0,0,0,1,1,0,1,0,1,0,0,0,0,0,0
PB06802,Moga,Plastic Products,291.99,26,56.4,966.1,15.2,1,0,0,1,0,1,1,1,1,0,0,0,1,1,1
PB06803,Mohali,Beverages,339.27,5,50.8,1873.6,18.3,0,0,0,1,1,0,1,1,1,0,1,0,0,0,1
PB06804,Ludhiana,Food Processing,380.95,12,30.8,734.5,0.5,0,0,0,1,1,1,1,1,1,0,1,0,0,1,1
PB06805,Mohali,Furniture/Wood,137.14,15,34.4,808.1,4.3,0,0,0,1,1,1,1,1,1,0,0,0,0,1,1
PB06806,Mohali (SAS Nagar),Engineering/Metal Fabrication,548.04,65,65.7,1612.4,6.0,0,0,0,1,1,1,1,1,0,0,0,0,0,1,1
PB06807,Moga,Food Processing,213.23,23,12.6,325.9,13.8,1,1,0,1,1,1,1,1,1,0,1,1,1,0,1
PB06808,Jalandhar,Furniture/Wood,570.21,12,94.0,1579.3,0.5,0,0,0,1,1,1,1,1,0,0,0,0,0,1,1
PB06809,Rupnagar,Textile Dyeing,316.81,7,33.8,795.0,13.6,0,1,0,1,1,0,1,1,1,0,0,1,0,1,1
PB06810,Ludhiana,Leather Products,1209.13,21,184.1,3806.9,14.0,1,0,0,1,1,1,1,1,1,0,0,0,1,1,1
PB06811,Jalandhar,Agro-based,500.78,10,74.5,1779.2,0.5,0,0,0,1,1,1,1,1,0,0,0,0,0,1,1
PB06812,Hoshiarpur,Beverages,272.3,37,13.5,1005.0,32.1,0,1,0,1,1,1,1,1,1,0,1,1,0,0,1
PB06813,Jalandhar,Engineering/Metal Fabrication,16.63,18,2.0,50.0,0.5,0,0,0,1,1,0,1,1,0,0,0,0,0,0,0
PB06814,Ludhiana,Beverages,613.17,30,83.0,2226.8,15.3,0,1,0,1,1,1,1,1,1,0,1,1,0,1,1
PB06815,Mohali (SAS Nagar),Plastic Products,163.92,7,29.1,1279.8,13.8,1,0,0,1,1,0,1,1,1,0,0,0,1,1,1
PB06816,Jalandhar,Engineering/Metal Fabrication,72.6,9,2.0,386.4,10.5,0,0,0,1,1,0,1,1,0,0,0,0,0,0,1
PB06817,Ludhiana,Leather Products,408.01,19,26.5,767.0,12.7,1,0,0,1,1,1,1,1,1,0,0,0,1,1,1
PB06818,Jalandhar,Furniture/Wood,238.34,6,22.5,55.9,0.5,0,0,0,1,1,0,1,0,0,0,0,0,0,0,0
PB06819,Mohali,Textile,254.94,6,49.5,947.3,5.4,0,0,0,1,1,0,0,1,0,0,0,0,1,1,0
PB06820,Ludhiana,Steel Rolling,441.59,37,62.1,2381.7,0.5,0,0,0,1,1,1,1,1,0,0,0,0,0,1,1
PB06821,Sangrur,Furniture/Wood,980.19,41,107.4,3090.9,11.8,0,0,0,1,1,1,1,1,0,0,0,0,0,1,1
PB06822,Jalandhar,Pharmaceutical,139.86,4,2.0,601.1,28.5,1,0,0,1,1,0,0,1,1,0,0,0,1,0,1
PB06823,Mohali (SAS Nagar),Rice Milling,1494.02,11,236.1,4472.5,13.0,0,1,0,1,1,1,1,1,1,0,1,1,0,1,1
PB06824,Ludhiana,Steel Rolling,940.72,34,164.4,2721.4,0.5,0,0,0,1,1,1,1,1,0,0,0,0,0,0,1
PB06825,Rupnagar,Plastic Products,532.02,4,103.3,1617.4,6.4,1,0,0,1,1,0,0,1,1,0,0,0,1,1,1
PB06826,Fatehgarh Sahib,Leather Products,259.97,13,39.3,236.0,27.1,1,0,0,1,1,1,1,1,1,0,0,0,1,1,1
PB06827,Hoshiarpur,Textile,140.49,6,2.0,674.8,8.2,0,0,0,1,1,0,1,1,0,0,0,0,0,0,1
PB06828,Mohali (SAS Nagar),Chemical,37.43,3,33.8,121.2,18.2,1,1,0,1,1,1,0,1,0,0,0,1,0,1,0
PB06829,Mohali,IT/Software Services,399.84,16,65.2,50.0,1.7,0,0,1,1,1,0,1,1,0,0,0,0,0,1,0
PB06830,Fatehgarh Sahib,Rice Milling,67.73,18,26.6,842.2,6.2,0,0,0,1,1,1,1,1,1,0,1,0,0,1,1
PB06831,Jalandhar,Pharmaceutical,1115.83,6,187.1,3086.7,15.5,1,0,0,1,1,0,1,1,1,1,0,0,1,1,1
PB06832,Rupnagar,Pharmaceutical,756.52,6,120.6,2177.1,28.5,1,0,0,1,1,0,1,1,1,1,0,0,1,1,1
PB06833,Sangrur,Furniture/Wood,631.04,6,85.0,1470.0,0.6,0,0,0,1,1,0,1,1,0,0,0,0,0,1,1
PB06834,Rupnagar,Textile,404.33,38,68.6,1639.5,17.9,0,0,0,1,0,1,1,1,1,0,0,0,0,1,1
PB06835,Moga,Steel Rolling,293.45,73,46.1,631.3,2.0,1,0,0,1,1,1,1,1,1,0,0,0,1,1,1
PB06836,Bathinda,Auto Components,112.49,22,18.5,66.4,0.5,0,0,0,1,1,1,1,1,0,0,0,0,0,0,1
PB06837,Rupnagar,Rice Milling,207.62,40,26.3,1453.8,44.0,0,1,0,1,1,1,1,1,1,0,1,1,0,1,1
PB06838,Rupnagar,Leather Products,1828.44,13,286.1,6066.8,29.9,1,0,0,1,1,0,1,1,1,0,0,0,1,1,1
PB06839,Patiala,Beverages,1187.63,6,167.7,3201.5,15.8,0,1,0,1,1,0,1,1,1,0,1,1,0,1,1
PB06840,Patiala,Chemical,245.08,2,32.0,713.0,40.6,1,1,0,1,1,1,0,1,1,0,0,1,1,1,1
PB06841,Fatehgarh Sahib,Chemical,655.97,9,76.0,2262.1,19.6,1,0,0,1,1,0,1,1,1,1,0,0,0,1,0
PB06842,Mohali (SAS Nagar),Furniture/Wood,105.82,26,2.0,653.7,1.0,0,0,0,1,1,1,1,1,0,0,0,0,0,0,0
PB06843,Hoshiarpur,Leather Products,183.81,7,11.1,246.7,24.5,1,0,0,1,1,0,1,1,1,0,0,0,1,0,0
PB06844,Fatehgarh Sahib,Pharmaceutical,395.75,4,71.9,158.4,19.4,1,0,0,1,1,0,0,1,1,0,0,0,1,1,1
PB06845,Hoshiarpur,Textile Dyeing,323.1,73,65.4,590.9,7.7,0,1,0,1,1,1,1,1,1,0,0,1,0,1,1
PB06846,Moga,IT/Software Services,135.12,10,23.8,653.5,13.4,0,0,1,1,1,0,1,1,0,0,0,0,0,0,1
PB06847,Jalandhar,IT/Software Services,588.67,16,72.9,2061.8,12.4,0,0,1,1,1,0,1,1,0,0,0,0,0,1,1
PB06848,Mohali,Engineering/Metal Fabrication,202.38,6,38.5,115.2,1.4,0,0,0,1,1,0,1,0,0,0,0,0,0,1,0
PB06849,Ludhiana,Food Processing,2866.74,11,458.9,8954.8,0.5,0,0,0,1,1,1,1,1,0,1,1,0,0,1,1
PB06850,Mohali (SAS Nagar),Chemical,60.19,91,14.4,50.0,26.2,1,1,0,1,1,1,1,1,1,0,0,1,0,0,0
PB06851,Hoshiarpur,Textile Dyeing,1308.32,19,184.1,3947.7,19.0,0,1,0,1,1,1,1,1,1,0,0,1,0,1,1
PB06852,Hoshiarpur,Furniture/Wood,390.68,19,75.3,1058.2,2.2,0,0,0,1,1,1,1,1,0,0,0,0,0,1,1
PB06853,Hoshiarpur,Plastic Products,678.94,11,116.6,2179.5,7.0,1,0,0,1,1,1,1,1,1,0,0,0,1,1,1
PB06854,Rupnagar,Textile,379.34,8,75.7,361.2,11.5,0,0,0,1,1,0,1,1,0,1,0,0,0,1,1
PB06855,Sangrur,Leather Products,88.06,18,31.2,404.5,7.9,1,0,0,1,1,1,1,1,1,0,0,0,0,1,1
PB06856,Patiala,Agro-based,3886.73,21,605.5,12674.9,0.8,1,0,0,1,1,1,1,1,1,1,0,0,1,1,1
PB06857,Patiala,Steel Rolling,374.87,7,44.4,780.9,7.6,0,0,0,1,1,0,1,1,0,0,0,0,0,1,1
PB06858,Amritsar,IT/Software Services,570.97,50,61.9,1392.9,0.5,0,0,1,1,1,0,1,0,0,0,0,0,0,1,1
PB06859,Amritsar,Food Processing,625.75,15,59.7,1689.0,0.5,0,1,0,1,1,1,1,1,0,0,1,1,0,1,1
PB06860,Bathinda,Food Processing,988.77,16,158.0,3209.5,4.7,0,1,0,1,1,1,1,1,0,1,1,1,0,1,1
PB06861,Moga,Agro-based,679.51,10,97.8,2095.3,8.1,0,0,0,1,1,1,1,1,0,0,0,0,0,1,1
PB06862,Sangrur,Rice Milling,466.59,22,104.2,427.8,9.6,0,1,0,1,1,1,1,1,1,0,1,1,0,1,1
PB06863,Jalandhar,Pharmaceutical,345.83,15,51.7,1921.8,27.5,1,0,0,1,1,1,1,1,1,0,0,0,1,1,1
PB06864,Rupnagar,Textile Dyeing,2136.24,13,314.2,6871.5,10.6,0,0,0,1,1,1,1,1,1,1,0,0,0,1,1
PB06865,Moga,Pharmaceutical,1035.46,14,137.8,3625.3,12.9,1,0,0,1,1,1,1,1,1,1,0,0,1,1,1
PB06866,Amritsar,Textile Dyeing,262.21,21,10.1,1180.9,24.7,0,0,0,1,1,1,0,1,1,0,0,0,0,0,1
PB06867,Mohali,Chemical,1062.07,3,180.1,4170.4,8.0,1,0,0,1,1,0,0,1,1,1,0,0,1,1,1
PB06868,Amritsar,Agro-based,672.11,9,73.5,2088.5,12.1,1,0,0,1,1,0,1,1,1,0,0,0,1,1,1
PB06869,Bathinda,Electronics,479.23,4,55.9,1027.1,0.5,0,0,0,1,1,0,0,1,0,0,0,0,0,1,1
PB06870,Mohali,Chemical,605.99,34,95.2,2242.0,13.2,1,1,0,1,1,1,1,1,1,1,0,1,1,1,1
PB06871,Moga,Beverages,338.75,16,30.2,555.5,10.8,0,1,0,1,1,1,1,1,1,0,1,1,0,1,1
PB06872,Bathinda,Pharmaceutical,1016.47,21,154.0,2545.4,21.8,1,0,0,1,1,1,1,1,1,1,0,0,1,1,1
PB06873,Bathinda,Food Processing,107.97,26,29.1,874.5,1.3,0,1,0,1,1,1,1,1,0,0,1,1,0,1,1
PB06874,Amritsar,Leather Products,2644.14,5,408.3,7719.6,21.8,1,0,0,1,1,0,1,1,1,1,0,0,1,1,1
PB06875,Mohali (SAS Nagar),Leather Products,1820.54,1,269.7,5809.1,18.3,1,0,0,1,1,0,0,1,1,0,0,0,1,1,1
PB06876,Jalandhar,Food Processing,198.03,13,62.6,849.3,7.6,0,1,0,1,1,1,1,1,0,0,1,1,0,1,1
PB06877,Bathinda,Textile Dyeing,896.43,5,74.8,3580.0,18.4,0,0,0,1,1,1,1,1,1,0,0,0,0,1,1
PB06878,Bathinda,Plastic Products,3486.48,14,510.2,10673.3,0.5,1,0,0,1,0,1,1,1,1,1,0,0,1,1,1
PB06879,Amritsar,Textile,87.3,26,27.1,102.6,12.6,0,0,0,1,1,1,0,1,0,0,0,0,0,1,0
PB06880,Jalandhar,Textile Dyeing,2577.84,14,405.4,7854.7,17.1,0,0,0,1,1,1,1,1,1,1,0,0,0,1,1
PB06881,Jalandhar,Leather Products,127.27,15,2.0,1036.0,30.6,1,0,0,1,1,0,1,1,1,0,0,0,1,0,1
PB06882,Patiala,Food Processing,267.52,12,59.6,1224.7,9.1,0,0,0,1,1,1,1,1,0,0,1,0,0,1,0
PB06883,Ludhiana,Paper & Pulp,972.32,97,114.9,3431.1,32.9,0,1,0,1,1,1,1,1,1,1,0,1,0,1,1
PB06884,Bathinda,Textile Dyeing,281.45,23,45.7,2153.7,20.3,0,1,0,1,1,1,1,1,1,0,0,1,0,1,1
PB06885,Sangrur,Cement,374.64,54,39.2,922.1,12.7,0,0,0,1,1,1,1,1,0,0,0,0,0,1,1
PB06886,Mohali,Food Processing,266.05,12,42.1,363.1,0.5,1,0,0,1,1,1,1,1,1,0,1,0,1,1,1
PB06887,Ludhiana,Food Processing,296.76,79,54.6,677.0,0.5,0,0,0,1,0,1,1,1,0,0,1,0,0,1,1
PB06888,Fatehgarh Sahib,Beverages,1685.77,45,264.8,5383.4,31.3,0,1,0,1,1,1,1,1,1,0,1,1,0,1,1
PB06889,Fatehgarh Sahib,Engineering/Metal Fabrication,352.86,15,35.9,1252.7,24.5,0,0,0,1,1,1,1,1,0,0,0,0,0,1,1
PB06890,Mohali,Pharmaceutical,700.61,23,119.5,1709.6,28.6,1,0,0,1,1,1,1,1,1,1,0,0,1,1,1
PB06891,Hoshiarpur,Rice Milling,703.35,5,105.1,2107.9,22.1,0,0,0,1,1,0,1,1,1,0,1,0,0,1,1
PB06892,Fatehgarh Sahib,Chemical,82.38,87,20.6,277.4,14.4,1,0,0,1,1,1,1,1,1,0,0,0,0,0,1
PB06893,Bathinda,Electronics,664.72,111,97.1,1399.5,0.5,0,0,0,1,1,1,1,1,0,0,0,0,0,1,1
PB06894,Amritsar,Food Processing,230.94,31,41.3,50.0,5.8,0,1,0,1,1,1,0,1,0,0,1,1,0,1,0
PB06895,Ludhiana,IT/Software Services,298.91,14,77.6,687.2,0.5,0,0,1,1,1,0,1,1,0,0,0,0,0,1,1
PB06896,Amritsar,Paper & Pulp,1539.95,9,270.1,4513.0,36.2,0,0,0,1,1,0,1,1,1,1,0,0,0,1,1
PB06897,Bathinda,Agro-based,2098.71,30,295.7,6902.7,6.4,0,0,0,1,1,1,1,1,0,1,0,0,0,1,1
PB06898,Moga,Paper & Pulp,84.94,18,9.8,253.0,9.3,0,0,0,1,1,1,1,1,1,0,0,0,0,0,1
PB06899,Mohali,Steel Rolling,686.38,15,104.6,2320.7,0.5,0,0,0,1,1,1,1,1,0,0,0,0,0,1,1
PB06900,Amritsar,Food Processing,897.51,4,143.9,2159.1,0.5,1,1,0,1,1,0,0,1,1,0,1,1,1,1,1
PB06901,Mohali (SAS Nagar),Electronics,1468.92,39,207.6,4109.7,4.2,0,0,0,1,1,1,1,1,0,0,0,0,0,1,1
PB06902,Fatehgarh Sahib,Beverages,1029.54,4,179.4,2575.1,24.6,1,1,0,1,1,0,0,1,1,0,1,1,1,1,1
PB06903,Hoshiarpur,IT/Software Services,81.57,18,33.1,840.4,11.5,0,0,1,1,1,0,1,1,0,0,0,0,0,1,1
PB06904,Patiala,Engineering/Metal Fabrication,494.57,28,69.9,1970.3,6.8,1,0,0,1,1,1,1,1,1,0,0,0,0,1,1
PB06905,Sangrur,Paper & Pulp,4747.87,84,742.0,14554.0,16.6,0,1,0,1,1,1,1,1,1,1,0,1,0,1,1
PB06906,Bathinda,Textile,259.05,13,20.3,288.7,5.3,0,0,0,1,1,1,1,0,0,0,0,0,0,0,1
PB06907,Sangrur,Textile Dyeing,1196.79,25,222.0,3935.6,27.3,0,1,0,1,1,1,0,1,1,0,0,1,0,0,1
PB06908,Mohali (SAS Nagar),IT/Software Services,1676.96,5,244.5,5261.5,5.6,1,0,1,1,1,0,1,1,1,0,0,0,1,1,1
PB06909,Moga,Auto Components,283.45,11,10.8,155.0,0.5,0,0,0,1,1,1,0,0,0,0,0,0,0,0,1
PB06910,Fatehgarh Sahib,Textile Dyeing,2955.92,17,448.3,9463.4,17.6,0,0,0,1,1,1,1,1,1,1,0,0,0,1,1
PB06911,Rupnagar,Rice Milling,499.16,18,76.9,2035.6,17.0,0,0,0,1,1,1,1,1,1,1,1,0,0,1,1
PB06912,Amritsar,Textile,1523.07,142,237.4,3714.7,2.0,0,0,0,1,1,1,1,1,0,0,0,0,0,1,1
PB06913,Hoshiarpur,Pharmaceutical,39.93,20,2.0,50.0,10.5,1,0,0,1,1,0,1,1,1,0,0,0,0,0,0
PB06914,Mohali (SAS Nagar),Rice Milling,1299.62,22,195.6,4081.7,14.6,0,0,0,1,1,1,1,1,1,0,1,0,0,1,1
PB06915,Mohali,Auto Components,6000.0,11,904.0,18295.7,23.8,0,0,0,1,1,1,1,1,1,1,0,0,0,1,1
PB06916,Fatehgarh Sahib,Food Processing,186.35,14,26.6,853.3,4.7,1,1,0,1,1,1,1,1,1,1,1,1,1,1,1
PB06917,Sangrur,Paper & Pulp,425.58,60,58.7,1799.6,21.2,0,0,0,1,1,1,1,1,1,0,0,0,0,1,1
PB06918,Amritsar,Agro-based,356.87,16,49.0,1251.1,0.5,0,0,0,1,1,1,1,1,0,0,0,0,0,1,1
PB06919,Fatehgarh Sahib,Cement,526.89,20,104.0,2067.5,0.5,1,0,0,1,1,0,1,1,1,1,0,0,0,1,1
PB06920,Jalandhar,Auto Components,98.87,10,7.7,1307.4,6.2,0,0,0,1,1,1,1,1,0,0,0,0,0,0,1
PB06921,Mohali (SAS Nagar),Pharmaceutical,474.99,16,91.9,2078.1,9.5,1,0,0,1,1,1,1,1,1,0,0,0,1,1,1
PB06922,Fatehgarh Sahib,Food Processing,519.22,28,114.8,1942.0,0.5,0,1,0,1,1,1,1,1,0,0,1,1,0,1,1
PB06923,Hoshiarpur,Auto Components,163.13,52,28.6,799.2,0.5,0,0,0,1,1,1,1,0,0,0,0,0,1,1,1
PB06924,Sangrur,Beverages,826.09,33,116.7,3025.7,16.1,0,0,0,1,1,1,1,1,1,0,1,0,0,1,1
PB06925,Patiala,Plastic Products,529.33,19,66.4,1283.0,13.4,1,0,0,1,1,1,1,1,1,1,0,0,1,1,1
PB06926,Jalandhar,Textile Dyeing,1980.74,21,295.8,6101.3,10.3,0,1,0,1,1,1,1,1,1,0,0,1,0,1,1
PB06927,Fatehgarh Sahib,Textile,420.52,5,59.0,1226.4,13.4,0,0,0,1,1,0,1,1,0,0,0,0,0,1,1
PB06928,Patiala,Paper & Pulp,359.31,214,57.8,1417.9,29.1,0,1,0,1,1,1,1,1,1,1,0,1,0,1,1
PB06929,Mohali,Paper & Pulp,1943.6,12,271.6,6005.3,12.6,0,0,0,1,1,1,1,1,1,1,0,0,0,1,1
PB06930,Mohali (SAS Nagar),IT/Software Services,459.92,10,83.6,2737.5,0.5,0,0,1,1,1,0,1,1,0,0,0,0,1,1,1
PB06931,Ludhiana,Pharmaceutical,82.97,11,22.7,247.4,12.2,1,0,0,1,1,1,1,1,1,0,0,0,0,0,1
PB06932,Rupnagar,IT/Software Services,470.28,44,64.6,1928.4,0.5,0,0,1,1,1,0,1,1,0,0,0,0,0,1,1
PB06933,Amritsar,Rice Milling,165.77,90,23.3,631.4,29.1,0,1,0,1,1,1,1,1,1,0,1,1,0,1,1
PB06934,Patiala,Beverages,358.47,9,58.2,1021.1,16.7,0,1,0,1,1,0,1,1,1,0,1,1,0,1,1
PB06935,Patiala,Paper & Pulp,314.85,20,37.4,696.2,17.2,0,1,0,1,1,0,1,1,1,0,0,1,0,1,1
PB06936,Ludhiana,Leather Products,485.89,25,96.8,1925.7,25.1,1,0,0,1,1,1,1,1,1,1,0,0,1,1,1
PB06937,Sangrur,Rice Milling,67.35,16,2.0,198.1,15.8,0,1,0,1,1,0,1,1,1,0,1,1,0,1,1
PB06938,Sangrur,Textile,443.15,56,98.7,845.4,6.8,0,0,0,1,1,1,1,1,1,0,0,0,0,1,1
PB06939,Mohali (SAS Nagar),Auto Components,137.25,7,23.4,683.9,0.5,0,0,0,1,0,0,1,1,0,0,0,0,0,0,1
PB06940,Jalandhar,Rice Milling,613.72,68,137.8,1669.6,26.9,0,1,0,1,1,1,1,1,1,0,1,1,0,1,1
PB06941,Patiala,Textile Dyeing,379.19,7,54.4,2105.0,12.5,0,1,0,1,1,0,1,1,1,0,0,1,0,0,1
PB06942,Fatehgarh Sahib,Furniture/Wood,1642.81,5,252.0,4733.4,4.6,0,0,0,1,1,0,1,1,0,0,0,0,0,1,1
PB06943,Fatehgarh Sahib,Rice Milling,390.17,37,58.6,949.0,17.8,0,1,0,1,1,1,1,1,1,0,1,1,0,1,1
PB06944,Ludhiana,IT/Software Services,585.25,6,118.6,2314.4,0.5,0,0,1,1,1,0,1,1,0,0,0,0,0,1,1
PB06945,Sangrur,Food Processing,366.5,15,87.2,1168.9,8.6,0,0,0,1,1,1,1,1,0,0,1,0,0,1,1
PB06946,Fatehgarh Sahib,Leather Products,208.96,75,48.2,50.0,24.5,1,0,0,1,1,1,1,1,1,0,0,0,1,1,0
PB06947,Hoshiarpur,Leather Products,1095.07,11,150.4,3914.9,21.0,1,0,0,1,1,1,0,1,1,0,0,0,1,1,1
PB06948,Sangrur,Plastic Products,150.11,16,22.4,50.0,12.0,1,0,0,1,1,1,1,1,1,0,0,0,1,0,0
PB06949,Amritsar,Engineering/Metal Fabrication,242.77,5,28.4,1133.7,11.2,0,0,0,1,1,0,1,1,0,0,0,0,0,1,1
PB06950,Rupnagar,Pharmaceutical,881.32,31,138.0,2801.8,16.0,1,0,0,1,1,1,1,1,1,1,0,0,1,1,1
PB06951,Rupnagar,Beverages,430.58,6,102.4,952.5,30.4,0,0,0,1,1,0,1,1,1,0,1,0,0,1,1
PB06952,Ludhiana,IT/Software Services,335.48,12,70.1,544.9,14.8,0,0,1,1,1,0,1,1,1,0,0,0,0,1,1
PB06953,Ludhiana,Food Processing,238.62,14,55.5,514.6,14.4,0,1,0,1,1,1,1,1,0,0,1,1,0,1,1
PB06954,Mohali (SAS Nagar),Rice Milling,759.53,8,129.3,1407.2,17.2,0,1,0,1,1,0,0,1,1,1,1,1,0,1,1
PB06955,Mohali (SAS Nagar),Steel Rolling,537.58,18,126.3,1492.9,0.5,0,0,0,1,1,1,1,1,0,0,0,0,0,1,1
PB06956,Mohali,Auto Components,284.06,21,51.6,440.2,1.9,0,0,0,1,1,1,1,1,0,0,0,0,0,1,1
PB06957,Sangrur,Beverages,336.26,6,36.6,1228.6,7.6,0,1,0,1,1,0,1,1,1,0,1,1,0,1,1
PB06958,Bathinda,Electronics,245.17,26,30.3,488.8,0.5,0,0,0,1,1,1,1,1,0,0,0,0,0,1,1
PB06959,Ludhiana,Agro-based,340.24,2,31.7,927.8,5.1,1,0,0,1,1,0,0,1,1,0,0,0,1,1,1
PB06960,Rupnagar,Paper & Pulp,980.27,23,129.8,2862.5,15.4,0,1,0,1,1,1,1,1,1,1,0,1,0,1,1
PB06961,Mohali (SAS Nagar),Engineering/Metal Fabrication,799.51,25,121.8,2826.5,5.6,0,0,0,1,1,1,1,1,0,0,0,0,0,1,1
PB06962,Moga,Rice Milling,1002.46,4,131.4,3456.4,27.1,0,0,0,1,1,0,0,1,1,0,1,0,0,1,1
PB06963,Amritsar,Paper & Pulp,547.78,65,85.4,1277.4,16.5,0,1,0,1,1,1,1,1,1,1,0,1,0,1,1
PB06964,Ludhiana,Rice Milling,69.47,27,2.0,50.0,23.4,0,1,0,1,1,1,1,1,1,0,1,1,0,0,0
PB06965,Sangrur,Steel Rolling,154.88,9,44.1,392.4,0.5,1,0,0,1,1,0,1,1,1,0,0,0,1,1,1
PB06966,Fatehgarh Sahib,Textile,149.03,5,13.0,802.1,9.1,0,0,0,1,1,0,1,1,0,0,0,0,0,0,1
PB06967,Ludhiana,Leather Products,380.13,12,30.1,1418.9,14.9,1,0,0,1,1,1,1,1,1,0,0,0,1,1,1
PB06968,Fatehgarh Sahib,Cement,273.33,187,42.9,130.2,0.5,0,0,0,1,1,1,1,1,0,0,0,0,0,1,0
PB06969,Amritsar,Paper & Pulp,870.71,19,147.7,3282.3,21.9,0,1,0,1,1,1,1,1,1,1,0,1,0,1,1
PB06970,Sangrur,IT/Software Services,170.44,18,2.0,1334.0,0.5,0,0,1,1,1,0,1,1,0,0,0,0,0,0,1
PB06971,Mohali (SAS Nagar),Chemical,173.22,46,32.4,749.8,41.2,1,0,0,1,1,1,1,1,1,0,0,0,1,1,1
PB06972,Ludhiana,Cement,195.82,83,33.4,697.9,10.7,0,0,0,1,1,0,1,1,0,0,0,0,0,1,1
PB06973,Fatehgarh Sahib,Food Processing,423.7,9,39.5,1653.3,0.5,0,1,0,1,1,0,0,1,0,1,1,1,0,1,1
PB06974,Hoshiarpur,Agro-based,1784.42,12,269.3,5235.9,0.5,0,0,0,1,1,1,1,1,0,0,0,0,0,1,1
PB06975,Mohali (SAS Nagar),Rice Milling,633.51,14,86.3,2067.2,7.9,0,1,0,1,1,1,1,1,1,0,1,1,0,1,1
PB06976,Hoshiarpur,Plastic Products,231.77,6,42.3,1102.4,0.5,1,0,0,1,1,0,1,1,1,0,0,0,1,1,1
PB06977,Mohali (SAS Nagar),Beverages,248.8,6,35.9,1186.0,30.6,0,0,0,1,1,0,1,1,1,0,1,0,0,1,0
PB06978,Rupnagar,Paper & Pulp,446.22,19,51.5,1084.2,3.5,0,0,0,1,1,1,1,1,1,0,0,0,0,1,1
PB06979,Moga,Steel Rolling,1107.1,4,150.4,2793.8,0.5,0,0,0,1,1,0,0,1,0,0,0,0,0,1,1
PB06980,Ludhiana,Steel Rolling,41.29,10,16.2,717.9,3.5,0,0,0,1,1,1,1,0,0,0,0,0,0,0,1
PB06981,Patiala,Pharmaceutical,383.9,40,35.2,674.8,32.0,1,0,0,1,1,1,1,1,1,0,0,0,1,1,1
PB06982,Moga,Cement,224.77,16,25.5,1726.5,7.4,0,0,0,1,1,1,1,1,0,0,0,0,0,1,1
PB06983,Rupnagar,Agro-based,407.32,12,56.8,1720.1,10.3,0,0,0,1,1,1,1,1,0,0,0,0,0,1,1
PB06984,Jalandhar,Leather Products,91.71,6,19.1,120.5,12.7,1,0,0,1,1,0,1,1,1,0,0,0,0,0,0
PB06985,Moga,Pharmaceutical,333.55,38,72.2,781.1,14.5,1,0,0,1,1,1,1,1,1,0,0,0,1,1,1
PB06986,Mohali (SAS Nagar),Agro-based,1318.28,69,181.8,3656.0,15.5,0,0,0,1,1,1,1,1,1,0,0,0,0,1,1
PB06987,Jalandhar,Electronics,303.89,7,49.5,406.1,7.6,0,0,0,1,1,0,1,1,0,0,0,0,0,1,1
PB06988,Mohali,Chemical,853.34,22,147.3,3268.0,37.2,1,1,0,1,1,1,1,1,1,1,0,1,1,1,1
PB06989,Moga,Furniture/Wood,390.75,44,79.8,846.3,19.1,0,0,0,1,1,1,1,1,1,0,0,0,0,1,1
PB06990,Sangrur,Plastic Products,3248.92,18,465.8,8919.4,0.5,1,0,0,1,1,1,1,1,1,1,0,0,1,1,1
PB06991,Bathinda,Furniture/Wood,473.47,33,67.8,2967.6,12.3,0,0,0,1,1,1,1,1,0,0,0,0,0,1,1
PB06992,Fatehgarh Sahib,Electronics,216.69,16,2.0,50.0,10.8,0,0,0,1,1,0,1,1,0,0,0,0,0,0,0
PB06993,Sangrur,Rice Milling,443.76,7,76.2,1444.8,12.4,0,1,0,1,1,1,1,1,1,0,1,1,0,1,1
PB06994,Sangrur,Leather Products,948.28,5,134.2,3229.4,5.3,1,0,0,1,1,0,1,1,1,0,0,0,1,1,1
PB06995,Sangrur,Engineering/Metal Fabrication,688.68,34,104.0,2881.9,0.5,0,0,0,1,1,1,1,1,0,0,0,0,0,1,1
PB06996,Sangrur,Pharmaceutical,457.62,23,52.3,1235.5,26.7,1,0,0,1,1,1,1,1,1,0,0,0,1,1,1
PB06997,Fatehgarh Sahib,Beverages,1116.16,26,186.5,2522.2,15.5,0,1,0,1,1,1,1,1,1,0,1,1,0,1,1
PB06998,Patiala,Food Processing,232.74,33,20.2,791.6,0.7,0,1,0,1,1,1,1,1,0,0,1,1,0,0,1
PB06999,Bathinda,Textile Dyeing,714.91,46,114.6,2406.3,18.3,0,1,0,1,1,1,1,1,1,0,0,1,0,1,1
PB07000,Patiala,Electronics,27.0,4,38.6,167.1,13.1,0,0,0,1,1,0,0,0,0,0,0,0,0,1,1
PB07001,Hoshiarpur,Chemical,503.7,13,59.0,1346.1,32.9,1,0,0,1,1,1,1,1,0,1,0,0,1,1,1
PB07002,Hoshiarpur,Auto Components,58.18,9,19.4,990.3,0.5,0,0,0,1,1,0,1,1,1,0,0,0,0,0,1
PB07003,Amritsar,Chemical,40.12,23,15.3,412.2,6.1,1,1,0,1,1,1,1,1,1,0,0,1,0,0,1
PB07004,Rupnagar,Furniture/Wood,71.47,6,2.0,50.0,8.9,0,0,0,1,1,0,1,0,0,0,0,0,0,0,0
PB07005,Patiala,Engineering/Metal Fabrication,581.95,123,101.3,1417.2,6.6,0,0,0,1,1,1,1,1,0,0,0,0,0,1,1
PB07006,Amritsar,Paper & Pulp,699.59,35,124.2,1736.7,10.4,0,0,0,1,1,1,1,1,1,1,0,0,0,1,1
PB07007,Hoshiarpur,Textile,214.91,11,70.5,1028.3,3.0,0,0,0,1,1,1,1,1,0,0,0,0,0,1,1
PB07008,Amritsar,Steel Rolling,453.93,41,78.6,2088.0,4.0,0,0,0,1,1,1,1,1,0,0,0,0,0,1,0
PB07009,Moga,Paper & Pulp,127.84,28,2.0,50.0,9.9,1,1,0,1,1,1,1,1,1,0,0,1,1,0,0
PB07010,Patiala,Beverages,683.6,52,106.5,2093.2,0.6,0,1,0,1,1,1,1,1,1,0,1,1,0,1,1
PB07011,Ludhiana,Electronics,450.44,25,67.6,1015.7,0.5,0,0,0,1,1,1,1,1,0,0,0,0,0,1,1
PB07012,Rupnagar,Agro-based,72.51,17,2.0,50.0,3.0,0,0,0,1,1,0,1,1,0,0,0,0,0,0,0
PB07013,Jalandhar,Beverages,135.83,35,52.2,650.9,22.1,0,1,0,1,1,1,1,1,1,0,1,1,0,1,1
PB07014,Jalandhar,Leather Products,146.23,24,37.7,749.6,20.4,1,0,0,1,1,1,1,1,1,0,0,0,1,1,1
PB07015,Fatehgarh Sahib,Agro-based,880.67,21,128.7,2199.2,14.1,0,0,0,1,1,1,1,1,0,0,0,0,0,1,1
PB07016,Jalandhar,Textile,339.33,106,86.6,907.7,0.5,0,0,0,1,1,1,1,1,0,0,0,0,0,1,1
PB07017,Hoshiarpur,Steel Rolling,69.22,2,42.1,355.1,7.6,0,0,0,1,1,0,0,1,1,0,0,0,0,1,1
PB07018,Hoshiarpur,Food Processing,2271.46,63,331.3,6670.1,1.2,0,1,0,1,1,1,1,1,0,1,1,1,1,1,1
PB07019,Mohali,Steel Rolling,1238.62,5,209.1,4121.2,0.5,0,0,0,1,1,0,1,1,0,0,0,0,0,1,1
PB07020,Moga,Auto Components,517.28,81,92.9,1620.9,9.4,0,0,0,1,1,1,1,1,0,0,0,0,0,1,1
PB07021,Jalandhar,Textile Dyeing,315.54,8,21.3,354.1,17.7,0,0,0,1,0,0,1,1,1,0,0,0,0,0,1
PB07022,Sangrur,Chemical,1004.06,46,163.6,2514.9,29.7,1,1,0,1,1,1,1,1,1,0,0,1,1,1,1
PB07023,Jalandhar,Chemical,139.1,88,24.5,50.0,14.4,1,1,0,1,1,1,1,1,1,0,0,1,1,1,0
PB07024,Ludhiana,Engineering/Metal Fabrication,193.32,40,9.9,378.6,0.5,0,0,0,1,1,1,1,1,0,1,0,0,0,0,1
PB07025,Sangrur,Food Processing,84.32,17,19.2,922.8,1.2,0,1,0,1,1,1,1,1,0,0,1,1,0,0,1
PB07026,Hoshiarpur,Plastic Products,216.58,5,33.1,137.6,0.5,1,0,0,1,1,0,1,1,1,0,0,0,1,0,0
PB07027,Sangrur,Agro-based,2895.43,18,443.1,7864.8,0.5,0,0,0,1,1,1,1,1,0,0,0,0,0,1,1
PB07028,Fatehgarh Sahib,Textile Dyeing,866.65,101,130.1,3261.2,6.8,0,1,0,1,1,1,1,1,1,0,0,1,0,1,1
PB07029,Moga,Leather Products,637.75,13,126.1,1819.3,5.5,1,0,0,1,1,1,1,1,1,0,0,0,1,1,1
PB07030,Rupnagar,Rice Milling,223.27,31,55.0,1923.8,15.8,0,1,0,1,1,1,1,1,1,0,1,1,0,1,1
PB07031,Bathinda,Engineering/Metal Fabrication,222.38,40,36.2,333.3,4.2,0,0,0,1,1,1,1,1,0,0,0,0,0,1,1
PB07032,Mohali (SAS Nagar),Pharmaceutical,242.22,8,62.5,1075.4,14.5,1,0,0,1,1,0,1,1,1,0,0,0,1,1,1
PB07033,Moga,Auto Components,272.17,4,48.3,1902.9,0.5,0,0,0,1,1,0,0,1,0,0,0,0,0,1,1
PB07034,Patiala,Paper & Pulp,50.98,3,2.0,1266.9,21.6,1,0,0,1,1,0,0,1,1,0,0,0,0,0,1
PB07035,Bathinda,Leather Products,243.81,28,47.5,726.9,12.2,1,0,0,1,1,1,1,1,1,0,0,0,1,1,1
PB07036,Mohali,Textile Dyeing,236.44,11,30.9,131.5,16.9,0,1,0,1,1,1,1,1,1,0,0,1,1,0,0
PB07037,Rupnagar,Leather Products,210.41,6,13.1,519.8,21.7,1,0,0,1,1,0,1,1,1,0,0,0,0,0,1
PB07038,Jalandhar,Textile,2034.65,1,304.2,6175.4,2.2,0,0,0,1,1,0,0,1,0,0,0,0,0,1,1
PB07039,Ludhiana,Engineering/Metal Fabrication,465.45,21,81.0,2107.6,2.0,0,0,0,1,1,1,1,1,0,0,0,0,0,1,1
PB07040,Amritsar,Beverages,303.28,26,31.6,498.1,33.1,0,1,0,1,1,1,1,1,1,0,1,1,0,1,1
PB07041,Rupnagar,IT/Software Services,587.49,5,103.4,1851.3,18.3,0,0,1,1,1,0,1,1,1,0,0,0,0,1,1
PB07042,Fatehgarh Sahib,Auto Components,437.22,14,63.3,2272.6,3.7,1,0,0,1,1,1,1,1,1,0,0,0,1,1,1
PB07043,Amritsar,Textile,169.8,35,48.7,1120.5,0.5,0,0,0,1,1,0,1,1,1,0,0,0,0,1,1
PB07044,Mohali,Agro-based,590.13,23,88.6,2522.1,16.0,0,0,0,1,1,1,1,1,1,0,0,0,0,1,1
PB07045,Jalandhar,Food Processing,537.53,25,82.9,787.6,19.9,0,0,0,1,1,1,1,1,1,0,1,0,0,1,1
PB07046,Patiala,Chemical,363.34,23,50.2,1436.6,22.0,1,1,0,1,1,1,1,1,1,0,0,1,1,1,1
PB07047,Sangrur,Textile,769.12,22,114.9,2836.9,10.0,1,0,0,1,1,1,1,1,1,0,0,0,1,1,1
PB07048,Hoshiarpur,Plastic Products,665.48,10,100.8,2183.3,2.6,1,0,0,1,1,1,1,1,1,1,0,0,1,1,1
PB07049,Rupnagar,Rice Milling,341.13,16,32.0,743.0,7.5,0,1,0,1,1,1,1,1,1,0,1,1,0,1,1
PB07050,Mohali,Leather Products,1829.8,17,266.5,5151.8,28.0,1,0,0,1,1,1,1,1,1,0,0,0,1,1,1
PB07051,Ludhiana,Rice Milling,215.56,23,28.1,706.7,28.2,0,0,0,1,1,1,1,0,1,0,1,0,0,1,1
PB07052,Sangrur,Beverages,113.19,11,12.0,221.9,21.8,0,1,0,1,1,1,1,1,1,0,1,1,0,0,1
PB07053,Mohali (SAS Nagar),Leather Products,491.47,51,104.1,1471.9,26.7,1,0,0,1,1,1,1,1,1,0,0,0,1,1,1
PB07054,Patiala,Food Processing,1489.14,5,223.3,5204.1,0.5,0,0,0,1,1,0,0,1,0,0,1,0,0,1,1
PB07055,Fatehgarh Sahib,Leather Products,147.15,7,25.3,1028.3,8.1,1,0,0,1,1,0,1,1,0,0,0,0,1,0,1
PB07056,Fatehgarh Sahib,Food Processing,231.79,12,18.0,1747.9,4.4,0,1,0,1,1,1,1,1,0,0,1,1,0,0,1
PB07057,Hoshiarpur,Steel Rolling,500.26,59,62.8,1165.7,0.5,0,0,0,1,1,1,1,1,0,0,0,0,0,1,1
PB07058,Moga,Agro-based,222.78,46,50.3,312.0,2.6,0,0,0,1,1,1,1,1,0,0,0,0,0,1,0
PB07059,Mohali,Furniture/Wood,2062.02,12,294.4,5951.9,0.5,0,0,0,1,1,1,1,1,0,1,0,0,0,1,1
PB07060,Fatehgarh Sahib,Cement,6000.0,42,894.1,18123.4,0.5,0,0,0,1,0,1,1,1,0,1,0,0,0,1,1
PB07061,Bathinda,Electronics,713.66,84,91.7,1174.1,10.1,0,0,0,1,1,1,1,1,0,0,0,0,0,1,1
PB07062,Patiala,Pharmaceutical,100.46,5,2.0,794.7,24.1,1,0,0,1,1,0,1,1,1,0,0,0,1,0,1
PB07063,Patiala,Furniture/Wood,235.65,3,30.1,1248.1,0.8,0,0,0,1,1,0,0,1,0,0,0,0,0,1,1
PB07064,Hoshiarpur,Paper & Pulp,313.4,137,38.6,191.3,21.1,0,1,0,1,1,1,1,1,1,0,0,1,0,1,1
PB07065,Moga,Pharmaceutical,124.5,10,34.4,50.0,18.7,1,0,0,1,1,1,1,1,1,0,0,0,1,1,0
PB07066,Ludhiana,Engineering/Metal Fabrication,109.58,9,25.7,651.9,9.0,0,0,0,1,1,0,1,1,0,0,0,0,0,1,1
PB07067,Sangrur,Auto Components,2480.79,45,383.8,7337.3,2.5,0,0,0,1,1,1,1,1,0,1,0,0,0,1,1
PB07068,Bathinda,Steel Rolling,224.99,20,16.0,1233.0,8.6,0,0,0,1,1,1,1,1,0,0,0,0,0,0,1
PB07069,Sangrur,Textile,794.91,49,100.2,2796.9,11.8,0,0,0,1,1,1,1,1,0,0,0,0,0,1,1
PB07070,Ludhiana,Beverages,413.51,17,74.5,779.8,21.9,0,1,0,1,1,1,1,1,1,0,1,1,0,1,1
PB07071,Mohali,Engineering/Metal Fabrication,116.34,15,2.0,991.4,0.5,0,0,0,1,1,0,1,1,0,0,0,0,0,0,1
PB07072,Ludhiana,Plastic Products,202.65,18,41.8,1659.4,5.3,1,0,0,1,1,1,1,1,1,0,0,0,1,1,1
PB07073,Mohali,Food Processing,2697.73,25,395.5,8288.7,5.4,0,1,0,1,1,1,1,1,0,1,1,1,0,1,1
PB07074,Fatehgarh Sahib,Rice Milling,195.58,32,7.2,667.6,15.1,0,0,0,1,1,1,1,1,0,0,1,0,0,0,1
PB07075,Mohali (SAS Nagar),Rice Milling,353.18,14,33.9,132.0,13.8,0,1,0,1,1,1,1,1,0,0,1,1,0,1,0
PB07076,Bathinda,Plastic Products,1854.9,6,250.8,5532.0,10.5,1,0,0,1,1,0,1,1,1,0,0,0,1,1,1
PB07077,Ludhiana,Leather Products,2165.95,37,326.7,7335.1,26.0,1,0,0,1,1,1,1,1,1,1,0,0,1,1,1
PB07078,Rupnagar,Engineering/Metal Fabrication,203.52,9,21.5,756.1,2.1,0,0,0,1,1,0,1,1,0,0,0,0,0,0,0
PB07079,Bathinda,Steel Rolling,494.67,41,45.9,835.0,13.3,0,0,0,1,1,1,1,1,0,0,0,0,0,1,1
PB07080,Mohali,Plastic Products,593.6,40,50.6,1558.0,11.9,1,0,0,1,1,1,1,1,1,0,0,0,1,1,1
PB07081,Rupnagar,Engineering/Metal Fabrication,575.21,40,122.1,1491.2,0.5,0,0,0,1,1,1,1,1,0,0,0,0,0,1,1
PB07082,Bathinda,Pharmaceutical,837.47,18,112.0,3479.4,27.2,1,0,0,1,1,1,0,1,1,1,0,0,1,1,1
PB07083,Jalandhar,Paper & Pulp,305.52,11,31.4,816.8,13.7,0,0,0,1,1,1,1,0,1,0,0,0,0,1,1
PB07084,Patiala,Agro-based,463.91,13,99.3,1247.0,8.2,0,0,0,1,1,1,1,1,0,0,0,0,0,1,1
PB07085,Jalandhar,Food Processing,957.05,10,147.5,2756.4,14.4,0,0,0,1,1,0,1,1,1,0,1,0,0,1,1
PB07086,Jalandhar,Furniture/Wood,719.69,29,133.7,1781.7,3.8,0,0,0,1,1,1,1,1,0,0,0,0,0,1,1
PB07087,Ludhiana,Textile,842.4,9,130.8,2335.7,5.0,1,0,0,1,1,0,1,1,1,0,0,0,1,1,1
PB07088,Jalandhar,Steel Rolling,65.78,46,2.0,50.0,10.6,0,0,0,1,1,1,1,1,0,0,0,0,0,0,0
PB07089,Amritsar,Agro-based,672.92,11,109.9,2069.9,9.9,0,0,0,1,1,1,1,1,0,0,0,0,0,1,1
PB07090,Fatehgarh Sahib,Agro-based,78.27,68,4.0,125.5,7.9,0,0,0,1,1,1,1,1,0,0,0,0,0,0,0
PB07091,Amritsar,Cement,1910.87,12,312.1,5677.6,0.5,0,0,0,1,1,1,1,1,0,1,0,0,0,1,1
PB07092,Bathinda,Textile,312.08,13,44.4,199.5,12.7,0,0,0,1,1,1,1,0,0,0,0,0,0,1,1
PB07093,Hoshiarpur,Engineering/Metal Fabrication,140.65,2,7.0,50.0,6.9,0,0,0,1,1,0,0,0,0,0,0,0,0,0,0
PB07094,Fatehgarh Sahib,Cement,137.34,13,19.8,212.6,8.9,0,0,0,1,1,1,1,0,0,0,0,0,0,0,1
PB07095,Moga,Pharmaceutical,241.47,14,31.3,1034.5,15.7,1,0,0,1,1,1,1,1,1,0,0,0,1,1,1
PB07096,Bathinda,Auto Components,299.66,13,42.4,431.7,10.4,0,0,0,1,1,1,1,1,0,0,0,0,0,1,1
PB07097,Hoshiarpur,Auto Components,196.08,16,49.8,374.5,5.2,0,0,0,1,1,1,0,1,0,0,0,0,0,1,1
PB07098,Mohali,Paper & Pulp,91.3,15,14.6,650.2,19.9,0,0,0,1,1,1,1,1,1,0,0,0,0,0,1
PB07099,Amritsar,Steel Rolling,398.62,11,68.7,1148.8,12.8,0,0,0,1,1,1,1,1,0,0,0,0,0,1,1
PB07100,Rupnagar,Paper & Pulp,1063.16,6,141.6,2973.8,11.6,0,1,0,1,1,0,1,1,1,1,0,1,1,1,1
PB07101,Bathinda,Beverages,221.07,4,2.0,50.0,12.5,0,1,0,1,1,0,0,1,1,0,1,1,0,0,0
PB07102,Ludhiana,Agro-based,110.55,59,9.9,205.1,21.4,0,0,0,1,1,1,1,1,1,0,0,0,0,0,1
PB07103,Moga,Rice Milling,90.92,19,2.0,50.0,38.9,0,1,0,1,1,0,1,1,1,0,1,1,0,0,0
PB07104,Mohali (SAS Nagar),Food Processing,151.92,25,6.2,264.0,0.5,0,1,0,1,1,1,1,1,0,0,1,1,0,0,1
PB07105,Bathinda,Food Processing,2454.7,11,403.9,6897.5,8.3,0,1,0,1,1,1,1,1,0,1,1,1,0,1,1
PB07106,Ludhiana,Beverages,306.96,7,41.6,907.5,27.9,0,1,0,1,1,0,1,1,1,0,1,1,0,1,1
PB07107,Moga,Food Processing,367.51,15,39.0,1366.8,0.5,0,0,0,1,1,1,1,1,0,0,1,0,0,1,1
PB07108,Patiala,Auto Components,572.22,20,124.5,1877.0,0.5,0,0,0,1,1,1,0,1,0,0,0,0,0,1,1
PB07109,Sangrur,Leather Products,1780.42,21,232.6,4972.0,25.6,1,0,0,1,1,1,1,1,1,0,0,0,1,1,1
PB07110,Bathinda,Chemical,194.6,28,34.4,602.1,16.3,1,1,0,1,1,1,1,1,1,0,0,1,1,1,1
PB07111,Moga,Electronics,594.13,16,106.2,2876.5,5.1,0,0,0,1,1,1,1,1,0,0,0,0,0,1,1
PB07112,Hoshiarpur,IT/Software Services,489.8,11,70.0,1382.6,5.6,1,0,1,1,1,1,1,1,1,0,0,0,1,1,1
PB07113,Bathinda,Agro-based,216.69,4,69.0,768.2,9.3,0,0,0,1,0,0,0,1,0,0,0,0,0,1,1
PB07114,Mohali,Electronics,196.41,3,27.7,300.0,0.5,1,0,0,1,1,0,0,1,1,0,0,0,1,1,1
PB07115,Rupnagar,Furniture/Wood,503.35,13,82.3,2260.3,21.3,0,0,0,1,1,1,1,0,1,0,0,0,0,1,1
PB07116,Sangrur,Electronics,216.0,11,34.7,1096.0,13.9,0,0,0,1,1,1,1,1,0,0,0,0,0,1,1
PB07117,Amritsar,Chemical,106.92,10,18.9,327.7,9.9,1,1,0,1,1,1,1,1,1,0,0,1,1,0,1
PB07118,Jalandhar,Furniture/Wood,23.15,16,13.6,50.0,0.5,0,0,0,1,1,1,1,1,0,0,0,0,0,0,0
PB07119,Jalandhar,Beverages,505.7,4,68.9,751.7,18.5,0,0,0,1,1,0,0,1,1,0,1,0,0,1,1
PB07120,Hoshiarpur,Engineering/Metal Fabrication,193.91,20,18.6,833.8,2.4,0,0,0,1,1,1,1,1,0,0,0,0,0,0,1
PB07121,Fatehgarh Sahib,Leather Products,194.38,19,41.5,50.0,20.9,1,0,0,1,1,1,1,1,1,0,0,0,1,1,0
PB07122,Hoshiarpur,Engineering/Metal Fabrication,312.84,9,64.0,1427.9,8.7,0,0,0,1,1,0,1,1,0,0,0,0,0,1,1
PB07123,Mohali,Leather Products,458.36,6,53.2,1182.0,26.2,1,0,0,1,1,0,1,1,1,0,0,0,1,1,1
PB07124,Moga,Textile Dyeing,2315.41,4,382.1,6418.1,18.0,0,1,0,1,1,0,0,1,1,1,0,1,0,1,1
PB07125,Amritsar,Food Processing,924.71,8,115.6,2634.5,4.9,0,1,0,1,1,0,1,1,0,0,1,1,0,1,1
PB07126,Rupnagar,Steel Rolling,488.34,7,90.0,1015.9,14.0,0,0,0,1,1,0,1,1,0,0,0,0,0,1,1
PB07127,Bathinda,Auto Components,1167.83,21,181.2,3462.1,14.1,0,0,0,1,1,1,1,1,0,0,0,0,0,1,1
PB07128,Rupnagar,Leather Products,224.14,11,23.5,1502.7,15.3,1,0,0,1,1,1,1,1,1,0,0,0,1,0,1
PB07129,Hoshiarpur,Food Processing,1442.09,15,199.4,3808.1,8.8,0,0,0,1,1,1,1,1,0,1,1,0,0,0,1
PB07130,Amritsar,Beverages,1848.98,15,294.4,5874.2,20.2,0,1,0,1,1,1,1,1,1,0,1,1,0,1,1
PB07131,Bathinda,Steel Rolling,1348.49,7,233.7,4522.5,14.4,0,0,0,1,1,0,1,1,0,0,0,0,0,1,1
PB07132,Rupnagar,Electronics,389.78,14,49.2,1704.4,0.7,0,0,0,1,1,1,1,1,1,0,0,0,0,1,1
PB07133,Sangrur,Steel Rolling,89.19,8,21.0,376.3,0.5,0,0,0,1,1,0,0,1,0,0,0,0,0,0,1
PB07134,Amritsar,IT/Software Services,451.81,14,72.8,557.3,1.2,0,0,1,1,1,0,1,1,0,0,0,0,0,1,1
PB07135,Fatehgarh Sahib,Chemical,78.32,15,3.0,91.5,33.6,1,0,0,1,1,0,1,1,1,0,0,0,0,0,0
PB07136,Patiala,Beverages,332.69,4,39.2,276.1,15.9,0,0,0,1,1,0,0,0,1,0,1,0,0,1,1
PB07137,Patiala,IT/Software Services,80.94,111,2.0,196.2,0.5,0,0,1,1,1,0,1,1,0,0,0,0,0,0,1
PB07138,Mohali,Auto Components,606.96,12,84.9,2217.8,8.8,0,0,0,1,1,1,1,1,0,0,0,0,1,0,1
PB07139,Rupnagar,Electronics,1329.09,20,219.1,3739.5,1.9,0,0,0,1,1,1,1,1,0,1,0,0,0,1,1
PB07140,Bathinda,Rice Milling,78.42,24,36.7,269.7,21.3,0,1,0,1,1,1,1,1,1,0,1,1,0,1,1
PB07141,Moga,Paper & Pulp,565.61,10,96.1,546.4,24.4,0,1,0,1,1,1,1,1,1,1,0,1,1,1,1
PB07142,Fatehgarh Sahib,Cement,247.76,4,53.4,177.3,0.5,0,0,0,1,1,0,0,0,0,0,0,0,0,1,1
PB07143,Hoshiarpur,Rice Milling,814.53,24,122.3,2148.6,17.6,0,1,0,1,1,1,1,1,1,0,1,1,0,1,1
PB07144,Ludhiana,Auto Components,770.48,40,118.9,2699.2,1.0,0,0,0,1,1,1,1,1,0,0,0,0,0,1,1
PB07145,Ludhiana,Electronics,770.84,27,140.6,2284.7,7.5,0,0,0,1,1,1,1,1,0,0,0,0,0,1,1
PB07146,Sangrur,Agro-based,591.05,5,89.8,1841.9,14.1,0,0,0,1,1,0,1,1,0,0,0,0,0,1,1
PB07147,Sangrur,Leather Products,73.74,38,36.6,50.0,15.7,1,0,0,1,1,1,1,1,1,0,0,0,0,1,0
PB07148,Bathinda,Leather Products,238.77,29,40.7,523.1,22.7,1,0,0,1,1,1,1,1,1,0,0,0,1,1,1
PB07149,Mohali (SAS Nagar),Steel Rolling,126.51,60,16.2,554.6,12.1,0,0,0,1,1,1,1,1,0,0,0,0,0,0,1
PB07150,Ludhiana,Beverages,167.99,8,10.8,627.6,20.3,0,0,0,1,1,0,1,1,1,0,1,0,0,0,1
PB07151,Sangrur,Engineering/Metal Fabrication,274.06,4,46.2,643.9,0.5,0,0,0,1,1,0,1,1,0,0,0,0,0,0,1
PB07152,Patiala,Steel Rolling,706.58,14,105.3,2864.4,15.6,0,0,0,1,1,1,1,1,1,0,0,0,0,1,1
PB07153,Moga,Paper & Pulp,1325.67,18,190.7,4025.5,15.3,0,1,0,1,1,1,1,1,0,1,0,1,1,1,1
PB07154,Jalandhar,Beverages,1646.96,53,244.7,5041.2,38.0,0,0,0,1,1,1,1,1,1,0,1,0,0,1,1
PB07155,Bathinda,Steel Rolling,197.62,49,9.5,419.5,0.5,0,0,0,1,1,1,1,1,0,0,0,0,0,0,1
PB07156,Hoshiarpur,Rice Milling,284.45,6,35.8,936.6,21.4,0,0,0,1,1,0,0,1,1,0,1,0,0,1,1
PB07157,Sangrur,Pharmaceutical,284.67,24,36.8,1535.9,18.7,1,0,0,1,1,1,1,1,1,0,0,0,1,1,1
PB07158,Sangrur,Rice Milling,131.66,34,19.1,50.0,9.6,0,1,0,1,1,1,1,1,1,0,1,1,0,0,0
PB07159,Amritsar,Textile Dyeing,77.94,17,14.5,432.2,19.6,0,0,0,1,1,1,1,1,1,0,0,0,0,0,1
PB07160,Rupnagar,Leather Products,255.27,21,32.5,915.3,14.2,1,0,0,1,1,1,1,1,1,0,0,0,1,1,1
PB07161,Patiala,Food Processing,364.19,65,64.0,603.7,3.5,0,0,0,1,1,1,1,1,0,0,1,0,0,1,1
PB07162,Moga,Plastic Products,2314.09,3,350.9,6815.9,0.5,1,0,0,1,1,0,0,1,1,1,0,0,1,1,0
PB07163,Mohali (SAS Nagar),Electronics,465.85,11,62.4,1076.3,0.5,0,0,0,1,1,1,1,1,0,0,0,0,0,1,1
PB07164,Bathinda,Furniture/Wood,709.73,136,116.3,1658.0,3.1,0,0,0,1,1,1,1,1,0,0,0,0,0,1,1
PB07165,Fatehgarh Sahib,Engineering/Metal Fabrication,344.2,55,22.8,739.9,15.4,0,0,0,1,1,1,1,1,1,0,0,0,0,0,1
PB07166,Mohali,Textile,502.99,1,106.7,1352.7,0.5,0,0,0,1,1,0,0,1,0,0,0,0,0,1,1
PB07167,Amritsar,Auto Components,261.42,13,81.1,1462.1,10.6,0,0,0,1,1,1,1,1,0,0,0,0,0,1,1
PB07168,Mohali (SAS Nagar),Steel Rolling,364.57,14,46.7,1294.1,4.9,0,0,0,1,1,1,1,1,0,0,0,0,0,1,1
PB07169,Amritsar,Textile Dyeing,2265.6,10,373.7,7254.5,38.1,0,1,0,1,1,1,1,1,1,1,0,1,0,1,1
PB07170,Mohali,Textile Dyeing,2924.45,29,441.2,9002.4,12.2,0,1,0,1,1,1,1,1,1,1,0,1,0,1,1
PB07171,Moga,Paper & Pulp,957.41,15,141.2,2715.0,9.0,0,1,0,1,1,1,1,1,1,1,0,1,0,1,1
PB07172,Hoshiarpur,Furniture/Wood,295.56,32,76.4,50.0,0.5,0,0,0,1,1,1,1,1,0,0,0,0,0,1,0
PB07173,Rupnagar,Textile,6000.0,20,920.6,18264.3,3.9,0,0,0,1,1,1,1,1,0,1,0,0,0,1,1
PB07174,Bathinda,Engineering/Metal Fabrication,279.43,8,38.7,681.0,13.6,0,0,0,1,1,0,1,1,1,0,0,0,0,1,1
PB07175,Fatehgarh Sahib,Plastic Products,281.53,13,59.9,1008.2,0.5,1,0,0,1,1,1,1,1,1,0,0,0,1,1,1
PB07176,Jalandhar,Cement,1782.2,5,293.0,4693.4,3.2,0,0,0,1,1,0,1,1,0,1,0,0,0,1,1
PB07177,Amritsar,Plastic Products,3509.49,8,560.4,11369.8,0.5,1,0,0,1,1,0,1,1,1,1,0,0,1,1,1
PB07178,Sangrur,Plastic Products,863.09,34,139.7,2118.1,0.5,1,0,0,1,1,1,1,1,1,0,0,0,1,1,1
PB07179,Sangrur,Paper & Pulp,1360.29,34,213.8,4828.0,15.7,0,0,0,1,1,1,1,1,1,1,0,0,0,1,1
PB07180,Patiala,Engineering/Metal Fabrication,275.83,16,62.9,1014.3,3.2,0,0,0,1,1,1,1,1,0,0,0,0,0,1,1
PB07181,Ludhiana,Food Processing,238.34,13,42.8,190.0,5.1,0,0,0,1,1,1,1,0,0,0,1,0,0,1,1
PB07182,Bathinda,Textile Dyeing,215.48,44,12.8,518.3,28.4,0,1,0,1,1,1,1,1,1,0,0,1,0,0,1
PB07183,Rupnagar,Textile,294.72,10,67.5,879.7,4.9,0,0,0,1,1,1,1,1,0,0,0,0,0,1,1
PB07184,Bathinda,Plastic Products,231.41,3,2.0,50.0,2.7,1,0,0,1,1,1,0,1,1,0,0,0,1,0,0
PB07185,Amritsar,Electronics,202.58,19,8.4,1435.7,6.9,0,0,0,1,1,1,1,1,0,0,0,0,0,0,1
PB07186,Rupnagar,Paper & Pulp,59.84,12,62.5,50.0,30.2,0,1,0,1,1,1,1,1,1,0,0,1,0,1,0
PB07187,Fatehgarh Sahib,Plastic Products,298.04,4,44.9,945.8,0.5,1,0,0,1,1,0,0,1,1,0,0,0,1,1,1
PB07188,Fatehgarh Sahib,Engineering/Metal Fabrication,2850.39,24,441.8,8415.9,0.5,0,0,0,1,1,1,0,1,0,1,0,0,0,1,1
PB07189,Moga,Plastic Products,466.49,12,58.0,1597.3,0.5,1,0,0,1,1,1,1,1,1,0,0,0,1,1,1
PB07190,Patiala,IT/Software Services,280.2,10,101.3,1247.6,13.3,0,0,1,1,1,0,1,1,0,0,0,0,0,1,1
PB07191,Patiala,Auto Components,1892.26,41,282.7,4730.2,9.9,0,0,0,1,1,1,1,1,0,0,0,0,0,1,1
PB07192,Sangrur,Steel Rolling,785.73,20,130.8,2333.5,0.5,1,0,0,1,1,1,0,1,1,0,0,0,1,1,1
PB07193,Jalandhar,Cement,114.08,11,2.0,50.0,5.6,0,0,0,1,1,0,1,0,0,0,0,0,0,0,0
PB07194,Amritsar,IT/Software Services,47.93,8,13.2,457.8,3.6,0,0,1,1,1,0,1,1,0,0,0,0,0,0,1
PB07195,Mohali,Cement,135.33,15,4.9,1250.3,0.6,0,0,0,1,1,0,1,1,0,0,0,0,0,0,1
PB07196,Patiala,Steel Rolling,484.29,20,72.9,1769.5,0.5,0,0,0,1,0,1,1,1,0,0,0,0,0,1,1
PB07197,Mohali,Auto Components,141.47,14,57.5,50.0,17.8,0,0,0,1,1,1,1,0,1,0,0,0,0,1,0
PB07198,Amritsar,Agro-based,1070.33,12,141.7,2987.0,6.9,0,0,0,1,1,0,1,1,0,0,0,0,0,1,1
PB07199,Hoshiarpur,Steel Rolling,207.96,11,42.2,827.1,0.5,0,0,0,1,1,1,1,1,0,0,0,0,0,1,1
PB07200,Hoshiarpur,Pharmaceutical,938.28,3,143.3,2582.8,17.3,1,0,0,1,1,0,0,1,1,0,0,0,1,1,1
PB07201,Sangrur,Beverages,222.28,7,51.8,708.5,22.8,0,0,0,1,1,0,1,1,1,0,1,0,0,1,1
PB07202,Moga,Pharmaceutical,70.58,21,35.8,50.0,25.1,1,0,0,1,1,1,1,1,1,0,0,0,0,1,0
PB07203,Patiala,Chemical,120.22,69,49.3,657.5,28.6,1,1,0,1,1,1,1,1,1,0,0,1,1,1,1
PB07204,Bathinda,Auto Components,57.34,18,10.7,50.0,7.0,0,0,0,1,1,1,1,1,0,0,0,0,0,0,0
PB07205,Moga,Paper & Pulp,552.86,63,60.5,1616.4,37.1,0,1,0,1,1,1,1,1,1,1,0,1,0,1,1
PB07206,Sangrur,Plastic Products,159.33,121,20.4,50.0,2.2,1,0,0,1,1,1,1,1,1,0,0,0,1,0,0
PB07207,Jalandhar,Food Processing,620.24,10,61.3,2254.3,6.9,0,0,0,1,1,0,1,1,0,0,1,0,0,1,1
PB07208,Mohali (SAS Nagar),Chemical,488.12,39,109.8,1685.8,19.1,1,0,0,1,1,1,1,1,1,0,0,0,1,1,1
PB07209,Sangrur,Beverages,137.49,13,20.4,50.0,4.8,0,0,0,1,1,1,1,0,1,0,1,0,0,0,0
PB07210,Ludhiana,Furniture/Wood,109.83,5,25.4,263.5,1.4,0,0,0,1,1,0,1,1,0,0,0,0,0,1,1
PB07211,Mohali (SAS Nagar),IT/Software Services,832.59,14,104.9,2062.6,6.3,0,0,1,1,1,0,1,1,0,0,0,0,0,1,1
PB07212,Bathinda,Plastic Products,1210.01,21,166.6,4315.2,7.1,1,0,0,1,1,1,1,1,1,0,0,0,1,1,1
PB07213,Sangrur,Steel Rolling,500.88,36,75.0,2164.0,0.5,0,0,0,1,1,1,1,1,0,0,0,0,0,1,1
PB07214,Ludhiana,Plastic Products,791.55,49,134.9,1614.7,12.2,1,0,0,1,1,1,1,1,1,0,0,0,1,1,1
PB07215,Amritsar,Furniture/Wood,1081.89,57,169.4,3541.2,0.5,0,0,0,1,1,0,1,1,0,0,0,0,0,1,1
PB07216,Jalandhar,Auto Components,496.92,3,85.2,1198.1,18.3,0,0,0,1,1,0,0,1,1,0,0,0,1,1,1
PB07217,Mohali,Rice Milling,804.38,10,95.0,3277.2,15.8,0,1,0,1,1,1,1,1,1,0,1,1,0,1,1
PB07218,Mohali,IT/Software Services,1305.59,7,164.6,5252.7,1.9,0,0,1,1,1,0,0,1,0,0,0,0,0,1,1
PB07219,Moga,Leather Products,182.82,13,18.0,1439.9,5.1,1,0,0,1,1,1,1,1,1,0,0,0,1,0,1
PB07220,Hoshiarpur,Paper & Pulp,587.72,3,81.8,1750.8,10.0,0,1,0,1,1,0,0,1,1,1,0,1,0,1,1
PB07221,Jalandhar,Furniture/Wood,61.92,91,16.8,245.4,0.5,0,0,0,1,1,1,1,1,0,0,0,0,0,0,1
PB07222,Rupnagar,Plastic Products,6000.0,12,892.1,17476.9,0.5,1,0,0,1,1,1,1,1,1,1,0,0,1,1,1
PB07223,Fatehgarh Sahib,Cement,609.52,1,56.8,1712.2,9.2,0,0,0,1,1,0,0,1,0,1,0,0,0,1,1
PB07224,Jalandhar,Chemical,354.03,19,55.1,1397.6,32.5,1,1,0,1,0,1,1,1,1,0,0,1,1,1,1
PB07225,Mohali,Food Processing,775.69,6,130.3,1994.2,10.2,0,0,0,1,1,0,1,1,0,0,1,0,0,1,1
PB07226,Rupnagar,Steel Rolling,3384.42,15,576.9,9773.1,11.1,0,0,0,1,1,1,1,1,0,1,0,0,0,1,1
PB07227,Fatehgarh Sahib,Engineering/Metal Fabrication,249.36,15,8.2,756.7,5.1,0,0,0,1,1,1,1,1,0,0,0,0,0,0,1
PB07228,Moga,Textile,145.43,13,29.1,548.1,13.8,0,0,0,1,1,1,1,1,0,0,0,0,0,1,1
PB07229,Mohali,Auto Components,29.92,3,2.0,50.0,1.2,0,0,0,1,1,0,0,0,0,0,0,0,0,0,0
PB07230,Rupnagar,Textile,367.56,9,60.4,1646.1,0.5,0,0,0,1,1,0,1,0,0,0,0,0,0,0,1
PB07231,Sangrur,Chemical,190.3,8,24.2,965.2,16.6,1,1,0,1,1,0,1,1,1,0,0,1,0,0,1
PB07232,Ludhiana,Furniture/Wood,1369.9,18,206.5,4433.4,0.5,0,0,0,1,0,1,1,1,0,0,0,0,0,1,1
PB07233,Jalandhar,Textile Dyeing,171.54,51,58.8,50.0,7.8,0,1,0,1,1,1,1,1,1,0,0,1,0,1,0
PB07234,Mohali,Steel Rolling,397.27,12,82.0,802.9,0.5,0,0,0,1,1,1,1,1,0,0,0,0,0,1,1
PB07235,Bathinda,Steel Rolling,568.59,52,86.2,658.9,0.5,0,0,0,1,1,1,0,1,0,0,0,0,0,1,1
PB07236,Rupnagar,Textile Dyeing,291.3,21,47.7,971.6,29.4,0,1,0,1,1,1,1,1,1,0,0,1,0,0,1
PB07237,Sangrur,Steel Rolling,121.74,32,2.0,50.0,0.5,0,0,0,1,1,1,1,1,0,0,0,0,0,0,0
PB07238,Hoshiarpur,Textile Dyeing,54.13,6,12.2,591.3,29.7,0,1,0,1,1,0,1,1,1,0,0,1,0,0,1
PB07239,Sangrur,Paper & Pulp,880.14,3,143.8,2665.1,20.9,0,0,0,1,1,0,0,1,1,1,0,0,0,1,1
PB07240,Fatehgarh Sahib,Paper & Pulp,34.18,29,2.0,50.0,22.4,0,1,0,1,1,1,1,1,1,0,0,1,0,0,0
PB07241,Mohali,Plastic Products,5671.0,7,822.8,17326.2,0.5,1,0,0,1,1,0,1,1,1,1,0,0,1,1,1
PB07242,Patiala,Paper & Pulp,297.32,39,18.4,455.6,10.9,1,1,0,1,1,1,1,1,1,0,0,1,1,0,1
PB07243,Patiala,Rice Milling,1570.81,7,204.0,5172.0,26.7,0,1,0,1,1,0,1,1,1,0,1,1,0,1,1
PB07244,Mohali,Electronics,508.42,2,47.6,1253.0,2.6,0,0,0,1,1,0,0,1,0,0,0,0,0,1,1
PB07245,Moga,Agro-based,1117.83,15,182.5,3873.9,0.5,0,0,0,1,1,1,1,1,0,0,0,0,0,1,1
PB07246,Mohali,Pharmaceutical,256.15,9,55.7,529.5,11.5,1,0,0,1,1,0,1,1,1,0,0,0,1,1,1
PB07247,Mohali (SAS Nagar),Textile Dyeing,510.52,4,127.4,1245.3,18.1,0,0,0,1,1,0,0,1,1,0,0,0,0,1,1
PB07248,Amritsar,Electronics,281.8,1,50.2,745.8,2.7,0,0,0,1,1,0,0,1,0,0,0,0,0,1,1
PB07249,Ludhiana,Beverages,363.36,4,48.4,800.9,16.5,0,1,0,1,1,0,0,0,1,0,1,1,0,1,1
PB07250,Mohali (SAS Nagar),Rice Milling,3666.02,38,545.3,11391.0,20.3,0,1,0,1,1,1,1,1,1,1,1,1,0,1,1
PB07251,Hoshiarpur,Pharmaceutical,118.05,31,6.0,370.5,20.9,1,0,0,1,1,1,1,1,1,0,0,0,1,0,1
PB07252,Patiala,Plastic Products,319.45,270,25.1,604.7,17.9,1,0,0,1,1,1,1,1,1,0,0,0,1,1,1
PB07253,Mohali,Engineering/Metal Fabrication,675.06,18,127.4,2676.3,8.5,0,0,0,1,1,1,1,1,0,0,0,0,0,1,1
PB07254,Ludhiana,Steel Rolling,490.06,12,112.6,745.7,6.6,0,0,0,1,1,0,1,1,0,0,0,0,0,1,1
PB07255,Amritsar,Paper & Pulp,1580.92,58,256.7,3963.5,27.7,0,1,0,1,1,1,1,1,1,1,0,1,0,1,1
PB07256,Sangrur,Chemical,82.41,18,7.4,955.2,18.6,1,0,0,1,1,1,1,1,1,0,0,0,0,0,1
PB07257,Patiala,Leather Products,108.88,15,2.0,50.0,11.7,1,0,0,1,1,0,1,1,1,0,0,0,1,0,0
PB07258,Patiala,Beverages,600.51,66,74.7,887.8,19.5,0,0,0,1,1,1,1,1,1,0,1,0,0,1,1
PB07259,Sangrur,Electronics,774.76,31,119.2,3085.5,0.5,0,0,0,1,1,1,1,1,0,0,0,0,0,1,1
PB07260,Mohali,Furniture/Wood,672.16,11,119.4,1730.0,0.5,0,0,0,1,1,1,1,1,0,1,0,0,0,1,1
PB07261,Ludhiana,Textile,429.94,79,41.1,1404.0,5.6,0,0,0,1,1,1,1,1,0,0,0,0,0,1,1
PB07262,Hoshiarpur,Leather Products,206.73,23,102.0,512.9,27.9,1,0,0,1,1,1,1,0,1,0,0,0,1,1,1
PB07263,Hoshiarpur,Paper & Pulp,1132.22,4,195.2,3410.7,27.6,0,0,0,1,1,0,0,1,1,1,0,0,0,1,1
PB07264,Jalandhar,Rice Milling,332.9,53,36.8,438.0,2.1,0,1,0,1,1,1,1,0,0,0,1,1,0,1,1
PB07265,Mohali (SAS Nagar),Leather Products,165.89,11,7.8,592.6,24.2,1,0,0,1,1,1,1,1,1,0,0,0,1,0,1
PB07266,Hoshiarpur,Electronics,379.11,10,66.4,1591.2,20.6,0,0,0,1,1,1,1,1,1,0,0,0,0,1,1
PB07267,Fatehgarh Sahib,Beverages,4080.17,155,624.8,12335.3,16.5,0,0,0,1,1,1,1,1,1,1,1,0,0,1,1
PB07268,Mohali,Paper & Pulp,359.08,1,47.2,815.2,22.6,1,0,0,1,1,0,0,1,1,0,0,0,1,1,1
PB07269,Sangrur,Steel Rolling,325.97,37,42.8,1274.4,0.5,0,0,0,1,1,1,1,1,0,0,0,0,0,1,1
PB07270,Amritsar,Plastic Products,134.31,3,6.5,264.3,5.2,1,0,0,1,1,0,0,1,1,0,0,0,1,0,0
PB07271,Fatehgarh Sahib,Electronics,361.83,32,42.1,1318.8,0.5,0,0,0,1,1,1,1,1,0,0,0,0,0,1,1
PB07272,Moga,Textile,989.67,22,122.7,2834.9,0.5,0,0,0,1,1,1,1,1,1,0,0,0,0,1,0
PB07273,Amritsar,Pharmaceutical,410.15,19,46.1,1229.3,13.7,1,0,0,1,1,1,1,1,0,0,0,0,1,1,1
PB07274,Rupnagar,Chemical,40.33,9,11.8,872.1,22.2,1,0,0,1,1,0,1,1,1,0,0,0,0,0,1
PB07275,Rupnagar,Paper & Pulp,464.09,14,56.6,1341.0,26.9,0,1,0,1,1,1,1,1,1,0,0,1,0,1,1
PB07276,Mohali (SAS Nagar),Paper & Pulp,474.15,21,63.4,1373.6,19.2,0,1,0,1,1,1,1,1,1,0,0,1,0,1,1
PB07277,Amritsar,Beverages,236.84,44,5.9,50.0,7.2,0,0,0,1,1,1,1,1,1,0,1,0,0,0,0
PB07278,Fatehgarh Sahib,Agro-based,100.75,14,2.5,204.6,0.5,0,0,0,1,1,0,1,0,0,0,0,0,0,0,1
PB07279,Hoshiarpur,IT/Software Services,388.7,13,43.7,1223.3,3.7,0,0,1,1,1,0,1,0,0,0,0,0,0,1,1
PB07280,Mohali,Chemical,4946.21,83,729.4,15598.3,18.6,1,1,0,1,1,1,1,1,1,1,0,1,1,1,1
PB07281,Fatehgarh Sahib,IT/Software Services,552.18,33,79.6,2361.3,6.9,0,0,1,1,1,0,1,1,0,0,0,0,0,1,1
PB07282,Mohali,Auto Components,141.2,17,8.1,887.7,1.3,0,0,0,1,1,1,1,1,0,0,0,0,0,0,1
PB07283,Mohali (SAS Nagar),Food Processing,222.59,3,2.0,1085.7,13.6,0,1,0,1,1,0,0,1,0,0,1,1,0,0,1
PB07284,Hoshiarpur,Furniture/Wood,636.04,135,114.0,2668.7,2.2,0,0,0,1,1,1,1,1,0,1,0,0,0,1,1
PB07285,Jalandhar,Textile Dyeing,643.79,21,81.9,1829.9,24.7,0,1,0,1,1,1,1,1,1,0,0,1,0,1,1
PB07286,Bathinda,Electronics,828.83,7,118.2,2686.7,12.8,0,0,0,1,1,0,1,1,0,0,0,0,1,1,1
PB07287,Jalandhar,Furniture/Wood,170.57,8,25.2,1059.0,7.8,0,0,0,1,1,0,1,1,0,0,0,0,0,1,1
PB07288,Hoshiarpur,Electronics,909.83,8,166.4,1747.1,26.2,0,0,0,1,1,0,1,0,1,0,0,0,0,1,1
PB07289,Patiala,Rice Milling,1123.45,13,175.6,3388.9,13.7,0,1,0,1,1,1,1,1,1,0,1,1,0,0,1
PB07290,Jalandhar,Engineering/Metal Fabrication,481.33,2,57.5,915.4,4.8,0,0,0,1,1,0,0,1,0,0,0,0,0,1,1
PB07291,Patiala,Food Processing,325.9,8,75.1,1471.2,9.7,0,1,0,1,1,0,1,1,0,0,1,1,0,1,1
PB07292,Mohali,Chemical,258.66,56,35.8,186.4,18.8,1,1,0,1,1,1,1,1,1,0,0,1,1,1,1
PB07293,Bathinda,Steel Rolling,337.82,5,40.7,1223.7,2.6,0,0,0,1,1,0,0,1,0,0,0,0,0,1,1
PB07294,Patiala,Engineering/Metal Fabrication,89.42,19,47.9,138.2,8.3,0,0,0,1,1,1,0,1,0,0,0,0,0,1,0
PB07295,Ludhiana,Beverages,451.43,19,86.1,1429.6,25.0,0,1,0,1,1,1,1,1,1,0,1,1,0,1,1
PB07296,Moga,Electronics,1940.95,18,291.9,5549.8,3.0,0,0,0,1,1,1,1,1,0,0,0,0,0,1,1
PB07297,Rupnagar,Textile Dyeing,180.4,9,17.0,50.0,13.2,0,1,0,1,1,0,1,1,1,0,0,1,0,0,0
PB07298,Hoshiarpur,Pharmaceutical,393.35,17,78.0,582.5,25.0,1,0,0,1,1,1,1,1,1,0,0,0,1,1,1
PB07299,Amritsar,Electronics,128.41,17,28.2,50.0,15.3,0,0,0,1,1,1,1,1,0,0,0,0,0,1,0
PB07300,Moga,Agro-based,382.96,2,24.1,434.6,6.2,0,0,0,1,1,0,0,1,0,0,0,0,0,0,1
PB07301,Fatehgarh Sahib,Furniture/Wood,219.49,23,19.8,50.0,0.5,0,0,0,1,1,1,1,1,0,0,0,0,0,0,0
PB07302,Bathinda,Engineering/Metal Fabrication,81.37,56,2.3,847.5,0.5,0,0,0,1,1,1,1,1,0,0,0,0,0,0,1
PB07303,Jalandhar,Engineering/Metal Fabrication,394.34,20,56.3,2124.0,0.5,0,0,0,1,1,1,1,1,0,0,0,0,0,1,1
PB07304,Bathinda,Plastic Products,108.52,20,9.4,50.0,0.5,1,0,0,1,1,1,1,1,1,0,0,0,1,0,0
PB07305,Rupnagar,Electronics,152.04,6,50.1,332.8,3.4,0,0,0,1,1,0,1,1,0,0,0,0,0,1,1
PB07306,Sangrur,Engineering/Metal Fabrication,244.55,7,32.8,1456.4,0.5,0,0,0,1,1,0,1,1,0,0,0,0,0,1,1
PB07307,Sangrur,Food Processing,52.86,4,13.7,545.3,6.5,0,1,0,1,1,0,0,1,0,0,1,1,0,0,1
PB07308,Rupnagar,Paper & Pulp,54.63,11,4.7,105.9,15.4,0,1,0,1,1,0,1,1,1,0,0,1,0,0,0
PB07309,Bathinda,Chemical,247.24,35,57.4,50.0,15.6,1,1,0,1,1,1,1,1,1,0,0,1,1,1,0
PB07310,Patiala,Engineering/Metal Fabrication,672.02,4,103.6,3022.7,6.5,0,0,0,1,1,0,0,1,0,0,0,0,0,1,0
PB07311,Fatehgarh Sahib,Steel Rolling,4432.45,32,655.6,13611.3,22.8,0,0,0,1,0,1,1,0,1,1,0,0,0,1,1
PB07312,Bathinda,Textile,985.46,9,135.3,2795.0,21.1,0,0,0,1,1,0,1,1,1,0,0,0,0,1,1
PB07313,Rupnagar,IT/Software Services,173.91,18,3.3,50.0,16.2,0,0,1,1,1,0,1,1,1,0,0,0,0,0,0
PB07314,Fatehgarh Sahib,Cement,342.99,4,77.7,1307.7,13.8,0,0,0,1,1,0,0,0,0,0,0,0,0,1,1
PB07315,Patiala,Electronics,309.85,12,58.3,1327.1,5.6,0,0,0,1,1,1,1,1,0,0,0,0,0,1,1
PB07316,Mohali,Pharmaceutical,1691.49,23,250.9,6025.1,34.8,1,0,0,1,1,1,1,1,1,1,0,0,1,1,1
PB07317,Moga,Chemical,152.91,3,36.1,794.5,18.1,1,1,0,1,1,0,0,1,1,0,0,1,1,1,1
PB07318,Amritsar,Chemical,887.38,30,164.3,2716.5,16.2,1,0,0,1,1,0,1,1,1,1,0,0,1,1,1
PB07319,Fatehgarh Sahib,Electronics,1790.36,50,257.1,5396.5,0.8,0,0,0,1,1,1,1,1,0,0,0,0,0,1,1
PB07320,Hoshiarpur,Beverages,407.53,10,62.6,477.8,27.6,0,1,0,1,1,1,1,1,1,0,1,1,0,1,1
PB07321,Hoshiarpur,Food Processing,767.14,11,114.5,2976.8,9.9,0,0,0,1,1,1,1,1,0,0,1,0,0,1,1
PB07322,Fatehgarh Sahib,Steel Rolling,647.77,85,124.0,913.5,7.8,0,0,0,1,1,1,1,1,0,0,0,0,0,1,1
PB07323,Sangrur,Food Processing,218.02,13,30.4,780.6,22.4,0,0,0,1,1,1,1,1,1,0,1,0,0,1,1
PB07324,Bathinda,Paper & Pulp,1657.18,5,245.1,5024.4,14.4,0,1,0,1,1,0,1,1,1,1,0,1,1,1,1
PB07325,Mohali (SAS Nagar),Auto Components,1858.79,153,251.5,5292.9,0.5,0,0,0,1,1,1,1,1,0,0,0,0,0,1,1
PB07326,Ludhiana,Leather Products,1838.42,106,289.2,6548.5,13.2,1,0,0,1,1,1,1,0,0,0,0,0,1,1,1
PB07327,Moga,Chemical,1662.81,128,262.9,4114.8,23.6,1,1,0,1,1,1,1,1,1,1,0,1,1,1,1
PB07328,Bathinda,Rice Milling,345.48,13,74.2,938.4,5.2,0,1,0,1,1,1,1,1,1,0,1,1,0,1,1
PB07329,Fatehgarh Sahib,Beverages,3200.94,11,489.3,9358.8,16.2,0,1,0,1,1,1,1,0,1,1,1,1,0,1,1
PB07330,Fatehgarh Sahib,IT/Software Services,1844.79,105,279.9,4752.5,3.1,0,0,1,1,1,0,1,1,0,0,0,0,0,1,1
PB07331,Bathinda,Textile,380.76,20,85.8,1318.8,5.5,0,0,0,1,1,1,1,1,0,0,0,0,0,1,1
PB07332,Jalandhar,Chemical,387.62,21,63.4,790.9,24.4,1,1,0,1,1,1,1,1,1,0,0,1,1,1,1
PB07333,Fatehgarh Sahib,Chemical,352.66,6,44.7,50.0,23.9,1,0,0,1,1,0,1,1,1,0,0,0,1,1,0
PB07334,Jalandhar,Electronics,58.06,12,7.1,741.2,13.1,0,0,0,1,1,1,1,1,0,0,0,0,0,0,1
PB07335,Hoshiarpur,Steel Rolling,494.23,10,86.3,987.9,8.9,0,0,0,1,1,1,1,1,0,0,0,0,0,1,1
PB07336,Patiala,Furniture/Wood,154.83,3,48.4,286.2,6.7,0,0,0,1,1,0,0,0,0,0,0,0,0,1,1
PB07337,Hoshiarpur,Agro-based,149.07,8,5.0,1134.5,1.5,0,0,0,1,1,0,1,1,0,0,0,0,0,0,1
PB07338,Bathinda,Paper & Pulp,235.83,23,58.0,962.9,23.3,0,1,0,1,1,1,1,1,1,0,0,1,0,1,1
PB07339,Bathinda,Beverages,563.0,4,45.8,2177.4,17.0,1,0,0,1,1,0,0,1,1,0,1,0,1,1,1
PB07340,Rupnagar,Textile,1625.01,4,210.4,4464.4,12.6,0,0,0,1,1,0,0,1,0,0,0,0,0,1,1
PB07341,Moga,Engineering/Metal Fabrication,332.87,14,85.0,832.5,7.6,0,0,0,1,1,1,1,1,0,0,0,0,0,1,1
PB07342,Sangrur,Pharmaceutical,2422.41,18,353.3,7392.9,0.5,1,0,0,1,1,1,1,1,1,1,0,0,1,1,1
PB07343,Moga,Chemical,2093.38,54,350.3,6233.3,15.0,1,1,0,1,1,1,1,1,1,1,0,1,1,1,1
PB07344,Rupnagar,Beverages,71.42,70,2.6,50.0,39.7,0,0,0,1,1,1,1,1,1,0,1,0,0,0,0
PB07345,Fatehgarh Sahib,Electronics,2723.92,18,432.7,8002.5,4.3,0,0,0,1,1,1,1,1,0,1,0,0,0,1,1
PB07346,Mohali,Engineering/Metal Fabrication,368.12,5,55.4,1347.5,25.5,0,0,0,1,1,0,0,1,1,0,0,0,0,1,1
PB07347,Moga,Furniture/Wood,1460.58,86,222.2,4784.7,2.9,0,0,0,1,1,1,1,1,0,0,0,0,0,1,1
PB07348,Bathinda,Furniture/Wood,312.47,14,31.4,475.8,16.4,0,0,0,1,1,1,1,1,1,0,0,0,0,1,1
PB07349,Patiala,Paper & Pulp,190.11,8,45.7,296.6,25.3,0,1,0,1,1,0,1,1,1,0,0,1,0,1,1
PB07350,Bathinda,Electronics,119.63,6,22.0,261.6,0.5,0,0,0,1,1,0,1,0,0,0,0,0,0,0,1
PB07351,Ludhiana,Leather Products,506.82,21,57.1,963.6,34.0,1,0,0,1,1,0,1,1,1,0,0,0,1,1,1
PB07352,Sangrur,Cement,2199.31,31,373.4,7055.0,25.1,0,0,0,1,1,0,1,1,1,1,0,0,0,1,1
PB07353,Bathinda,IT/Software Services,242.46,21,14.5,324.4,0.5,0,0,1,1,1,0,1,1,0,0,0,0,0,1,1
PB07354,Jalandhar,Cement,203.12,15,24.6,761.2,5.4,0,0,0,1,1,1,1,1,0,0,0,0,0,0,1
PB07355,Fatehgarh Sahib,Paper & Pulp,329.5,100,80.6,1888.3,11.8,0,0,0,1,1,1,1,1,1,0,0,0,0,1,1
PB07356,Amritsar,Textile,119.53,23,3.7,658.6,9.8,0,0,0,1,1,1,1,1,0,0,0,0,0,0,1
PB07357,Amritsar,Electronics,1014.03,12,124.4,2732.6,0.5,0,0,0,1,1,1,1,0,0,0,0,0,0,1,1
PB07358,Rupnagar,Cement,215.77,13,7.6,1589.9,8.6,0,0,0,1,1,1,1,1,0,0,0,0,0,0,1
PB07359,Rupnagar,Engineering/Metal Fabrication,766.53,66,111.2,1968.9,0.5,0,0,0,1,1,1,1,1,0,0,0,0,0,1,1
PB07360,Fatehgarh Sahib,IT/Software Services,677.8,7,140.8,1711.4,5.0,0,0,1,1,1,0,1,1,0,0,0,0,0,1,1
PB07361,Mohali (SAS Nagar),Plastic Products,952.22,4,131.0,3099.0,0.5,1,0,0,1,1,0,0,1,0,0,0,0,0,1,1
PB07362,Mohali,Electronics,304.8,63,63.0,1058.3,5.7,0,0,0,1,1,1,1,1,0,0,0,0,0,1,1
PB07363,Rupnagar,Cement,116.02,15,20.6,50.0,12.9,0,0,0,1,1,1,1,0,0,0,0,0,0,0,0
PB07364,Bathinda,Chemical,136.69,23,70.8,50.0,16.7,1,0,0,1,1,1,1,1,1,0,0,0,1,1,0
PB07365,Amritsar,IT/Software Services,1772.23,5,298.6,5285.4,4.2,0,0,1,1,1,0,1,1,0,0,0,0,0,1,1
PB07366,Moga,Auto Components,329.85,8,67.9,378.9,18.0,0,0,0,1,1,1,1,1,1,0,0,0,0,1,1
PB07367,Rupnagar,Engineering/Metal Fabrication,163.99,8,27.0,609.8,8.8,0,0,0,1,1,0,1,1,0,0,0,0,0,1,1
PB07368,Amritsar,Paper & Pulp,60.88,16,12.8,685.4,17.0,0,0,0,1,1,1,1,1,1,0,0,0,0,0,1
PB07369,Mohali,Furniture/Wood,238.94,19,21.5,872.3,0.5,0,0,0,1,1,1,1,1,0,0,0,0,0,0,1
PB07370,Amritsar,Beverages,1579.75,10,276.6,5222.2,20.1,0,1,0,1,1,1,1,1,1,0,1,1,0,1,1
PB07371,Hoshiarpur,Food Processing,209.99,20,38.1,703.1,23.6,0,1,0,1,1,1,1,1,1,0,1,1,0,1,1
PB07372,Ludhiana,Textile,3402.86,2,475.7,9987.1,6.6,0,0,0,1,1,0,0,1,0,1,0,0,0,1,1
PB07373,Hoshiarpur,Leather Products,189.74,13,2.0,1508.8,24.0,1,0,0,1,1,0,1,1,1,0,0,0,1,0,1
PB07374,Fatehgarh Sahib,Electronics,897.67,7,127.4,3015.2,2.4,0,0,0,1,1,0,1,1,0,0,0,0,0,1,1
PB07375,Rupnagar,Beverages,199.77,15,22.9,1185.4,33.8,0,1,0,1,0,1,1,1,1,0,1,1,0,0,1
PB07376,Amritsar,Electronics,170.35,42,8.0,50.0,0.5,0,0,0,1,1,1,1,1,0,0,0,0,0,0,0
PB07377,Rupnagar,Beverages,245.87,6,18.8,465.8,18.1,0,0,0,1,1,0,1,1,1,0,1,0,0,1,1
PB07378,Sangrur,Beverages,424.09,45,55.0,1096.6,26.0,0,1,0,1,1,1,1,1,1,0,1,1,0,1,1
PB07379,Amritsar,Agro-based,790.82,16,172.4,1767.4,10.2,0,0,0,1,1,1,1,1,0,0,0,0,0,1,1
PB07380,Moga,Paper & Pulp,720.32,6,86.7,1444.8,31.2,0,1,0,1,1,0,1,1,1,1,0,1,0,1,1
PB07381,Rupnagar,Rice Milling,1250.44,55,150.7,3983.5,20.8,0,0,0,1,1,1,1,1,1,0,1,0,1,1,1
PB07382,Mohali,Plastic Products,446.39,25,107.6,1419.5,0.5,1,0,0,1,1,1,1,1,1,0,0,0,1,1,1
PB07383,Mohali (SAS Nagar),IT/Software Services,650.48,18,95.7,1282.6,4.5,0,0,1,1,1,0,1,1,0,0,0,0,0,1,1
PB07384,Patiala,Steel Rolling,549.16,11,80.7,1503.2,9.1,0,0,0,1,1,1,0,1,0,0,0,0,0,1,0
PB07385,Amritsar,Pharmaceutical,651.99,9,121.9,2830.2,25.4,1,0,0,1,1,0,1,1,1,1,0,0,1,1,1
PB07386,Hoshiarpur,Electronics,141.25,12,52.3,175.6,1.7,0,0,0,1,1,1,1,0,0,0,0,0,0,1,1
PB07387,Fatehgarh Sahib,Auto Components,556.37,72,124.4,1937.8,1.0,0,0,0,1,1,1,1,1,0,0,0,0,0,1,1
PB07388,Mohali (SAS Nagar),Food Processing,894.3,6,138.7,3092.1,11.7,0,1,0,1,1,0,1,1,0,0,1,1,0,1,1
PB07389,Moga,Engineering/Metal Fabrication,386.79,11,74.7,1091.9,2.2,0,0,0,1,1,1,1,1,0,0,0,0,0,1,1
PB07390,Patiala,Beverages,60.16,14,11.9,726.4,10.0,0,0,0,1,1,1,1,1,1,0,1,0,0,0,1
PB07391,Ludhiana,Steel Rolling,446.45,5,39.6,2025.5,2.0,0,0,0,1,1,1,1,1,0,0,0,0,0,1,1
PB07392,Sangrur,Auto Components,565.92,7,72.1,2161.1,10.6,0,0,0,1,1,0,1,0,0,0,0,0,0,1,1
PB07393,Mohali (SAS Nagar),Food Processing,78.41,21,31.4,520.2,0.5,0,1,0,1,1,1,1,1,0,0,1,1,0,1,1
PB07394,Patiala,Leather Products,970.19,12,128.4,3755.5,5.2,1,0,0,1,1,1,1,1,1,0,0,0,0,1,1
PB07395,Mohali,Plastic Products,215.29,26,28.4,50.0,6.0,1,0,0,1,1,1,1,1,1,0,0,0,1,1,0
PB07396,Fatehgarh Sahib,Cement,375.03,41,86.6,408.6,12.5,0,0,0,1,1,1,1,1,0,0,0,0,0,1,1
PB07397,Mohali (SAS Nagar),Textile,1097.32,4,151.7,4053.7,9.4,0,0,0,1,1,0,0,1,0,0,0,0,0,1,1
PB07398,Mohali,Leather Products,660.29,30,100.4,1273.6,19.2,1,0,0,1,1,1,1,1,0,0,0,0,1,1,1
PB07399,Fatehgarh Sahib,Furniture/Wood,2740.61,19,387.1,8600.1,0.5,0,0,0,1,1,1,1,1,0,1,0,0,0,1,1
PB07400,Mohali,Chemical,486.07,19,60.1,526.0,30.2,1,1,0,1,1,1,1,1,1,0,0,1,1,1,1
PB07401,Sangrur,Chemical,2080.73,6,342.8,5549.3,9.7,1,0,0,1,1,0,1,1,1,1,0,0,1,1,1
PB07402,Hoshiarpur,Furniture/Wood,504.04,14,101.2,1766.9,6.5,0,0,0,1,1,1,1,1,0,0,0,0,0,1,1
PB07403,Fatehgarh Sahib,Plastic Products,181.37,25,3.9,812.1,13.5,1,0,0,1,1,1,1,1,1,0,0,0,1,0,1
PB07404,Amritsar,Pharmaceutical,665.41,42,125.8,2218.3,26.3,1,0,0,1,1,1,1,1,1,1,0,0,1,1,1
PB07405,Bathinda,Electronics,814.92,17,102.2,2675.4,0.5,0,0,0,1,1,1,1,1,0,0,0,0,0,1,1
PB07406,Jalandhar,Auto Components,1259.31,8,169.5,3618.2,9.8,0,0,0,1,1,0,1,1,0,0,0,0,0,1,1
PB07407,Ludhiana,Rice Milling,235.74,16,52.6,600.9,4.9,0,0,0,1,1,1,1,1,1,0,1,0,0,1,1
PB07408,Mohali (SAS Nagar),Paper & Pulp,1576.81,9,200.4,4910.0,25.4,0,1,0,1,1,0,1,1,1,1,0,1,0,1,1
PB07409,Mohali,Pharmaceutical,61.04,23,2.0,50.0,30.5,1,0,0,1,1,1,1,1,1,0,0,0,0,0,0
PB07410,Patiala,Auto Components,30.71,4,16.9,737.0,9.7,0,0,0,1,0,0,0,1,0,0,0,0,0,0,1
PB07411,Amritsar,Engineering/Metal Fabrication,471.65,17,75.9,1684.4,4.3,0,0,0,1,1,1,1,1,0,1,0,0,0,1,1
PB07412,Patiala,Agro-based,316.76,17,51.7,50.0,25.5,0,0,0,1,1,1,0,1,1,0,0,0,0,1,0
PB07413,Rupnagar,Auto Components,412.34,3,106.3,1274.3,0.5,0,0,0,1,1,0,0,1,0,0,0,0,0,1,1
PB07414,Fatehgarh Sahib,Rice Milling,400.43,7,75.9,1534.9,21.5,0,0,0,1,1,0,1,1,1,0,1,0,0,1,1
PB07415,Sangrur,IT/Software Services,581.8,26,85.9,2141.0,0.5,1,0,1,1,1,0,1,1,1,0,0,0,1,1,1
PB07416,Hoshiarpur,Rice Milling,455.49,26,76.7,1520.7,24.4,0,1,0,1,1,1,1,1,1,0,1,1,0,1,1
PB07417,Fatehgarh Sahib,Plastic Products,335.26,64,38.2,444.1,0.5,1,0,0,1,1,1,1,0,1,0,0,0,1,1,1
PB07418,Hoshiarpur,Electronics,220.2,44,19.1,996.0,0.5,0,0,0,1,1,1,1,1,0,0,0,0,0,0,1
PB07419,Bathinda,Textile,59.36,3,50.2,576.5,1.6,0,0,0,1,1,0,0,1,0,0,0,0,1,1,1
PB07420,Rupnagar,Steel Rolling,72.0,79,11.4,50.0,1.8,0,0,0,1,1,1,1,1,0,0,0,0,0,0,0
PB07421,Hoshiarpur,IT/Software Services,202.19,10,30.2,1234.6,4.1,0,0,1,1,1,0,1,0,0,0,0,0,0,0,1
PB07422,Patiala,Beverages,110.85,26,40.2,616.9,16.7,0,1,0,1,1,1,1,1,1,0,1,1,0,1,1
PB07423,Sangrur,Textile,121.77,32,50.0,50.0,19.7,0,0,0,1,1,1,1,1,1,0,0,0,0,1,0
PB07424,Sangrur,Textile Dyeing,337.19,33,55.5,1589.7,28.7,0,1,0,1,1,1,1,1,1,0,0,1,0,1,1
PB07425,Moga,Textile,331.06,5,50.9,1586.4,0.5,0,0,0,1,1,0,1,1,0,0,0,0,0,0,0
PB07426,Amritsar,Electronics,825.37,11,147.9,2357.0,6.6,0,0,0,1,1,0,1,1,0,0,0,0,0,1,1
PB07427,Amritsar,Rice Milling,1386.62,33,198.3,4720.3,18.7,1,1,0,1,1,1,1,1,1,0,1,1,0,1,1
PB07428,Rupnagar,Textile Dyeing,149.62,174,27.8,76.8,26.0,0,1,0,1,1,1,1,1,1,0,0,1,0,1,0
PB07429,Bathinda,Furniture/Wood,237.17,5,27.9,859.9,0.5,0,0,0,1,1,0,1,1,0,0,0,0,0,1,1
PB07430,Bathinda,Steel Rolling,90.38,11,39.4,50.0,17.0,0,0,0,1,1,1,1,0,1,0,0,0,0,1,0
PB07431,Patiala,Auto Components,245.37,28,58.9,867.1,10.3,0,0,0,1,1,1,1,1,0,0,0,0,0,1,1
PB07432,Patiala,Pharmaceutical,318.03,37,39.7,1490.9,22.3,1,0,0,1,1,1,1,1,1,0,0,0,1,1,1
PB07433,Moga,Plastic Products,771.36,43,120.6,1852.8,14.4,1,0,0,1,1,1,1,0,1,0,0,0,1,1,1
PB07434,Rupnagar,Cement,651.04,13,97.9,2430.0,4.5,0,0,0,1,1,1,1,1,0,1,0,0,0,1,1
PB07435,Bathinda,Furniture/Wood,286.33,17,27.3,772.8,15.3,0,0,0,1,1,1,1,1,1,0,0,0,0,1,1
PB07436,Sangrur,Beverages,563.75,21,88.6,1706.6,28.5,0,1,0,1,1,1,1,1,1,0,1,1,0,1,1
PB07437,Ludhiana,Engineering/Metal Fabrication,79.86,8,52.4,50.0,0.5,0,0,0,1,1,0,1,0,0,0,0,0,0,1,0
PB07438,Mohali (SAS Nagar),Rice Milling,2741.35,2,434.7,7893.1,17.5,0,1,0,1,1,0,0,1,1,1,1,1,0,1,1
PB07439,Mohali,Food Processing,1319.68,21,184.1,4016.8,1.5,0,0,0,1,1,1,1,1,0,0,1,0,0,1,1
PB07440,Patiala,Steel Rolling,233.0,8,2.0,214.7,0.5,0,0,0,1,1,0,1,0,0,0,0,0,0,0,1
PB07441,Amritsar,Auto Components,402.75,12,22.2,973.8,1.7,0,0,0,1,1,1,1,1,0,0,0,0,1,0,1
PB07442,Hoshiarpur,Cement,100.78,12,7.4,976.6,0.5,0,0,0,1,1,1,1,1,0,0,0,0,0,0,1
PB07443,Moga,Auto Components,758.12,3,127.1,2549.3,0.5,0,0,0,1,1,0,0,1,0,0,0,0,0,1,1
PB07444,Bathinda,Rice Milling,50.98,85,2.0,147.4,13.2,0,0,0,1,1,1,1,1,1,0,1,0,0,0,0
PB07445,Hoshiarpur,Pharmaceutical,163.47,4,29.7,439.4,9.7,1,0,0,1,1,0,0,1,1,0,0,0,1,1,1
PB07446,Sangrur,Plastic Products,263.75,2,50.8,588.6,2.1,1,0,0,1,1,0,0,1,1,0,0,0,1,1,1
PB07447,Mohali,Pharmaceutical,273.08,11,84.1,50.0,9.1,1,0,0,1,1,1,1,1,1,0,0,0,1,1,0
PB07448,Hoshiarpur,Cement,169.05,5,22.4,243.0,0.5,0,0,0,1,1,0,1,0,0,0,0,0,0,0,1
PB07449,Bathinda,Agro-based,1954.86,12,313.6,5626.4,0.5,0,0,0,1,1,1,1,1,0,0,0,0,0,1,1
PB07450,Bathinda,Plastic Products,2233.55,25,328.6,6722.3,7.7,1,0,0,1,1,1,1,1,1,1,0,0,1,1,1
PB07451,Ludhiana,Leather Products,88.1,36,29.0,50.0,13.8,1,0,0,1,1,1,1,1,0,0,0,0,0,1,0
PB07452,Moga,Cement,175.33,12,19.7,872.2,9.7,0,0,0,1,1,1,1,1,0,0,0,0,0,0,1
PB07453,Hoshiarpur,Plastic Products,436.09,8,75.2,898.2,0.5,1,0,0,1,0,0,1,1,1,0,0,0,1,1,1
PB07454,Amritsar,Textile Dyeing,175.56,31,44.6,50.0,31.3,0,0,0,1,1,1,1,1,1,0,0,0,0,1,0
PB07455,Sangrur,Cement,68.86,27,19.9,888.4,6.1,0,0,0,1,1,1,1,1,1,0,0,0,0,0,1
PB07456,Amritsar,Cement,3322.1,51,512.2,10111.8,0.5,0,0,0,1,1,1,1,1,0,1,0,0,0,1,1
PB07457,Fatehgarh Sahib,Beverages,477.07,10,76.4,1696.4,15.4,0,1,0,1,1,1,1,1,1,0,1,1,0,1,1
PB07458,Patiala,Electronics,211.06,23,30.2,943.9,0.5,0,0,0,1,1,1,1,1,0,0,0,0,0,1,1
PB07459,Rupnagar,Furniture/Wood,30.57,9,3.1,767.1,3.3,0,0,0,1,1,0,1,1,0,0,0,0,0,0,1
PB07460,Patiala,Food Processing,627.71,15,87.9,2521.3,8.5,0,1,0,1,1,1,1,1,0,0,1,1,0,1,1
PB07461,Fatehgarh Sahib,Engineering/Metal Fabrication,91.45,31,14.6,50.0,0.5,0,0,0,1,1,1,1,1,0,0,0,0,0,0,0
PB07462,Fatehgarh Sahib,Beverages,382.36,6,84.7,328.6,11.3,0,1,0,1,1,0,1,1,1,0,1,1,0,1,1
PB07463,Ludhiana,Beverages,610.61,10,96.1,2358.3,17.8,0,1,0,1,1,1,0,1,1,0,1,1,0,1,1
PB07464,Rupnagar,Food Processing,736.18,3,91.0,1676.5,0.5,0,1,0,1,1,0,0,1,0,0,1,1,0,1,1
PB07465,Rupnagar,Steel Rolling,44.43,16,2.0,90.4,0.5,0,0,0,1,1,0,1,1,0,0,0,0,0,0,0
PB07466,Fatehgarh Sahib,Rice Milling,63.68,53,2.7,550.3,29.3,0,1,0,1,1,1,1,1,1,0,1,1,0,0,1
PB07467,Rupnagar,Beverages,4376.98,22,648.7,14083.3,9.7,0,1,0,1,1,1,1,1,1,1,1,1,0,1,1
PB07468,Mohali (SAS Nagar),Auto Components,1761.21,24,295.7,5555.2,8.8,0,0,0,1,1,0,1,1,0,0,0,0,0,1,1
PB07469,Mohali,Agro-based,355.14,6,37.2,1163.8,18.4,0,0,0,1,1,0,1,1,1,0,0,0,0,1,1
PB07470,Moga,Cement,477.01,15,67.9,1319.3,1.2,0,0,0,1,1,1,1,1,0,0,0,0,0,1,1
PB07471,Rupnagar,Agro-based,388.37,6,87.1,663.5,17.0,0,0,0,1,1,0,1,1,1,0,0,0,0,1,1
PB07472,Mohali (SAS Nagar),Auto Components,784.4,13,127.7,3323.0,4.6,0,0,0,1,1,1,1,1,0,0,0,0,0,1,1
PB07473,Fatehgarh Sahib,Textile Dyeing,824.2,28,152.9,1738.0,11.2,0,1,0,1,1,1,1,1,1,0,0,1,0,1,1
PB07474,Jalandhar,Cement,3600.99,17,517.6,10527.5,1.5,0,0,0,1,1,1,1,1,0,1,0,0,0,1,1
PB07475,Moga,Agro-based,240.23,17,59.1,734.6,0.5,0,0,0,1,1,1,0,1,0,0,0,0,0,1,1
PB07476,Patiala,Food Processing,676.09,11,106.5,2461.2,12.2,0,1,0,1,1,1,1,1,0,0,1,1,0,1,1
PB07477,Bathinda,Engineering/Metal Fabrication,53.32,5,2.0,65.4,13.0,0,0,0,1,1,0,1,0,0,0,0,0,0,0,0
PB07478,Mohali,Auto Components,493.32,28,68.1,1063.1,7.9,0,0,0,1,1,1,1,1,1,0,0,0,0,1,1
PB07479,Mohali (SAS Nagar),Chemical,355.82,18,41.0,624.0,26.2,1,1,0,1,1,1,1,1,1,0,0,1,1,1,1
PB07480,Patiala,Electronics,187.32,12,32.7,884.9,16.6,0,0,0,1,1,1,1,1,1,0,0,0,0,1,1
PB07481,Rupnagar,IT/Software Services,443.19,36,91.0,2050.2,6.0,0,0,1,1,1,0,1,1,0,0,0,0,0,1,1
PB07482,Amritsar,Textile,221.94,18,28.3,555.3,14.7,0,0,0,1,1,1,1,1,0,0,0,0,0,1,1
PB07483,Bathinda,Textile,259.37,8,35.7,1636.0,5.3,0,0,0,1,1,0,1,1,0,0,0,0,0,1,1
PB07484,Mohali (SAS Nagar),Chemical,2104.46,7,274.5,5922.2,20.8,1,1,0,1,1,0,1,1,1,1,0,1,1,1,1
PB07485,Rupnagar,Steel Rolling,240.39,5,51.3,845.3,11.4,0,0,0,1,1,0,1,1,0,0,0,0,0,1,1
PB07486,Patiala,Agro-based,154.51,23,25.5,938.1,0.5,0,0,0,1,1,1,1,1,0,0,0,0,0,1,1
PB07487,Jalandhar,IT/Software Services,141.21,3,31.8,50.5,6.8,0,0,1,1,1,0,0,0,0,0,0,0,0,1,0
PB07488,Hoshiarpur,Steel Rolling,324.52,11,24.6,444.5,6.7,0,0,0,1,1,1,1,1,0,0,0,0,0,0,1
PB07489,Patiala,Electronics,76.14,29,12.9,50.0,0.5,1,0,0,1,1,1,1,1,1,0,0,0,0,0,0
PB07490,Amritsar,Cement,727.86,3,96.0,2662.3,15.9,0,0,0,1,1,0,0,1,1,1,0,0,0,1,1
PB07491,Mohali,Agro-based,216.63,13,16.8,1714.2,0.5,0,0,0,1,1,1,1,1,0,0,0,0,0,0,1
PB07492,Ludhiana,Chemical,1684.46,14,258.4,5884.3,26.3,1,0,0,1,1,1,1,1,1,1,0,0,1,1,1
PB07493,Bathinda,Furniture/Wood,253.77,25,30.1,427.8,0.9,0,0,0,1,1,1,1,1,0,0,0,0,0,1,1
PB07494,Rupnagar,Pharmaceutical,727.13,8,73.2,1966.4,19.7,1,0,0,1,1,0,1,1,1,1,0,0,1,1,1
PB07495,Mohali,Paper & Pulp,430.4,16,36.4,1376.7,25.1,0,1,0,1,1,1,1,1,1,0,0,1,0,1,1
PB07496,Rupnagar,Pharmaceutical,2069.77,8,332.7,5916.8,17.5,1,0,0,1,0,0,1,1,1,1,0,0,1,1,1
PB07497,Rupnagar,Cement,560.06,18,101.1,1994.1,1.4,0,0,0,1,1,1,1,1,0,1,0,0,0,1,1
PB07498,Sangrur,Furniture/Wood,1762.72,46,284.0,5210.2,9.9,0,0,0,1,1,1,1,1,0,0,0,0,0,1,1
PB07499,Mohali,Cement,208.27,10,47.5,1209.8,0.5,0,0,0,1,1,1,1,1,0,0,0,0,0,1,1
PB07500,Amritsar,Steel Rolling,231.46,3,18.9,283.2,2.4,0,0,0,1,1,0,0,0,0,0,0,0,0,0,1
PB07501,Moga,Electronics,123.3,17,2.0,293.2,0.5,0,0,0,1,1,0,1,1,0,0,0,0,0,0,1
PB07502,Mohali,Rice Milling,636.06,16,94.0,1471.1,23.0,0,1,0,1,1,1,0,1,1,0,1,1,0,1,1
PB07503,Jalandhar,IT/Software Services,291.39,9,56.8,324.7,0.5,0,0,1,1,1,0,1,1,0,0,0,0,0,1,1
PB07504,Rupnagar,Rice Milling,211.02,50,33.4,604.2,16.8,0,1,0,1,1,1,1,1,1,0,1,1,0,1,1
PB07505,Mohali,Textile Dyeing,172.59,18,45.7,816.2,15.5,0,1,0,1,1,1,1,1,1,0,0,1,0,1,1
PB07506,Ludhiana,Steel Rolling,583.46,10,70.2,2049.9,9.1,0,0,0,1,1,1,1,1,0,0,0,0,0,1,1
PB07507,Fatehgarh Sahib,Rice Milling,839.31,19,112.0,1224.7,22.7,0,1,0,1,1,1,1,1,1,0,1,1,0,1,1
PB07508,Patiala,Beverages,1139.01,17,207.0,3152.4,23.9,0,1,0,1,1,1,1,1,1,0,1,1,0,1,1
PB07509,Sangrur,Textile Dyeing,95.75,10,21.3,298.5,24.4,0,1,0,1,1,1,1,1,1,0,0,1,0,0,1
PB07510,Jalandhar,IT/Software Services,306.41,43,39.7,710.0,0.5,0,0,1,1,1,0,1,1,0,0,0,0,0,1,1
PB07511,Mohali (SAS Nagar),Agro-based,1166.58,36,170.8,3602.8,0.5,0,0,0,1,0,1,1,1,0,0,0,0,0,1,1
PB07512,Mohali,Agro-based,1249.73,26,147.7,4406.2,2.9,0,0,0,1,1,1,1,1,0,0,0,0,1,1,1
PB07513,Jalandhar,Food Processing,238.52,13,83.3,237.4,0.5,0,1,0,1,1,1,1,1,0,0,1,1,0,1,1
PB07514,Ludhiana,Engineering/Metal Fabrication,587.48,21,103.5,1327.1,8.4,0,0,0,1,1,1,1,1,0,0,0,0,0,1,1
PB07515,Mohali (SAS Nagar),Leather Products,78.97,17,21.1,787.7,29.0,1,0,0,1,0,1,1,1,1,0,0,0,0,0,1
PB07516,Mohali (SAS Nagar),Engineering/Metal Fabrication,905.41,18,140.1,3061.6,12.2,0,0,0,1,1,1,1,1,0,0,0,0,0,1,1
PB07517,Ludhiana,Pharmaceutical,60.18,10,2.0,50.0,4.0,1,0,0,1,1,0,1,1,1,0,0,0,0,0,0
PB07518,Bathinda,Pharmaceutical,835.42,15,101.3,2739.0,28.6,1,0,0,1,1,1,1,1,1,1,0,0,1,1,1
PB07519,Mohali,Furniture/Wood,33.73,22,2.0,50.0,15.5,0,0,0,1,1,1,1,1,1,0,0,0,0,0,1
PB07520,Mohali (SAS Nagar),Rice Milling,475.18,9,83.3,1288.4,29.4,0,1,0,1,0,1,1,1,1,0,1,1,0,1,0
PB07521,Bathinda,Beverages,191.13,15,50.2,50.0,16.9,0,0,0,1,1,1,1,1,1,0,1,0,0,1,0
PB07522,Sangrur,Steel Rolling,1695.54,4,256.4,5378.8,7.4,0,0,0,1,1,0,0,1,0,0,0,0,0,1,1
PB07523,Jalandhar,Steel Rolling,71.71,39,47.3,500.6,9.9,0,0,0,1,1,1,1,1,0,0,0,0,0,1,1
PB07524,Moga,Pharmaceutical,1539.89,7,228.1,4898.6,21.8,1,0,0,1,1,0,1,1,1,1,0,0,1,1,1
PB07525,Sangrur,Cement,964.42,14,152.0,2970.4,0.5,0,0,0,1,1,1,1,1,0,1,0,0,0,1,1
PB07526,Fatehgarh Sahib,Furniture/Wood,6000.0,16,883.4,17872.0,0.5,0,0,0,1,1,1,1,1,0,1,0,0,0,1,1
PB07527,Mohali (SAS Nagar),Pharmaceutical,475.46,3,116.2,848.4,9.1,1,0,0,1,1,0,0,1,1,0,0,0,1,1,1
PB07528,Sangrur,Auto Components,826.31,3,144.2,2389.3,8.1,0,0,0,1,1,0,0,1,0,0,0,0,0,1,1
PB07529,Sangrur,Beverages,741.8,9,123.9,2016.3,14.5,0,0,0,1,1,0,1,1,1,0,1,0,0,1,1
PB07530,Fatehgarh Sahib,Food Processing,384.38,9,75.5,1149.5,11.8,0,0,0,1,1,0,1,0,0,0,1,0,0,1,1
PB07531,Fatehgarh Sahib,Cement,274.42,20,25.6,360.0,9.6,0,0,0,1,1,1,1,1,0,0,0,0,0,1,1
PB07532,Moga,Textile Dyeing,793.96,32,148.3,2733.4,7.2,0,1,0,1,1,1,1,1,1,0,0,1,1,1,1
PB07533,Sangrur,Engineering/Metal Fabrication,661.7,5,124.1,2056.8,4.2,0,0,0,1,1,0,1,1,0,0,0,0,0,1,1
PB07534,Amritsar,Beverages,72.27,7,2.0,389.9,24.7,0,1,0,1,1,0,1,1,1,0,1,1,0,0,1
PB07535,Ludhiana,Textile,676.41,7,94.7,1437.9,0.5,0,0,0,1,1,0,1,1,0,0,0,0,0,1,1
PB07536,Rupnagar,Textile Dyeing,115.6,8,19.7,1161.6,28.8,0,1,0,1,1,0,1,1,1,0,0,1,0,0,1
PB07537,Patiala,Textile,95.24,18,2.0,517.3,20.8,0,0,0,1,1,0,1,1,1,0,0,0,0,0,1
PB07538,Bathinda,Engineering/Metal Fabrication,683.14,30,101.7,2161.0,10.3,0,0,0,1,1,1,1,1,0,0,0,0,0,1,1
PB07539,Mohali,Textile,37.78,5,9.0,63.4,17.4,0,0,0,1,1,0,1,0,1,0,0,0,0,0,0
PB07540,Amritsar,Chemical,863.15,15,161.6,2487.6,22.4,1,0,0,1,1,1,1,1,1,1,0,0,1,1,1
PB07541,Mohali,Auto Components,1894.13,20,306.8,5897.0,6.7,0,0,0,1,1,1,1,1,0,0,0,0,0,1,1
PB07542,Ludhiana,Textile Dyeing,755.91,7,113.8,2265.4,25.6,0,0,0,1,1,0,1,1,1,0,0,0,0,1,1
PB07543,Hoshiarpur,Food Processing,111.2,21,27.9,337.6,0.5,0,0,0,1,1,1,1,1,0,0,1,0,0,1,1
PB07544,Amritsar,Food Processing,1957.83,4,310.2,6367.2,25.2,0,1,0,1,1,0,0,1,1,0,1,1,0,1,1
PB07545,Amritsar,Engineering/Metal Fabrication,134.71,13,46.2,470.4,5.9,0,0,0,1,1,1,1,1,0,0,0,0,0,1,1
PB07546,Sangrur,Agro-based,587.84,14,96.2,2051.8,0.5,0,0,0,1,1,1,1,1,0,0,0,0,0,1,1
PB07547,Mohali,Agro-based,4092.99,31,608.3,12550.5,0.5,0,0,0,1,0,1,1,1,0,1,0,0,0,1,1
PB07548,Jalandhar,Agro-based,196.23,3,31.3,309.0,9.0,0,0,0,1,1,0,0,1,0,0,0,0,0,1,1
PB07549,Moga,Chemical,261.28,143,51.2,1358.6,29.2,1,1,0,1,1,1,1,1,1,0,0,1,1,1,1
PB07550,Sangrur,Steel Rolling,402.58,12,78.4,1712.2,1.8,0,0,0,1,1,1,1,1,0,1,0,0,0,1,1
PB07551,Rupnagar,Textile,2411.37,23,333.3,7322.4,9.5,0,0,0,1,1,1,1,1,0,1,0,0,0,1,1
PB07552,Bathinda,Steel Rolling,116.93,46,12.1,1148.3,17.7,0,0,0,1,1,1,1,1,1,0,0,0,0,0,1
PB07553,Hoshiarpur,Textile Dyeing,2469.85,38,375.7,7408.8,24.3,0,0,0,1,1,1,1,1,1,0,0,0,1,1,1
PB07554,Moga,Pharmaceutical,65.8,9,2.0,562.2,23.4,1,0,0,1,1,0,1,1,1,0,0,0,0,0,1
PB07555,Mohali,Engineering/Metal Fabrication,330.2,25,69.3,1252.8,12.9,0,0,0,1,1,1,1,1,0,0,0,0,0,1,0
PB07556,Bathinda,IT/Software Services,1121.5,25,167.1,2887.8,3.0,0,0,1,1,1,0,1,1,0,0,0,0,0,1,1
PB07557,Mohali,Chemical,427.05,8,81.4,1797.4,16.6,1,1,0,1,1,0,1,1,1,0,0,1,0,1,1
PB07558,Patiala,Paper & Pulp,806.47,34,83.3,1724.6,25.0,0,1,0,1,1,1,1,1,1,1,0,1,0,1,1
PB07559,Patiala,Textile,1082.97,17,166.4,3292.0,18.5,0,0,0,1,1,1,1,1,1,0,0,0,0,1,1
PB07560,Amritsar,Steel Rolling,82.11,3,2.0,868.2,9.4,0,0,0,1,1,0,0,1,0,0,0,0,0,0,1
PB07561,Bathinda,Textile Dyeing,1126.96,13,188.9,3493.3,3.4,0,1,0,1,1,1,1,1,1,0,0,1,0,1,1
PB07562,Fatehgarh Sahib,Engineering/Metal Fabrication,243.72,210,59.4,932.6,4.0,0,0,0,1,1,1,1,1,0,0,0,0,0,1,1
PB07563,Rupnagar,Beverages,225.9,16,50.0,457.2,25.5,0,1,0,1,1,1,1,1,1,0,1,1,0,1,1
PB07564,Mohali (SAS Nagar),Rice Milling,377.54,11,8.4,971.3,29.5,0,1,0,1,1,1,1,1,1,0,1,1,1,0,1
PB07565,Amritsar,Steel Rolling,197.47,35,21.1,50.0,0.5,0,0,0,1,1,1,1,1,0,0,0,0,0,0,0
PB07566,Rupnagar,Auto Components,258.43,69,49.4,1256.8,12.5,0,0,0,1,1,1,1,1,0,0,0,0,0,1,1
PB07567,Fatehgarh Sahib,Auto Components,205.79,5,34.8,112.6,0.5,0,0,0,1,1,0,1,0,0,0,0,0,0,1,0
PB07568,Sangrur,Leather Products,328.44,3,78.0,910.7,19.4,1,0,0,1,1,0,0,1,1,0,0,0,1,1,1
PB07569,Hoshiarpur,Furniture/Wood,636.98,40,53.5,1522.1,3.0,0,0,0,1,1,1,1,1,0,0,0,0,1,1,1
PB07570,Hoshiarpur,Food Processing,428.19,9,47.2,1465.8,5.7,0,0,0,1,1,0,1,1,0,0,1,0,0,1,1
PB07571,Fatehgarh Sahib,Pharmaceutical,2203.7,51,324.4,6958.0,13.5,1,0,0,1,1,1,1,1,1,1,0,0,1,1,1
PB07572,Ludhiana,Steel Rolling,713.06,7,130.3,1811.5,0.5,0,0,0,1,1,0,1,1,0,0,0,0,0,1,1
PB07573,Amritsar,Textile,186.33,27,26.6,1338.7,0.5,0,0,0,1,1,1,1,1,0,0,0,0,0,1,1
PB07574,Rupnagar,IT/Software Services,151.93,45,9.1,665.5,0.5,0,0,1,1,1,0,1,1,1,0,0,0,0,0,1
PB07575,Amritsar,Textile,1096.26,27,131.6,3751.2,11.9,0,0,0,1,1,1,1,1,0,0,0,0,0,0,1
PB07576,Hoshiarpur,Paper & Pulp,544.25,6,111.3,1202.6,4.7,0,0,0,1,1,0,1,1,1,1,0,0,0,1,1
PB07577,Jalandhar,Paper & Pulp,364.42,11,63.7,1447.4,16.9,0,0,0,1,1,1,1,1,1,0,0,0,0,1,1
PB07578,Patiala,Furniture/Wood,1867.11,15,300.0,6101.5,7.7,0,0,0,1,1,1,1,1,0,0,0,0,0,1,1
PB07579,Bathinda,Auto Components,173.23,24,26.4,968.9,29.5,0,0,0,1,1,1,1,1,1,0,0,0,0,1,1
PB07580,Ludhiana,Furniture/Wood,357.71,8,13.7,1681.1,6.3,0,0,0,1,1,0,1,1,0,0,0,0,0,1,1
PB07581,Ludhiana,Auto Components,672.8,12,103.4,2248.7,0.5,0,0,0,1,1,1,1,1,0,0,0,0,0,1,1
PB07582,Patiala,Electronics,122.68,7,42.3,50.0,0.5,0,0,0,1,1,0,1,0,0,0,0,0,0,1,0
PB07583,Mohali (SAS Nagar),Engineering/Metal Fabrication,214.88,5,20.8,830.1,0.5,0,0,0,1,1,0,1,1,0,0,0,0,0,0,1
PB07584,Patiala,Agro-based,714.23,158,107.8,2343.9,18.4,0,0,0,1,1,1,1,1,1,0,0,0,0,1,1
PB07585,Fatehgarh Sahib,Leather Products,214.25,16,24.5,939.0,11.9,1,0,0,1,1,1,1,1,1,0,0,0,1,0,1
PB07586,Fatehgarh Sahib,Leather Products,246.01,25,17.4,1344.4,20.8,1,0,0,1,1,1,1,1,1,0,0,0,1,0,1
PB07587,Mohali,Paper & Pulp,560.27,7,68.8,1748.1,12.9,0,1,0,1,1,0,1,1,1,1,0,1,0,1,1
PB07588,Moga,Paper & Pulp,163.91,37,2.0,50.0,13.2,0,0,0,1,1,1,1,1,1,0,0,0,0,0,0
PB07589,Mohali (SAS Nagar),Food Processing,2043.16,24,295.5,6787.9,9.4,0,1,0,1,1,1,1,1,0,1,1,1,0,1,1
PB07590,Jalandhar,Steel Rolling,486.16,33,62.7,1639.1,11.1,0,0,0,1,1,1,1,1,0,0,0,0,0,1,1
PB07591,Rupnagar,Chemical,420.87,47,65.6,1569.1,26.2,1,0,0,1,1,1,1,1,1,0,0,0,1,1,1
PB07592,Ludhiana,Pharmaceutical,2029.38,14,313.0,5961.3,14.7,1,0,0,1,1,1,1,1,1,1,0,0,1,1,1
PB07593,Patiala,Agro-based,1216.37,29,225.2,4357.5,12.4,0,0,0,1,1,1,1,1,0,0,0,0,0,1,1
PB07594,Rupnagar,Chemical,471.77,8,37.8,2428.8,1.1,1,1,0,1,1,0,1,1,1,0,0,1,1,1,1
PB07595,Patiala,Food Processing,425.31,10,75.6,1299.1,5.8,0,1,0,1,1,1,1,1,0,0,1,1,0,1,1
PB07596,Moga,Electronics,166.54,14,2.0,402.1,12.3,0,0,0,1,1,0,1,1,0,0,0,0,0,0,1
PB07597,Moga,Engineering/Metal Fabrication,190.32,30,28.9,671.3,3.5,0,0,0,1,1,1,1,0,0,0,0,0,1,1,1
PB07598,Patiala,IT/Software Services,3796.39,3,578.8,12082.9,0.5,0,0,1,1,0,0,0,1,0,1,0,0,0,1,1
PB07599,Amritsar,Food Processing,731.0,15,120.3,1599.1,0.5,0,1,0,1,1,1,1,1,0,0,1,1,0,1,1
PB07600,Hoshiarpur,Food Processing,290.94,1,44.3,1132.5,3.7,0,1,0,1,1,0,0,1,0,0,1,1,0,1,1
PB07601,Mohali (SAS Nagar),Chemical,482.47,72,88.1,1084.0,26.4,1,1,0,1,1,1,1,1,1,0,0,1,1,1,1
PB07602,Ludhiana,Leather Products,354.84,6,52.6,798.5,23.1,1,0,0,1,1,0,1,1,1,1,0,0,1,1,1
PB07603,Mohali (SAS Nagar),Food Processing,340.14,9,12.8,1350.2,16.6,0,1,0,1,0,0,1,1,1,0,1,1,0,0,1
PB07604,Jalandhar,Agro-based,44.19,37,23.1,437.3,3.8,0,0,0,1,1,1,1,1,0,0,0,0,0,0,1
PB07605,Fatehgarh Sahib,Pharmaceutical,400.27,9,44.1,340.2,31.5,1,0,0,1,1,0,1,1,1,0,0,0,1,1,1
PB07606,Amritsar,Paper & Pulp,331.74,21,49.3,1248.2,23.0,0,1,0,1,1,1,1,1,1,0,0,1,0,1,1
PB07607,Moga,Furniture/Wood,203.47,54,33.6,95.6,0.5,0,0,0,1,1,1,1,1,0,0,0,0,0,1,0
PB07608,Moga,Rice Milling,2551.66,22,376.9,7672.9,24.3,0,0,0,1,1,1,1,1,1,1,1,0,0,1,1
PB07609,Patiala,Textile,25.69,45,6.0,440.7,0.7,0,0,0,1,1,1,1,1,0,0,0,0,0,0,1
PB07610,Sangrur,Rice Milling,791.75,4,96.8,2326.6,31.5,0,1,0,1,1,0,0,1,1,0,1,1,0,1,1
PB07611,Fatehgarh Sahib,Textile Dyeing,418.99,4,66.8,1526.9,12.2,0,0,0,1,1,0,0,1,1,0,0,0,0,1,1
PB07612,Rupnagar,Steel Rolling,1788.59,26,278.3,5217.7,10.4,0,0,0,1,1,1,1,1,0,1,0,0,0,1,1
PB07613,Hoshiarpur,Electronics,198.65,16,36.2,648.6,3.7,0,0,0,1,1,1,1,1,0,0,0,0,0,1,1
PB07614,Jalandhar,Textile Dyeing,79.07,13,47.9,488.4,10.8,0,0,0,1,1,1,1,1,1,0,0,0,0,1,1
PB07615,Mohali,Furniture/Wood,849.29,33,139.5,2126.2,0.7,0,0,0,1,1,1,1,1,0,0,0,0,0,1,1
PB07616,Fatehgarh Sahib,Agro-based,27.27,20,2.9,113.3,5.6,1,0,0,1,1,1,1,1,1,0,0,0,0,0,0
PB07617,Mohali,Paper & Pulp,4115.47,5,614.8,13393.4,20.9,0,1,0,1,1,0,1,1,1,1,0,1,0,1,1
PB07618,Hoshiarpur,Furniture/Wood,215.69,118,5.5,1083.3,1.0,0,0,0,1,1,1,1,1,0,0,0,0,0,0,1
PB07619,Sangrur,Steel Rolling,134.69,9,33.5,120.3,4.6,0,0,0,1,1,0,1,0,0,0,0,0,0,1,0
PB07620,Jalandhar,Chemical,181.42,24,2.0,768.9,23.9,1,0,0,1,1,1,1,1,1,0,0,0,1,0,1
PB07621,Sangrur,Agro-based,2467.02,1,401.1,6747.9,18.7,0,0,0,1,1,0,0,1,0,1,0,0,0,1,1
PB07622,Mohali (SAS Nagar),Food Processing,1226.76,25,159.4,4528.5,0.5,0,1,0,1,1,1,1,1,0,0,1,1,0,1,1
PB07623,Sangrur,Auto Components,182.51,23,11.6,67.2,4.1,0,0,0,1,1,1,1,1,0,0,0,0,0,0,0
PB07624,Amritsar,Plastic Products,4205.96,28,605.5,12021.1,4.7,1,0,0,1,1,1,1,1,1,1,0,0,1,1,1
PB07625,Moga,Engineering/Metal Fabrication,355.16,17,63.0,1586.9,7.4,0,0,0,1,1,1,1,1,0,0,0,0,0,1,1
PB07626,Bathinda,Engineering/Metal Fabrication,236.08,11,8.4,1754.9,2.4,0,0,0,1,1,1,1,1,0,0,0,0,0,0,1
PB07627,Amritsar,Auto Components,926.48,23,132.9,3166.4,0.5,0,0,0,1,1,1,1,1,0,0,0,0,0,1,1
PB07628,Moga,Steel Rolling,654.74,51,102.2,1945.4,13.4,0,0,0,1,1,1,1,1,0,0,0,0,0,1,1
PB07629,Rupnagar,Beverages,73.12,36,4.4,50.0,16.4,0,0,0,1,1,1,1,1,1,0,1,0,0,0,0
PB07630,Jalandhar,Agro-based,665.69,14,80.2,1523.0,14.8,0,0,0,1,1,1,1,0,0,0,0,0,0,1,1
PB07631,Hoshiarpur,Auto Components,53.79,63,19.0,127.8,0.5,0,0,0,1,1,1,1,1,0,0,0,0,0,0,0
PB07632,Rupnagar,Auto Components,207.36,13,47.2,148.6,0.5,0,0,0,1,1,1,1,0,0,0,0,0,0,1,0
PB07633,Mohali,Food Processing,471.15,18,48.7,518.3,1.6,0,1,0,1,1,1,1,1,0,0,1,1,0,1,1
PB07634,Mohali,Paper & Pulp,2013.71,22,340.8,6248.6,27.7,1,1,0,1,1,1,1,1,1,1,0,1,1,1,1
PB07635,Sangrur,Engineering/Metal Fabrication,247.21,38,33.0,853.6,5.9,0,0,0,1,1,1,1,1,0,0,0,0,0,1,1
PB07636,Amritsar,Agro-based,89.12,215,50.4,50.0,0.5,0,0,0,1,1,1,1,1,0,0,0,0,0,1,0
PB07637,Amritsar,Rice Milling,291.09,5,63.3,1549.6,14.2,0,1,0,1,1,0,1,1,1,0,1,1,0,1,1
PB07638,Mohali (SAS Nagar),Rice Milling,55.65,4,3.4,771.7,15.6,0,1,0,1,1,0,0,1,1,0,1,1,0,0,1
PB07639,Moga,Pharmaceutical,334.19,76,81.5,1756.6,21.8,1,0,0,1,1,1,1,1,1,0,0,0,1,1,1
PB07640,Bathinda,Paper & Pulp,28.51,3,6.6,50.0,11.2,0,1,0,1,1,0,0,1,1,0,0,1,0,0,0
PB07641,Sangrur,IT/Software Services,4143.72,14,594.9,12433.2,21.5,0,0,1,1,1,0,1,1,1,1,0,0,0,1,1
PB07642,Bathinda,Beverages,151.21,3,20.6,808.1,3.8,0,1,0,1,1,0,0,1,1,0,1,1,0,0,1
PB07643,Hoshiarpur,Plastic Products,282.05,14,39.4,397.6,6.2,1,0,0,1,1,1,1,1,1,0,0,0,1,1,1
PB07644,Mohali (SAS Nagar),Plastic Products,397.84,39,82.7,1731.7,0.5,1,0,0,1,1,1,1,1,1,0,0,0,1,1,1
PB07645,Sangrur,Chemical,1003.0,14,155.9,2969.4,26.2,1,0,0,1,1,1,1,1,0,1,0,0,1,1,1
PB07646,Patiala,Steel Rolling,483.26,50,74.5,1618.9,18.3,0,0,0,1,1,1,1,1,1,0,0,0,0,1,1
PB07647,Patiala,Furniture/Wood,406.22,36,76.0,829.6,13.0,0,0,0,1,1,1,1,1,0,0,0,0,0,1,1
PB07648,Ludhiana,Engineering/Metal Fabrication,284.88,49,49.0,1142.6,25.3,0,0,0,1,1,1,1,1,1,0,0,0,0,1,1
PB07649,Moga,Steel Rolling,412.64,14,36.1,1391.7,11.8,0,0,0,1,1,1,1,1,0,0,0,0,0,1,1
PB07650,Rupnagar,Auto Components,182.61,17,56.1,239.2,19.0,0,0,0,1,1,1,1,1,1,0,0,0,0,1,1
PB07651,Hoshiarpur,Pharmaceutical,1547.38,17,241.4,4042.9,15.0,1,0,0,1,1,0,1,1,1,1,0,0,1,1,1
PB07652,Ludhiana,Pharmaceutical,290.87,11,18.5,1135.5,16.1,1,0,0,1,1,1,1,0,1,0,0,0,1,0,1
PB07653,Sangrur,Paper & Pulp,6000.0,33,885.5,18700.7,20.9,0,1,0,1,1,1,1,1,1,1,0,1,0,1,1
PB07654,Ludhiana,Agro-based,1070.54,8,177.9,3059.7,0.5,0,0,0,1,1,0,1,1,0,0,0,0,0,1,1
PB07655,Jalandhar,Furniture/Wood,1266.28,59,186.8,3093.8,10.8,0,0,0,1,1,1,1,1,0,0,0,0,0,1,1
PB07656,Patiala,Pharmaceutical,2939.98,18,432.7,9095.6,17.6,1,0,0,1,1,1,1,1,1,1,0,0,1,0,1
PB07657,Fatehgarh Sahib,Rice Milling,160.07,3,44.7,899.9,17.0,0,1,0,1,1,0,0,1,1,0,1,1,0,1,0
PB07658,Ludhiana,Steel Rolling,169.87,40,20.2,566.1,17.7,0,0,0,1,1,1,1,0,1,0,0,0,0,0,1
PB07659,Jalandhar,Steel Rolling,764.3,17,126.5,2399.2,0.5,0,0,0,1,1,1,1,1,0,0,0,0,0,1,1
PB07660,Bathinda,Pharmaceutical,572.98,9,69.6,1785.3,25.9,1,0,0,1,1,0,1,1,1,1,0,0,1,1,1
PB07661,Fatehgarh Sahib,IT/Software Services,236.59,5,45.1,1976.8,4.5,0,0,1,1,1,0,1,1,0,0,0,0,0,1,1
PB07662,Moga,Auto Components,394.95,51,79.3,1280.1,0.5,0,0,0,1,1,1,1,1,0,0,0,0,0,1,1
PB07663,Sangrur,Pharmaceutical,966.63,43,155.1,2168.5,6.2,1,0,0,1,1,1,1,1,1,1,0,0,1,1,1
PB07664,Amritsar,Rice Milling,498.71,42,73.0,481.1,35.7,0,1,0,1,1,1,1,1,1,0,1,1,0,1,1
PB07665,Mohali,Textile,749.95,6,69.0,1943.9,0.5,1,0,0,1,1,0,1,1,1,0,0,0,1,1,1
PB07666,Jalandhar,Steel Rolling,149.51,9,28.1,1194.7,0.5,0,0,0,1,1,0,1,1,0,0,0,0,0,1,1
PB07667,Hoshiarpur,Electronics,959.84,23,134.9,2967.4,11.3,0,0,0,1,1,1,1,1,0,0,0,0,1,1,1
PB07668,Mohali,Textile,280.12,3,10.5,808.7,0.5,0,0,0,1,1,0,0,1,0,0,0,0,0,0,1
PB07669,Hoshiarpur,IT/Software Services,557.33,11,81.4,1594.7,14.9,0,0,1,1,1,0,1,1,0,0,0,0,0,1,1
PB07670,Jalandhar,Auto Components,226.79,5,23.3,783.0,0.5,0,0,0,1,1,0,1,1,0,0,0,0,0,0,1
PB07671,Mohali (SAS Nagar),Steel Rolling,435.43,4,53.9,1297.1,10.1,0,0,0,1,1,0,0,1,0,0,0,0,0,1,1
PB07672,Hoshiarpur,Food Processing,221.23,33,25.3,1082.0,0.5,0,1,0,1,1,1,1,1,0,0,1,1,0,1,1
PB07673,Rupnagar,Textile,182.24,29,22.8,50.0,0.5,0,0,0,1,1,1,1,1,0,0,0,0,0,0,0
PB07674,Mohali (SAS Nagar),Agro-based,465.85,46,71.0,950.0,9.9,0,0,0,1,1,1,1,1,0,0,0,0,0,1,1
PB07675,Moga,Textile,193.0,19,23.5,1545.0,22.8,0,0,0,1,1,1,1,1,1,0,0,0,0,0,1
PB07676,Bathinda,Textile Dyeing,418.8,24,39.8,1553.3,5.0,0,1,0,1,1,1,1,1,1,0,0,1,0,1,1
PB07677,Amritsar,Steel Rolling,307.4,46,75.9,1355.6,16.8,0,0,0,1,1,1,1,1,1,0,0,0,0,1,1
PB07678,Jalandhar,Rice Milling,547.48,73,114.6,2745.3,21.9,0,1,0,1,1,1,1,1,1,0,1,1,0,1,1
PB07679,Amritsar,Textile Dyeing,320.43,19,30.3,526.4,8.3,0,0,0,1,1,1,1,1,1,0,0,0,1,0,1
PB07680,Sangrur,Agro-based,563.38,19,66.9,1449.1,0.5,0,0,0,1,1,1,1,1,0,0,0,0,0,1,1
PB07681,Fatehgarh Sahib,Paper & Pulp,65.81,8,2.0,50.0,14.1,0,0,0,1,1,0,1,0,1,0,0,0,0,0,0
PB07682,Hoshiarpur,Paper & Pulp,28.83,5,4.0,521.6,11.3,0,1,0,1,1,0,1,1,1,0,0,1,0,0,1
PB07683,Moga,Food Processing,168.6,18,59.8,1173.8,0.5,0,1,0,1,1,1,1,1,0,0,1,1,0,1,1
PB07684,Moga,Steel Rolling,288.89,10,76.0,1598.9,0.5,0,0,0,1,1,1,1,1,0,0,0,0,0,1,1
PB07685,Jalandhar,Beverages,1044.56,8,176.8,3116.0,27.3,0,1,0,1,1,0,1,1,1,0,1,1,0,1,1
PB07686,Bathinda,Textile,983.71,9,164.5,2848.2,1.6,0,0,0,1,1,0,1,1,0,0,0,0,0,1,1
PB07687,Mohali,Textile Dyeing,4088.99,21,583.9,13435.6,20.6,0,1,0,1,1,1,1,1,1,1,0,1,0,1,1
PB07688,Rupnagar,Textile Dyeing,277.52,21,25.0,994.7,20.2,0,1,0,1,1,1,1,1,1,0,0,1,0,0,1
PB07689,Fatehgarh Sahib,Cement,484.48,13,85.5,2049.6,5.0,1,0,0,1,1,1,1,1,1,0,0,0,1,1,1
PB07690,Patiala,Chemical,87.42,7,5.2,238.0,34.7,1,0,0,1,1,0,1,1,1,0,0,0,0,0,1
PB07691,Amritsar,Furniture/Wood,365.34,13,59.1,1209.7,5.3,0,0,0,1,1,1,1,1,0,0,0,0,0,1,1
PB07692,Patiala,Furniture/Wood,59.83,8,26.3,50.0,11.0,0,0,0,1,1,0,1,0,0,0,0,0,0,1,0
PB07693,Rupnagar,Pharmaceutical,520.69,18,34.4,1775.4,10.9,1,0,0,1,1,1,0,1,1,1,0,0,1,1,1
PB07694,Amritsar,Plastic Products,496.2,9,57.4,2137.4,0.5,1,0,0,1,1,0,1,1,1,1,0,0,1,1,1
PB07695,Mohali (SAS Nagar),Textile Dyeing,128.02,7,24.7,429.0,11.0,0,1,0,1,1,0,1,1,1,0,0,1,0,0,1
PB07696,Jalandhar,Paper & Pulp,638.45,14,124.4,2011.8,5.4,0,1,0,1,1,0,1,1,1,0,0,1,0,1,1
PB07697,Jalandhar,Auto Components,441.3,2,35.9,50.0,2.4,0,0,0,1,1,0,0,0,0,0,0,0,0,1,0
PB07698,Amritsar,Auto Components,1659.31,3,251.1,5720.8,4.4,0,0,0,1,1,0,0,1,1,0,0,0,0,1,1
PB07699,Patiala,Auto Components,1663.02,30,256.8,4388.8,4.6,0,0,0,1,1,1,1,1,0,0,0,0,0,1,1
PB07700,Ludhiana,Pharmaceutical,105.89,58,9.1,164.2,23.2,1,0,0,1,1,1,1,1,1,0,0,0,1,0,1
PB07701,Ludhiana,Paper & Pulp,79.55,6,4.4,204.5,16.7,0,0,0,1,1,0,1,0,1,0,0,0,0,0,1
PB07702,Hoshiarpur,Auto Components,1474.38,13,205.6,4426.6,3.6,1,0,0,1,1,1,1,1,1,0,0,0,1,1,1
PB07703,Ludhiana,Agro-based,883.31,41,148.7,2725.1,0.5,0,0,0,1,1,1,1,1,0,0,0,0,0,1,1
PB07704,Hoshiarpur,Paper & Pulp,360.36,12,45.4,774.2,22.8,0,1,0,1,1,1,1,1,1,0,0,1,0,1,1
PB07705,Mohali,Agro-based,164.46,10,25.9,248.8,9.5,1,0,0,1,1,1,1,1,1,0,0,0,1,1,1
PB07706,Mohali,Engineering/Metal Fabrication,255.55,22,54.5,1084.2,0.5,0,0,0,1,1,1,1,1,0,0,0,0,0,1,1
PB07707,Hoshiarpur,Steel Rolling,566.44,39,79.2,1169.9,7.0,0,0,0,1,1,1,1,1,0,0,0,0,0,1,1
PB07708,Rupnagar,Auto Components,335.28,4,61.9,1062.6,13.9,0,0,0,1,1,0,0,1,0,0,0,0,0,1,1
PB07709,Hoshiarpur,Pharmaceutical,1320.58,4,218.8,5160.3,18.9,1,0,0,1,1,0,0,1,1,1,0,0,1,1,1
PB07710,Fatehgarh Sahib,Textile Dyeing,541.39,6,72.8,1905.2,8.6,0,1,0,1,1,0,1,1,1,0,0,1,0,1,1
PB07711,Bathinda,Engineering/Metal Fabrication,228.29,257,38.4,236.2,14.3,0,0,0,1,1,1,1,1,0,0,0,0,0,1,1
PB07712,Mohali (SAS Nagar),Auto Components,1883.8,68,275.2,5291.8,19.4,0,0,0,1,1,1,1,1,1,0,0,0,0,1,1
PB07713,Sangrur,Leather Products,188.95,6,33.2,578.0,21.3,1,0,0,1,1,0,1,1,1,0,0,0,1,1,1
PB07714,Bathinda,Rice Milling,85.05,63,8.3,1116.5,19.7,0,1,0,1,1,1,1,1,1,0,1,1,0,0,1
PB07715,Mohali,Engineering/Metal Fabrication,119.07,2,41.1,798.6,10.4,0,0,0,1,1,0,0,1,0,0,0,0,0,1,1
PB07716,Mohali (SAS Nagar),Auto Components,296.63,39,2.0,402.7,18.6,0,0,0,1,1,1,1,1,1,0,0,0,0,0,1
PB07717,Sangrur,Chemical,294.94,112,22.2,319.6,16.4,1,1,0,1,1,1,0,1,1,1,0,1,1,0,1
PB07718,Mohali (SAS Nagar),Pharmaceutical,3242.6,32,461.6,9636.0,10.3,1,0,0,1,1,1,1,1,1,1,0,0,1,1,1
PB07719,Jalandhar,Beverages,467.1,9,56.5,2117.3,40.8,0,0,0,1,1,0,1,1,1,0,1,0,0,1,1
PB07720,Moga,Food Processing,2283.36,22,330.4,6396.3,6.9,0,0,0,1,1,1,1,1,0,1,1,0,1,1,1
PB07721,Bathinda,Pharmaceutical,3203.28,24,468.1,10041.1,18.2,1,0,0,1,1,1,1,1,1,1,0,0,1,1,1
PB07722,Sangrur,Plastic Products,466.12,24,46.3,1415.0,6.0,1,0,0,1,1,1,1,1,1,0,0,0,1,1,1
PB07723,Moga,Chemical,1659.57,6,255.5,4008.2,9.8,1,1,0,1,1,0,1,1,1,1,0,1,1,1,1
PB07724,Amritsar,Auto Components,182.11,4,38.6,179.9,0.5,0,0,0,1,1,0,0,0,0,0,0,0,0,1,1
PB07725,Fatehgarh Sahib,Textile,277.05,7,62.6,573.3,0.5,1,0,0,1,1,0,1,1,1,0,0,0,1,1,1
PB07726,Mohali,Steel Rolling,437.06,14,70.4,2132.4,0.5,0,0,0,1,1,1,1,1,0,0,0,0,0,1,1
PB07727,Amritsar,Rice Milling,153.14,6,33.2,848.2,24.7,0,1,0,1,1,0,1,1,1,0,1,1,0,1,1
PB07728,Sangrur,Rice Milling,126.93,16,25.6,698.9,30.8,1,0,0,1,1,1,1,1,1,0,1,0,1,1,0
PB07729,Jalandhar,Chemical,234.92,31,32.5,50.0,14.9,1,1,0,1,1,1,1,1,1,0,0,1,1,1,0
PB07730,Amritsar,Leather Products,306.01,17,35.5,959.8,24.3,1,0,0,1,1,1,1,1,1,0,0,0,1,1,1
PB07731,Hoshiarpur,Engineering/Metal Fabrication,547.0,18,43.9,2335.0,20.6,0,0,0,1,1,1,1,1,1,0,0,0,0,1,1
PB07732,Sangrur,Pharmaceutical,398.24,20,81.7,2078.4,35.6,1,0,0,1,1,1,1,1,1,0,0,0,1,1,1
PB07733,Moga,Chemical,370.24,17,79.6,2872.3,10.1,1,1,0,1,1,1,1,1,1,0,0,1,1,1,1
PB07734,Fatehgarh Sahib,Cement,363.68,14,31.1,1478.4,6.3,0,0,0,1,1,0,1,1,0,0,0,0,0,1,1
PB07735,Hoshiarpur,Leather Products,328.64,57,44.2,1773.6,8.0,1,0,0,1,1,1,1,1,1,0,0,0,1,1,1
PB07736,Sangrur,Furniture/Wood,1435.0,17,181.7,4509.0,7.7,0,0,0,1,1,1,1,1,0,0,0,0,0,1,1
PB07737,Jalandhar,Plastic Products,191.08,43,2.0,1228.2,5.0,1,0,0,1,1,1,1,1,1,0,0,0,1,0,1
PB07738,Bathinda,Rice Milling,454.8,6,53.0,981.8,14.1,0,1,0,1,1,0,1,1,1,0,1,1,0,1,1
PB07739,Hoshiarpur,Food Processing,647.46,14,114.0,1857.0,7.7,0,0,0,1,1,1,1,1,0,0,1,0,0,1,1
PB07740,Patiala,Textile,482.52,8,65.8,1959.8,15.4,0,0,0,1,1,0,0,1,1,0,0,0,0,1,1
PB07741,Mohali (SAS Nagar),Textile,173.09,5,58.4,521.0,0.5,0,0,0,1,1,0,1,1,0,0,0,0,0,1,1
PB07742,Rupnagar,Electronics,243.5,3,2.0,1006.4,1.7,0,0,0,1,1,0,0,1,0,0,0,0,0,0,1
PB07743,Hoshiarpur,Furniture/Wood,2704.82,13,391.9,8652.2,3.2,0,0,0,1,1,1,1,1,0,1,0,0,0,1,1
PB07744,Sangrur,Pharmaceutical,4204.11,10,635.6,13426.4,33.0,1,0,0,1,1,1,1,1,1,1,0,0,1,1,1
PB07745,Amritsar,Food Processing,351.61,8,50.5,1422.2,14.4,0,1,0,1,1,0,1,1,0,0,1,1,0,1,1
PB07746,Mohali (SAS Nagar),Auto Components,121.88,3,31.6,254.5,6.6,0,0,0,1,1,0,0,0,0,0,0,0,0,1,1
PB07747,Amritsar,Beverages,467.37,18,81.9,680.3,32.7,0,1,0,1,1,1,1,1,1,0,1,1,0,1,1
PB07748,Rupnagar,Electronics,226.4,10,32.2,221.0,0.5,0,0,0,1,1,1,1,0,0,0,0,0,0,1,1
PB07749,Mohali (SAS Nagar),Leather Products,928.3,19,141.2,2617.7,27.4,1,0,0,1,1,1,1,1,1,0,0,0,1,1,1
PB07750,Mohali,Cement,875.99,26,120.2,3664.5,8.4,0,0,0,1,1,1,1,1,0,1,0,0,0,1,0
PB07751,Hoshiarpur,Chemical,186.42,15,25.7,656.7,23.3,1,1,0,1,1,1,1,1,1,0,0,1,1,1,1
PB07752,Mohali (SAS Nagar),Leather Products,305.94,10,66.7,1158.2,21.7,1,0,0,1,1,1,1,1,1,0,0,0,1,1,1
PB07753,Rupnagar,Auto Components,535.21,2,82.7,1494.4,7.4,0,0,0,1,1,0,0,1,0,0,0,0,0,1,1
PB07754,Amritsar,Agro-based,226.45,10,22.3,610.4,16.5,0,0,0,1,1,1,1,1,1,0,0,0,0,0,1
PB07755,Mohali (SAS Nagar),Paper & Pulp,265.97,12,44.8,2042.6,25.9,0,1,0,1,1,1,1,1,0,0,0,1,0,1,1
PB07756,Bathinda,Agro-based,76.15,48,2.0,540.3,18.3,0,0,0,1,1,1,1,1,1,0,0,0,0,0,1
PB07757,Fatehgarh Sahib,Furniture/Wood,544.6,30,61.2,1500.0,5.0,0,0,0,1,1,1,1,1,0,0,0,0,0,1,1
PB07758,Mohali,IT/Software Services,157.56,8,28.1,50.0,0.5,0,0,1,1,1,0,1,0,0,0,0,0,0,1,0
PB07759,Bathinda,Food Processing,170.55,34,51.4,315.3,14.9,0,1,0,1,1,1,1,1,0,0,1,1,0,1,1
PB07760,Sangrur,Rice Milling,686.1,6,81.6,2169.9,18.5,0,0,0,1,1,0,1,1,1,0,1,0,0,1,1
PB07761,Mohali,Paper & Pulp,187.66,7,17.0,240.9,16.0,0,0,0,1,1,0,1,0,1,0,0,0,0,0,1
PB07762,Jalandhar,Electronics,1003.12,36,184.4,2380.1,8.6,0,0,0,1,1,1,1,1,0,0,0,0,0,1,1
PB07763,Sangrur,Agro-based,183.44,9,3.2,799.4,0.5,0,0,0,1,1,0,1,1,0,0,0,0,0,0,1
PB07764,Mohali,IT/Software Services,143.86,42,49.9,827.7,3.2,0,0,1,1,1,0,1,1,0,0,0,0,0,1,1
PB07765,Sangrur,Chemical,2453.32,2,375.4,7467.9,32.6,1,0,0,1,1,0,0,1,1,1,0,0,1,1,1
PB07766,Hoshiarpur,Textile,3302.69,38,465.1,9141.5,15.3,0,0,0,1,1,1,1,1,1,1,0,0,0,1,1
PB07767,Fatehgarh Sahib,Rice Milling,3692.19,72,569.4,11918.4,24.7,0,0,0,1,1,1,1,1,1,1,1,0,0,1,1
PB07768,Fatehgarh Sahib,Pharmaceutical,317.13,19,53.7,1006.1,14.7,1,0,0,1,1,1,1,1,1,0,0,0,1,1,1
PB07769,Mohali,Leather Products,500.12,4,106.3,1678.3,21.6,1,0,0,1,1,0,0,1,1,0,0,0,0,1,1
PB07770,Patiala,Pharmaceutical,505.63,11,72.3,1741.7,25.0,1,0,0,1,1,1,1,1,1,1,0,0,0,1,1
PB07771,Rupnagar,Engineering/Metal Fabrication,87.22,10,13.0,1349.1,0.5,0,0,0,1,1,1,1,1,0,0,0,0,0,1,1
PB07772,Patiala,Pharmaceutical,2710.49,12,388.2,9273.6,22.8,1,0,0,1,1,1,1,1,1,1,0,0,1,1,1
PB07773,Amritsar,Cement,1548.22,17,250.2,3932.0,11.7,0,0,0,1,1,1,1,1,0,1,0,0,0,1,1
PB07774,Amritsar,Furniture/Wood,211.58,15,34.3,50.0,17.5,0,0,0,1,1,1,1,1,1,0,0,0,0,1,0
PB07775,Ludhiana,Engineering/Metal Fabrication,524.87,5,61.1,972.5,0.5,0,0,0,1,1,0,1,1,0,0,0,0,0,1,1
PB07776,Amritsar,Paper & Pulp,120.64,6,24.1,88.2,20.1,0,1,0,1,1,0,1,1,1,0,0,1,0,0,0
PB07777,Jalandhar,Auto Components,3843.4,3,550.0,11716.7,0.5,0,0,0,1,1,0,0,1,0,1,0,0,0,1,1
PB07778,Rupnagar,Furniture/Wood,426.19,9,49.6,1474.0,0.9,0,0,0,1,1,0,1,1,0,0,0,0,0,1,1
PB07779,Amritsar,Agro-based,650.99,13,103.8,1181.7,11.4,0,0,0,1,1,1,1,1,0,0,0,0,0,1,1
PB07780,Jalandhar,Chemical,138.04,18,2.0,607.7,15.5,1,0,0,1,1,0,1,1,1,0,0,0,1,0,1
PB07781,Fatehgarh Sahib,Paper & Pulp,216.32,7,36.8,50.0,15.2,0,1,0,1,0,0,1,1,1,0,0,1,0,1,0
PB07782,Bathinda,Food Processing,42.83,30,15.0,50.0,0.5,0,1,0,1,1,1,1,1,0,0,1,1,0,0,0
PB07783,Sangrur,Textile Dyeing,123.24,19,19.1,50.0,28.8,0,1,0,1,1,1,1,1,1,0,0,1,0,0,0
PB07784,Mohali (SAS Nagar),Plastic Products,559.41,32,84.3,2232.5,2.8,1,0,0,1,1,1,1,1,1,0,0,0,1,1,1
PB07785,Mohali,Auto Components,1689.57,40,244.7,5159.1,0.5,0,0,0,1,1,1,1,1,0,0,0,0,0,1,1
PB07786,Rupnagar,Rice Milling,115.58,14,32.2,478.0,12.7,0,0,0,1,1,1,1,1,1,0,1,0,0,1,1
PB07787,Mohali,Textile Dyeing,427.01,7,84.7,1000.1,16.4,0,1,0,1,1,0,1,1,1,0,0,1,0,1,1
PB07788,Ludhiana,Steel Rolling,638.9,20,72.1,2121.9,12.5,0,0,0,1,1,1,1,1,0,0,0,0,0,1,1
PB07789,Fatehgarh Sahib,Textile Dyeing,659.42,8,107.0,2370.9,13.7,0,0,0,1,1,0,1,1,1,0,0,0,0,1,1
PB07790,Hoshiarpur,Auto Components,379.11,19,69.9,788.0,0.5,0,0,0,1,1,1,1,1,0,0,0,0,0,1,1
PB07791,Jalandhar,Paper & Pulp,932.99,11,117.5,3624.1,10.7,0,1,0,1,1,1,1,1,1,1,0,1,0,1,1
PB07792,Hoshiarpur,Food Processing,85.27,3,18.7,316.3,0.5,0,1,0,1,1,0,0,1,0,0,1,1,0,0,1
PB07793,Bathinda,Chemical,237.61,27,32.3,781.9,16.9,1,0,0,1,1,1,1,1,1,0,0,0,1,1,1
PB07794,Hoshiarpur,Pharmaceutical,140.6,7,2.0,287.6,24.9,1,0,0,1,1,0,1,1,1,0,0,0,1,0,1
PB07795,Hoshiarpur,Plastic Products,5964.69,14,877.5,17642.8,6.8,1,0,0,1,1,1,1,1,1,1,0,0,1,1,1
PB07796,Mohali,Cement,67.76,26,2.0,511.0,15.2,0,0,0,1,1,1,1,1,1,0,0,0,0,0,1
PB07797,Sangrur,Paper & Pulp,1226.06,4,184.8,3828.4,23.1,0,1,0,1,1,0,0,1,1,1,0,1,0,1,1
PB07798,Fatehgarh Sahib,Electronics,1664.94,13,228.0,4684.3,0.5,0,0,0,1,1,1,1,1,0,1,0,0,0,1,1
PB07799,Amritsar,Textile,350.11,15,38.9,1402.9,2.6,0,0,0,1,1,1,1,1,0,0,0,0,0,1,1
PB07800,Hoshiarpur,Pharmaceutical,669.02,13,107.4,1950.1,27.2,1,0,0,1,1,1,1,1,1,1,0,0,1,1,1
PB07801,Moga,Textile Dyeing,363.87,6,66.2,1228.8,9.5,0,1,0,1,1,0,1,1,1,0,0,1,0,1,0
PB07802,Moga,Paper & Pulp,829.7,15,112.9,3178.2,12.3,0,1,0,1,1,1,1,1,1,1,0,1,0,1,1
PB07803,Bathinda,Auto Components,104.23,24,56.1,306.3,5.1,0,0,0,1,1,1,1,1,0,0,0,0,0,1,0
PB07804,Mohali (SAS Nagar),Pharmaceutical,778.12,12,77.7,1898.4,22.6,1,0,0,1,1,1,1,1,1,1,0,0,1,1,1
PB07805,Rupnagar,Leather Products,220.13,28,33.8,685.9,26.0,1,0,0,1,1,1,1,1,1,0,0,0,1,1,1
PB07806,Mohali,Agro-based,1300.61,11,169.5,4199.7,4.7,0,0,0,1,1,1,1,1,0,0,0,0,0,1,1
PB07807,Moga,Cement,1204.56,15,197.9,3775.5,1.3,0,0,0,1,1,1,1,1,0,1,0,0,0,1,1
PB07808,Amritsar,Auto Components,137.75,69,2.0,228.9,0.5,0,0,0,1,1,1,1,1,0,0,0,0,0,0,1
PB07809,Jalandhar,Furniture/Wood,63.76,27,33.6,745.9,17.1,0,0,0,1,1,0,1,1,1,0,0,0,0,1,1
PB07810,Ludhiana,Textile Dyeing,1025.4,185,155.0,3119.2,33.1,0,1,0,1,1,1,1,1,1,1,0,1,0,1,1
PB07811,Bathinda,Agro-based,863.04,2,112.1,1638.4,17.5,1,0,0,1,1,0,0,1,1,0,0,0,1,1,1
PB07812,Amritsar,Steel Rolling,971.66,17,139.8,3460.6,8.6,0,0,0,1,1,1,1,1,0,0,0,0,0,1,1
PB07813,Amritsar,Rice Milling,451.36,3,102.8,1319.1,12.3,0,0,0,1,1,0,0,1,1,0,1,0,0,1,1
PB07814,Mohali (SAS Nagar),Auto Components,434.05,77,36.7,1357.2,13.7,0,0,0,1,1,1,1,1,0,0,0,0,0,1,1
PB07815,Hoshiarpur,Pharmaceutical,528.77,42,41.2,1631.1,28.7,1,0,0,1,1,1,1,1,1,1,0,0,1,1,1
PB07816,Sangrur,Food Processing,466.92,8,64.5,451.9,0.5,0,1,0,1,1,0,1,1,0,0,1,1,0,1,1
PB07817,Patiala,Agro-based,154.08,9,25.4,50.0,0.5,0,0,0,1,1,0,1,0,0,0,0,0,0,1,0
PB07818,Mohali (SAS Nagar),Electronics,201.44,32,2.0,589.1,15.6,0,0,0,1,1,1,1,1,1,0,0,0,0,0,1
PB07819,Amritsar,Plastic Products,677.54,4,98.9,2497.0,0.5,1,0,0,1,1,0,0,1,1,0,0,0,1,1,1
PB07820,Rupnagar,Pharmaceutical,22.56,27,2.0,394.5,25.7,1,0,0,1,1,1,1,1,1,0,0,0,0,0,1
PB07821,Jalandhar,Rice Milling,653.31,30,96.9,2268.4,21.0,0,1,0,1,1,1,1,1,1,0,1,1,0,1,1
PB07822,Patiala,Steel Rolling,1635.44,6,266.1,4814.2,21.0,0,0,0,1,1,0,1,1,1,0,0,0,0,1,1
PB07823,Patiala,Food Processing,72.17,33,4.2,50.0,5.2,1,1,0,1,1,1,1,1,1,0,1,1,0,0,0
PB07824,Mohali,Textile Dyeing,294.31,51,86.0,960.1,27.1,0,0,0,1,1,1,1,1,1,0,0,0,0,0,1
PB07825,Fatehgarh Sahib,Steel Rolling,276.98,16,56.5,438.4,16.8,1,0,0,1,1,1,1,1,1,0,0,0,1,1,1
PB07826,Rupnagar,Rice Milling,939.21,28,147.4,2942.4,22.3,0,0,0,1,1,1,1,1,1,0,1,0,0,1,1
PB07827,Mohali (SAS Nagar),Food Processing,985.38,10,151.0,3921.9,6.2,0,0,0,1,1,1,1,1,0,0,1,0,0,1,1
PB07828,Mohali (SAS Nagar),Textile Dyeing,191.49,5,2.0,650.9,22.3,0,0,0,1,1,0,1,1,1,0,0,0,0,0,1
PB07829,Fatehgarh Sahib,Food Processing,488.09,3,76.1,485.7,9.4,0,1,0,1,1,0,0,1,0,0,1,1,0,1,1
PB07830,Jalandhar,Beverages,258.92,7,60.0,542.1,23.0,0,1,0,1,1,0,1,1,1,0,1,1,0,1,1
PB07831,Mohali,Electronics,185.43,8,34.4,1166.4,13.9,0,0,0,1,0,0,1,1,1,1,0,0,0,1,1
PB07832,Mohali,Paper & Pulp,682.26,6,111.3,1720.4,37.2,0,1,0,1,1,0,1,1,1,1,0,1,0,1,1
PB07833,Jalandhar,Food Processing,611.48,1,109.3,2041.4,10.3,0,1,0,1,1,0,0,1,0,0,1,1,0,1,1
PB07834,Ludhiana,Cement,184.0,9,30.2,250.5,10.0,1,0,0,1,1,0,1,1,1,0,0,0,1,1,0
PB07835,Sangrur,Textile Dyeing,619.67,4,81.0,1441.0,19.8,0,1,0,1,1,0,0,1,1,0,0,1,0,1,1
PB07836,Hoshiarpur,Cement,473.54,3,41.8,744.7,10.4,0,0,0,1,1,0,0,1,0,0,0,0,0,1,1
PB07837,Moga,Chemical,1210.29,30,164.3,3087.7,23.7,1,1,0,1,1,1,1,1,1,1,0,1,1,1,1
PB07838,Hoshiarpur,Furniture/Wood,79.57,6,21.1,50.0,8.6,0,0,0,1,1,0,1,0,0,0,0,0,0,0,0
PB07839,Jalandhar,Rice Milling,69.99,40,2.0,50.0,18.0,0,1,0,1,1,1,1,1,1,0,1,1,0,0,0
PB07840,Bathinda,Textile,212.4,9,67.1,50.0,0.5,0,0,0,1,1,0,1,0,0,0,0,0,0,1,0
PB07841,Jalandhar,Cement,1388.45,55,181.3,2898.6,0.5,0,0,0,1,1,1,1,1,0,1,0,0,0,1,1
PB07842,Fatehgarh Sahib,Leather Products,424.33,6,78.9,1862.1,17.7,1,0,0,1,1,0,1,1,1,0,0,0,1,1,1
PB07843,Bathinda,Leather Products,2238.04,6,372.9,7446.6,10.4,1,0,0,1,1,0,1,1,0,1,0,0,1,1,1
PB07844,Fatehgarh Sahib,Furniture/Wood,780.68,4,110.1,2443.3,12.5,0,0,0,1,1,0,0,0,0,0,0,0,0,1,1
PB07845,Moga,Beverages,910.08,33,154.5,3380.9,41.1,1,1,0,1,1,1,1,1,1,0,1,1,1,1,1
PB07846,Rupnagar,Steel Rolling,281.02,8,80.8,791.0,7.4,0,0,0,1,0,0,1,1,0,0,0,0,0,1,1
PB07847,Rupnagar,Paper & Pulp,278.99,21,11.7,1578.8,17.8,0,1,0,1,1,1,1,1,1,0,0,1,0,0,1
PB07848,Mohali (SAS Nagar),Rice Milling,214.59,10,25.0,456.4,31.5,0,0,0,1,1,1,1,1,1,0,1,0,0,0,1
PB07849,Ludhiana,Cement,4196.85,22,638.2,13655.0,3.8,0,0,0,1,1,1,1,1,0,1,0,0,0,1,1
PB07850,Jalandhar,Textile,184.92,56,31.8,913.7,8.2,0,0,0,1,1,1,1,1,0,0,0,0,0,1,1
PB07851,Fatehgarh Sahib,Textile Dyeing,38.78,51,2.7,50.0,27.9,0,1,0,1,1,1,1,1,1,0,0,1,0,0,0
PB07852,Bathinda,Leather Products,759.48,22,100.8,2475.7,28.9,1,0,0,1,1,1,1,1,1,0,0,0,1,1,1
PB07853,Bathinda,IT/Software Services,201.22,48,17.7,717.3,0.5,0,0,1,1,1,0,1,1,1,0,0,0,0,0,1
PB07854,Mohali,Pharmaceutical,360.36,30,53.7,756.1,26.8,1,0,0,1,1,1,1,1,1,0,0,0,1,1,1
PB07855,Fatehgarh Sahib,Textile Dyeing,563.23,7,82.3,1835.8,29.2,0,0,0,1,1,1,1,1,1,0,0,0,0,1,1
PB07856,Amritsar,Steel Rolling,806.53,56,130.6,2654.0,0.5,0,0,0,1,1,1,1,1,0,0,0,0,0,1,1
PB07857,Mohali,Engineering/Metal Fabrication,3066.43,4,478.4,9426.2,15.9,0,0,0,1,1,0,0,1,1,1,0,0,0,1,1
PB07858,Moga,Auto Components,118.42,15,24.9,948.9,8.1,0,0,0,1,1,1,1,1,0,0,0,0,0,0,1
PB07859,Patiala,Agro-based,127.65,7,2.0,627.1,8.8,0,0,0,1,0,0,1,1,0,0,0,0,0,0,1
PB07860,Jalandhar,Agro-based,102.49,13,2.0,985.2,5.6,0,0,0,1,1,0,1,0,0,0,0,0,0,0,1
PB07861,Hoshiarpur,Leather Products,91.19,11,2.0,176.5,25.0,1,0,0,1,1,0,1,1,1,0,0,0,0,0,1
PB07862,Amritsar,Beverages,758.56,53,114.5,2088.7,10.4,0,0,0,1,1,1,1,1,1,0,1,0,0,1,1
PB07863,Ludhiana,Electronics,280.72,24,36.6,1295.2,0.5,0,0,0,1,1,1,1,1,0,0,0,0,0,1,1
PB07864,Amritsar,Paper & Pulp,219.63,98,30.0,409.6,10.7,0,1,0,1,1,1,1,1,1,0,0,1,0,1,1
PB07865,Mohali,Steel Rolling,979.17,18,141.1,2855.9,3.3,0,0,0,1,1,1,1,1,0,0,0,0,0,1,1
PB07866,Amritsar,Leather Products,44.73,20,37.1,398.9,24.2,1,0,0,1,1,1,1,1,1,0,0,0,0,1,1
PB07867,Moga,Plastic Products,867.08,1,131.8,3132.0,10.8,1,0,0,1,1,0,0,1,1,1,0,0,1,1,1
PB07868,Fatehgarh Sahib,Furniture/Wood,369.8,7,54.6,793.8,0.5,0,0,0,1,1,0,1,1,0,0,0,0,0,1,1
PB07869,Amritsar,Agro-based,1581.54,5,214.3,5038.1,17.7,0,0,0,1,1,0,1,1,1,0,0,0,0,1,1
PB07870,Jalandhar,IT/Software Services,593.05,9,101.5,1426.5,8.7,0,0,1,1,1,0,1,0,0,0,0,0,0,1,1
PB07871,Jalandhar,Engineering/Metal Fabrication,667.17,51,120.7,1733.1,0.5,0,0,0,1,1,1,1,1,0,0,0,0,0,1,1
PB07872,Ludhiana,Engineering/Metal Fabrication,218.38,7,19.7,1018.4,5.7,0,0,0,1,1,0,1,1,0,0,0,0,0,0,1
PB07873,Sangrur,Rice Milling,201.72,15,30.2,50.0,20.5,0,1,0,1,1,1,1,1,1,0,1,1,0,1,0
PB07874,Sangrur,Chemical,847.87,33,122.9,1361.9,14.7,1,1,0,1,1,1,1,1,1,1,0,1,1,1,1
PB07875,Sangrur,Leather Products,1541.52,31,210.9,4095.9,29.7,1,0,0,1,1,1,1,1,1,0,0,0,1,1,1
PB07876,Sangrur,IT/Software Services,112.94,26,2.0,786.3,0.5,0,0,1,1,1,0,1,1,0,0,0,0,0,0,1
PB07877,Moga,Rice Milling,1350.73,7,209.3,3824.6,33.5,0,1,0,1,1,0,1,1,1,0,1,1,0,1,1
PB07878,Fatehgarh Sahib,Electronics,359.22,10,64.2,523.8,4.9,0,0,0,1,1,1,1,1,0,0,0,0,0,1,1
PB07879,Bathinda,Auto Components,6000.0,8,923.4,17971.1,3.6,0,0,0,1,1,0,1,1,0,1,0,0,0,1,1
PB07880,Sangrur,Rice Milling,132.32,16,11.3,863.3,22.8,0,1,0,1,1,1,1,1,1,0,1,1,0,0,1
PB07881,Rupnagar,Pharmaceutical,814.05,12,135.7,1798.5,21.1,1,0,0,1,1,1,1,1,1,1,0,0,1,1,1
PB07882,Ludhiana,Plastic Products,6000.0,48,925.7,18997.5,13.7,1,0,0,1,1,1,1,1,1,1,0,0,1,1,1
PB07883,Rupnagar,Chemical,788.97,15,118.0,2541.5,23.8,1,1,0,1,1,1,1,1,1,1,0,1,0,1,1
PB07884,Sangrur,Furniture/Wood,1140.27,7,172.2,3352.3,9.5,0,0,0,1,1,0,1,1,0,0,0,0,0,1,1
PB07885,Bathinda,Agro-based,89.8,10,3.7,681.0,19.6,0,0,0,1,1,0,1,1,1,1,0,0,0,0,1
PB07886,Amritsar,Leather Products,1224.3,29,182.2,4042.8,19.8,1,0,0,1,1,1,0,1,1,0,0,0,1,1,1
PB07887,Mohali,Furniture/Wood,63.04,16,8.1,50.0,2.0,0,0,0,1,1,1,1,1,0,0,0,0,0,0,0
PB07888,Fatehgarh Sahib,Steel Rolling,233.59,29,4.8,1281.4,4.5,0,0,0,1,0,1,1,1,0,0,0,0,0,0,1
PB07889,Amritsar,Auto Components,450.58,11,60.9,1840.3,18.0,0,0,0,1,1,1,1,1,1,0,0,0,0,1,1
PB07890,Mohali (SAS Nagar),Furniture/Wood,1779.26,6,276.6,5355.3,10.2,1,0,0,1,1,0,1,1,1,0,0,0,1,1,1
PB07891,Sangrur,Agro-based,683.47,14,115.5,2762.3,23.1,1,0,0,1,1,1,1,1,1,0,0,0,1,1,1
PB07892,Jalandhar,Textile Dyeing,574.83,2,99.4,1517.9,19.8,0,1,0,1,1,0,0,1,1,0,0,1,0,1,1
PB07893,Ludhiana,Beverages,349.22,5,53.2,1888.1,1.7,0,0,0,1,1,0,1,1,1,0,1,0,0,1,1
PB07894,Rupnagar,Furniture/Wood,769.12,6,140.8,2150.2,3.7,0,0,0,1,1,0,1,1,0,0,0,0,0,1,1
PB07895,Mohali (SAS Nagar),Electronics,1965.8,22,309.2,6497.4,4.4,0,0,0,1,1,1,1,1,0,0,0,0,0,1,1
PB07896,Hoshiarpur,Pharmaceutical,704.41,26,92.1,2258.3,26.1,1,0,0,1,1,1,1,1,1,1,0,0,1,1,1
PB07897,Ludhiana,Chemical,114.83,15,32.5,439.4,22.3,1,1,0,1,1,1,1,1,1,0,0,1,1,1,1
PB07898,Amritsar,Textile,777.7,12,102.3,2601.0,9.0,0,0,0,1,1,1,1,1,0,0,0,0,0,1,1
PB07899,Jalandhar,Rice Milling,353.84,9,41.7,666.5,7.0,0,0,0,1,1,0,1,1,1,0,1,0,0,1,1
PB07900,Fatehgarh Sahib,Chemical,18.54,7,2.0,50.0,32.7,1,1,0,1,1,0,1,1,1,0,0,1,1,0,0
PB07901,Jalandhar,Steel Rolling,390.3,56,78.1,777.4,17.1,0,0,0,1,1,1,1,1,1,0,0,0,0,1,1
PB07902,Ludhiana,Steel Rolling,167.68,24,33.4,263.5,0.8,0,0,0,1,1,1,1,1,0,0,0,0,0,1,1
PB07903,Mohali (SAS Nagar),Cement,78.29,1,2.0,557.6,13.7,0,0,0,1,1,0,0,1,0,0,0,0,0,0,1
PB07904,Sangrur,Engineering/Metal Fabrication,720.37,2,112.5,1934.0,8.1,0,0,0,1,1,0,0,1,0,0,0,0,0,1,1
PB07905,Moga,Engineering/Metal Fabrication,136.19,11,38.5,50.0,8.2,0,0,0,1,1,1,1,0,0,0,0,0,0,1,0
PB07906,Hoshiarpur,Food Processing,429.43,34,49.8,1353.2,0.7,0,1,0,1,0,1,1,1,0,0,1,1,0,0,1
PB07907,Jalandhar,Leather Products,754.32,19,109.8,2200.0,19.2,1,0,0,1,1,1,1,1,1,0,0,0,1,1,1
PB07908,Sangrur,Electronics,295.87,70,52.3,489.6,4.2,0,0,0,1,1,1,1,1,0,0,0,0,1,1,1
PB07909,Bathinda,Pharmaceutical,2632.56,23,414.3,7477.2,20.5,1,0,0,1,1,1,1,1,1,1,0,0,1,1,1
PB07910,Rupnagar,Leather Products,31.49,1,2.0,50.0,29.6,1,0,0,1,1,0,0,1,1,0,0,0,0,0,0
PB07911,Mohali,Beverages,291.35,18,29.6,149.7,26.6,0,1,0,1,1,1,1,1,1,0,1,1,0,1,0
PB07912,Ludhiana,IT/Software Services,500.63,91,64.1,2328.2,0.5,0,0,1,1,1,0,1,1,0,0,0,0,0,1,1
PB07913,Patiala,Paper & Pulp,335.96,15,78.0,721.7,22.3,0,0,0,1,1,1,1,1,1,0,0,0,0,1,1
PB07914,Hoshiarpur,Food Processing,766.31,29,97.0,2187.7,0.5,0,0,0,1,1,1,1,1,0,0,1,0,0,1,1
PB07915,Jalandhar,Beverages,148.79,6,7.8,439.0,36.3,0,0,0,1,1,0,1,1,1,0,1,0,0,0,1
PB07916,Bathinda,Steel Rolling,3032.8,18,476.9,8327.6,0.5,0,0,0,1,1,1,1,1,0,1,0,0,0,1,1
PB07917,Mohali (SAS Nagar),Textile,1452.99,4,199.8,4488.5,4.2,1,0,0,1,1,0,0,1,1,0,0,0,1,1,1
PB07918,Ludhiana,Cement,1201.99,23,161.1,3927.6,0.5,1,0,0,1,1,1,1,1,1,1,0,0,1,1,1
PB07919,Jalandhar,Cement,200.89,9,51.2,1387.9,9.3,0,0,0,1,1,0,1,1,0,0,0,0,0,1,1
PB07920,Patiala,Furniture/Wood,165.67,32,8.8,1557.5,0.5,0,0,0,1,1,1,0,1,0,0,0,0,0,0,1
PB07921,Ludhiana,Steel Rolling,350.15,12,108.5,1842.1,20.3,0,0,0,1,1,1,1,1,0,0,0,0,0,1,1
PB07922,Mohali (SAS Nagar),Furniture/Wood,66.29,7,10.9,50.0,10.3,0,0,0,1,1,0,1,0,0,0,0,0,0,0,0
PB07923,Patiala,Steel Rolling,971.36,42,154.2,3688.8,22.7,1,0,0,1,1,1,1,1,1,0,0,0,1,1,1
PB07924,Jalandhar,Engineering/Metal Fabrication,1876.14,14,298.7,5292.9,0.5,0,0,0,1,1,1,1,1,0,0,0,0,0,1,1
PB07925,Mohali (SAS Nagar),Beverages,82.87,41,2.0,968.8,15.0,0,0,0,1,1,1,1,1,1,0,1,0,0,0,1
PB07926,Jalandhar,Chemical,145.75,24,2.3,98.1,23.3,1,1,0,1,1,1,1,1,1,0,0,1,0,0,0
PB07927,Jalandhar,Leather Products,553.3,11,89.2,2080.9,39.9,1,0,0,1,1,1,1,1,1,0,0,0,1,1,0
PB07928,Amritsar,Agro-based,1727.75,13,247.6,5086.0,8.8,0,0,0,1,1,1,1,1,0,0,0,0,0,1,1
PB07929,Amritsar,Chemical,1340.48,30,206.3,4779.5,14.1,1,1,0,1,1,1,0,1,1,1,0,1,1,1,1
PB07930,Bathinda,Leather Products,170.43,30,2.1,322.7,24.7,1,0,0,1,1,1,1,1,1,0,0,0,1,0,1
PB07931,Amritsar,Food Processing,428.64,6,37.8,1201.1,0.5,0,0,0,1,1,0,1,1,0,0,1,0,0,0,1
PB07932,Hoshiarpur,Cement,100.19,7,50.4,129.8,0.5,0,0,0,1,0,0,1,0,0,0,0,0,0,1,0
PB07933,Fatehgarh Sahib,Rice Milling,547.35,17,66.3,2294.1,14.3,0,1,0,1,1,1,1,1,1,0,1,1,0,1,1
PB07934,Jalandhar,IT/Software Services,380.52,4,81.8,875.1,6.5,0,0,1,1,1,0,0,1,0,0,0,0,0,1,1
PB07935,Bathinda,Pharmaceutical,176.16,24,15.4,50.0,22.7,1,0,0,1,1,1,1,1,1,0,0,0,1,0,0
PB07936,Ludhiana,IT/Software Services,411.1,20,70.0,1901.5,0.5,1,0,1,1,1,0,1,1,1,0,0,0,1,1,1
PB07937,Mohali,Auto Components,539.53,7,71.6,1641.0,2.1,0,0,0,1,1,0,1,1,0,0,0,0,0,1,1
PB07938,Hoshiarpur,Food Processing,284.94,6,33.9,724.8,9.4,0,1,0,1,1,0,1,1,0,0,1,1,0,1,1
PB07939,Ludhiana,Chemical,504.52,21,44.2,2073.1,14.6,1,1,0,1,1,1,1,1,1,1,0,1,1,1,0
PB07940,Bathinda,Plastic Products,717.46,8,110.0,2440.6,0.5,1,0,0,1,0,0,1,1,1,0,0,0,1,1,1
PB07941,Moga,Beverages,1250.58,6,209.5,3782.0,13.7,0,0,0,1,1,0,1,1,0,0,1,0,0,1,1
PB07942,Ludhiana,Rice Milling,1631.25,18,223.3,4807.5,47.4,0,1,0,1,1,1,1,1,1,0,1,1,0,1,1
PB07943,Moga,Furniture/Wood,247.44,52,49.4,728.1,8.4,0,0,0,1,1,1,1,1,0,0,0,0,0,1,1
PB07944,Moga,Cement,1489.24,1,193.2,4158.3,2.3,0,0,0,1,1,0,0,1,0,1,0,0,0,1,1
PB07945,Hoshiarpur,Beverages,1277.15,24,199.5,3565.0,16.2,0,1,0,1,1,1,1,0,1,0,1,1,0,1,1
PB07946,Hoshiarpur,Furniture/Wood,162.67,14,45.0,56.5,7.9,0,0,0,1,1,1,1,0,0,0,0,0,0,1,0
PB07947,Ludhiana,Leather Products,757.27,15,116.1,2418.8,19.0,1,0,0,1,1,1,1,1,1,0,0,0,1,1,1
PB07948,Mohali,Leather Products,143.76,25,49.7,1496.8,11.2,1,0,0,1,1,1,1,1,1,0,0,0,1,1,1
PB07949,Fatehgarh Sahib,Cement,336.9,25,48.1,1000.0,4.6,0,0,0,1,1,1,1,1,0,0,0,0,0,1,1
PB07950,Sangrur,Food Processing,1515.14,6,226.1,4501.7,0.5,0,1,0,1,1,1,1,1,0,0,1,1,0,1,1
PB07951,Jalandhar,Cement,909.8,36,150.9,2329.9,7.4,0,0,0,1,1,1,1,1,0,1,0,0,0,1,1
PB07952,Rupnagar,Auto Components,2014.19,40,314.3,6129.0,1.8,0,0,0,1,1,1,1,1,0,1,0,0,0,1,1
PB07953,Bathinda,Textile,274.04,14,22.2,317.2,13.8,0,0,0,1,1,1,1,1,0,0,0,0,0,0,1
PB07954,Mohali (SAS Nagar),Steel Rolling,571.49,45,98.0,847.5,12.8,0,0,0,1,0,1,1,1,0,0,0,0,0,1,1
PB07955,Bathinda,Chemical,3919.28,10,602.7,11911.5,14.2,1,0,0,1,1,1,1,1,1,1,0,0,1,1,1
PB07956,Bathinda,Paper & Pulp,1139.8,19,166.5,3764.6,18.1,0,0,0,1,0,1,0,1,1,1,0,0,0,1,1
PB07957,Moga,Chemical,217.63,19,21.5,864.8,7.0,1,1,0,1,1,1,1,1,1,0,0,1,1,0,1
PB07958,Moga,Steel Rolling,197.67,24,2.0,945.3,2.9,0,0,0,1,1,1,1,1,0,0,0,0,0,0,1
PB07959,Fatehgarh Sahib,Pharmaceutical,106.0,45,52.2,50.0,25.3,1,0,0,1,1,1,1,1,1,0,0,0,1,1,0
PB07960,Ludhiana,Electronics,1080.68,5,186.4,3527.0,0.5,0,0,0,1,1,0,1,1,0,0,0,0,0,1,1
PB07961,Rupnagar,Leather Products,231.6,34,48.3,878.2,15.5,1,0,0,1,1,1,1,1,0,0,0,0,1,1,1
PB07962,Patiala,Rice Milling,1424.65,26,215.3,4148.8,23.6,0,0,0,1,1,1,1,1,1,0,1,0,1,1,1
PB07963,Amritsar,IT/Software Services,461.88,14,54.7,1878.3,2.6,0,0,1,1,1,0,1,1,0,0,0,0,0,1,1
PB07964,Fatehgarh Sahib,Plastic Products,1830.01,103,296.3,5061.7,4.3,1,0,0,1,1,1,1,1,1,0,0,0,1,1,1
PB07965,Hoshiarpur,Pharmaceutical,1908.88,7,283.5,5712.7,24.9,1,0,0,1,1,0,1,1,1,1,0,0,0,1,1
PB07966,Hoshiarpur,Food Processing,295.75,22,31.6,956.8,0.5,0,1,0,1,1,1,1,1,0,0,1,1,0,1,1
PB07967,Patiala,IT/Software Services,622.33,15,74.6,1752.9,4.2,0,0,1,1,1,0,1,1,0,0,0,0,0,1,1
PB07968,Mohali (SAS Nagar),Auto Components,214.11,44,37.3,652.9,5.5,0,0,0,1,1,1,1,1,0,0,0,0,0,1,1
PB07969,Bathinda,Engineering/Metal Fabrication,238.41,13,53.6,429.5,0.5,0,0,0,1,1,1,1,1,0,0,0,0,0,1,1
PB07970,Bathinda,Beverages,227.06,7,37.9,1224.6,35.6,0,0,0,1,1,0,1,1,1,0,1,0,0,1,1
PB07971,Ludhiana,Auto Components,152.49,26,27.5,504.5,2.6,0,0,0,1,1,1,1,1,0,0,0,0,0,1,1
PB07972,Moga,Electronics,2494.48,9,362.1,7123.1,14.9,0,0,0,1,1,0,1,1,0,1,0,0,0,1,1
PB07973,Sangrur,Beverages,27.04,10,30.5,463.4,10.1,0,0,0,1,1,1,1,1,1,0,1,0,0,1,1
PB07974,Patiala,Auto Components,96.34,30,17.0,419.1,6.8,0,0,0,1,1,1,1,1,0,0,0,0,0,0,1
PB07975,Bathinda,Paper & Pulp,128.43,10,25.0,230.8,19.6,0,1,0,1,1,1,1,1,1,0,0,1,0,1,1
PB07976,Mohali (SAS Nagar),IT/Software Services,775.08,16,126.6,2322.3,0.8,0,0,1,1,1,0,1,1,0,1,0,0,0,1,1
PB07977,Hoshiarpur,Leather Products,117.34,16,2.0,286.9,22.2,1,0,0,1,1,0,1,1,1,0,0,0,1,0,1
PB07978,Rupnagar,Cement,89.92,37,14.3,1045.2,4.3,0,0,0,1,1,1,1,1,0,0,0,0,0,0,1
PB07979,Bathinda,Textile Dyeing,278.69,15,59.4,450.0,20.1,0,1,0,1,1,1,1,1,1,0,0,1,0,1,1
PB07980,Ludhiana,Auto Components,1500.84,11,244.7,4103.7,0.5,0,0,0,1,1,1,1,1,0,0,0,0,0,1,1
PB07981,Sangrur,Textile Dyeing,619.96,67,100.3,1613.8,30.4,0,0,0,1,1,1,1,1,1,0,0,0,0,1,1
PB07982,Mohali,Steel Rolling,218.99,14,56.8,512.8,7.8,0,0,0,1,1,1,1,1,0,0,0,0,0,1,1
PB07983,Jalandhar,Textile,3640.13,7,552.5,11182.7,3.3,0,0,0,1,1,0,1,1,0,1,0,0,0,1,1
PB07984,Patiala,Cement,2376.22,12,363.4,6389.2,26.2,0,0,0,1,1,1,1,1,1,1,0,0,0,1,1
PB07985,Ludhiana,Rice Milling,903.62,12,120.8,2924.7,20.2,0,1,0,1,1,1,1,1,1,0,1,1,1,1,1
PB07986,Amritsar,Leather Products,359.75,17,47.6,237.3,7.1,1,0,0,1,1,1,1,1,1,0,0,0,1,0,1
PB07987,Hoshiarpur,Leather Products,1273.88,33,188.7,4466.0,31.5,1,0,0,1,1,1,1,1,1,0,0,0,1,1,1
PB07988,Ludhiana,Electronics,109.77,11,62.6,50.0,17.2,0,0,0,1,1,1,1,0,1,0,0,0,0,1,0
PB07989,Rupnagar,Rice Milling,457.58,15,76.5,929.9,24.2,0,1,0,1,1,1,1,1,1,0,1,1,0,1,1
PB07990,Ludhiana,Furniture/Wood,138.79,8,2.2,984.8,0.5,0,0,0,1,1,0,1,1,0,0,0,0,0,0,1
PB07991,Patiala,Textile,377.85,9,80.3,1099.1,1.3,0,0,0,1,1,0,1,1,0,0,0,0,0,1,1
PB07992,Fatehgarh Sahib,Beverages,255.65,43,46.3,306.4,31.4,0,0,0,1,1,1,0,0,1,0,1,0,0,1,1
PB07993,Moga,Steel Rolling,191.04,17,27.0,50.0,0.5,0,0,0,1,1,1,1,1,0,0,0,0,0,1,0
PB07994,Fatehgarh Sahib,Beverages,75.38,17,52.2,1286.8,28.7,0,1,0,1,1,1,1,1,1,0,1,1,0,1,1
PB07995,Patiala,Textile,343.84,17,71.0,963.7,5.0,0,0,0,1,1,1,1,1,0,0,0,0,0,1,1
PB07996,Amritsar,Electronics,128.14,17,19.3,50.0,0.5,1,0,0,1,1,1,1,1,1,0,0,0,1,0,0
PB07997,Fatehgarh Sahib,Engineering/Metal Fabrication,3378.3,11,483.9,10292.2,3.0,0,0,0,1,1,1,1,1,0,1,0,0,0,1,1
PB07998,Sangrur,Beverages,278.34,11,30.9,512.7,17.9,0,1,0,1,1,1,1,1,1,0,1,1,0,1,0
PB07999,Bathinda,Chemical,376.24,69,56.1,896.4,16.1,1,1,0,1,1,1,1,1,1,0,0,1,1,1,1
PB08000,Sangrur,IT/Software Services,493.71,14,115.5,639.3,0.6,0,0,1,1,1,0,1,1,0,0,0,0,0,1,1
